Date,log_open,log_high,log_low,log_close,log_volume,STL_trend,STL_seasonal,STL_remainder,rSTL_trend,rSTL_seasonal,rSTL_remainder,Sample
2014-09-17,6.1438937754446235,6.148840045613584,6.114615366181032,6.125414009922733,16.862734153797,5.991804914010336,0.12599968434085887,0.0076094115715381605,5.99446067580364,0.11087240759947896,0.020080926519614017,development
2014-09-18,6.124376966270449,6.124376966270449,6.023699386682062,6.050770658659899,17.355982835877647,5.988774286846962,0.09367999764424646,-0.03168362583130868,5.991256831088746,0.077996697487158,-0.018482869916005562,development
2014-09-19,6.049976342713538,6.058737587365999,5.952027043997456,5.978369150466204,17.45098135029891,5.985735706891046,0.048537335263340864,-0.05590389168818355,5.988054259852071,0.027188696726662253,-0.03687380611252955,development
2014-09-20,5.978057584586103,6.048071674295142,5.965846682829254,6.013480389367458,17.422735199411417,5.982689657631647,0.0598102581688251,-0.02901952643301353,5.984853353420942,0.045805518390013594,-0.017178482443497067,development
2014-09-21,6.011475465210125,6.0220567833764695,5.974270065131917,5.988512730781646,17.095673411091663,5.979637474176074,0.037615519691534635,-0.02874026308596278,5.98165503777376,0.023764813591892062,-0.016907120584006563,development
2014-09-22,5.989212027339078,6.008606739318336,5.9842636953431265,5.99683014674803,16.99886701284937,5.976581126724973,0.039978177711288594,-0.019729157688232135,5.978460633810714,0.029239368891133214,-0.01086985595381762,development
2014-09-23,5.996680944270365,6.090307132433454,5.981911539586444,6.077162736431489,17.624381740110145,5.973523129223538,0.05757626088949031,0.04606334631846032,5.975271793481349,0.05694275708717074,0.04494818586296834,development
2014-09-24,6.077070995585067,6.0778990899482785,6.042946296424287,6.047856663555955,17.2374154188585,5.970466290288188,0.04355922073251796,0.03383115253524949,5.972090311639637,0.048745965398414366,0.027020386517903283,development
2014-09-25,6.047740919327455,6.0486007125059915,6.014858724657278,6.019988846231765,17.10444965190614,5.967413056213118,0.021948638207970352,0.030627151810676878,5.96891762759742,0.03463075562420827,0.01644046301013713,development
2014-09-26,6.019636430740838,6.028129083282421,5.9914870536047085,6.002466275049472,16.881738619726548,5.964365450887196,0.013897456006867379,0.024203368155409244,5.965754827316865,0.022891747448484132,0.013819700284122938,development
2014-09-27,6.00031526321035,6.007886431322901,5.98487289306235,5.990263798998423,16.525512253661645,5.961325125303935,-0.0003867540481995739,0.029325427742687538,5.962602755275975,0.008507371113579855,0.019153672608868355,development
2014-09-28,5.990141192610549,5.994003816183709,5.925143106046187,5.932725177804499,16.977320712926968,5.958293383305306,-0.03508906550960164,0.009520860008794152,5.9594620311331985,-0.023935471760106533,-0.002801381568593442,development
2014-09-29,5.932054211653613,5.953791232216246,5.919538781209292,5.928170612484538,17.296679906336344,5.955271156590677,-0.05491765079008706,0.027817106683948545,5.956333033901978,-0.04402597496638365,0.015863553548943976,development
2014-09-30,5.929823192328092,5.968648708381521,5.922765364276009,5.958279980233809,17.362460626243596,5.952259090921145,-0.01387429161812632,0.019895180930790346,5.953216026017222,-0.004456380785965757,0.009520335002552116,development
2014-10-01,5.959527449111812,5.969676394350069,5.942221777378104,5.949639419930859,17.082391515135484,5.949257393630467,-0.024216826571270687,0.02459885287166319,5.950111019458477,-0.011623244388218993,0.011151644860601273,development
2014-10-02,5.950611319287472,5.9545334349966375,5.9214336756568455,5.927117983545377,16.896397114342154,5.9462657783493515,-0.04991850319633057,0.03077070839235585,5.947017740444377,-0.022780033244994415,0.0028802763459943037,development
2014-10-03,5.927408575657914,5.93408701093896,5.880139078661635,5.884747537939812,17.246305608426574,5.943283327968778,-0.07109508396566488,0.012559293936699412,5.9439355912153395,-0.0735247422350661,0.014336688959538435,development
2014-10-04,5.8858039817175145,5.898490884145976,5.786547584918989,5.795650364755445,17.67067747796428,5.940308325635972,-0.13074198169187273,-0.013915979188654504,5.940863627911428,-0.14091428333057998,-0.004298979825403393,development
2014-10-05,5.795802353716632,5.8342286814437845,5.667450350842126,5.769913507698295,18.23805630529433,5.937338295785195,-0.14286681509001753,-0.024557972996882782,5.937800421537393,-0.14663867989837337,-0.021248233940724504,development
2014-10-06,5.7695359062411145,5.843932755241504,5.712279596977837,5.79933205004554,18.185107779022086,5.934370163010544,-0.10218578801917486,-0.03285232494582946,5.934744143630546,-0.1172126248771665,-0.018199468707839728,development
2014-10-07,5.800860832433305,5.826728483053423,5.769826095687456,5.817667587569123,17.71140216926539,5.931400302592695,-0.07895842874423149,-0.034774286279340316,5.9316926956432505,-0.08438757238530546,-0.029637535688821437,development
2014-10-08,5.817456330444543,5.870324672096686,5.79053489348017,5.8662980776151095,17.818037685307466,5.928424514039072,-0.051728076049229195,-0.010398360374733961,5.9286436930975475,-0.061368262079318926,-0.0009773534031189968,development
2014-10-09,5.865753880723709,5.947319362946276,5.8513026834124515,5.899968586661794,18.24204564381955,5.925437793689843,-0.03352644821876313,0.008057241190713604,5.92559443662652,-0.03342885888487495,0.007803008920149068,development
2014-10-10,5.899039483525394,5.927104639618044,5.866363271556815,5.890433566859858,17.59207347774897,5.922433567271819,-0.024790874841234285,-0.007209125570725838,5.922541443626096,-0.016851401331753155,-0.015256475434483718,development
2014-10-11,5.889880224594268,5.905882174514137,5.87479304946427,5.892469868667387,16.40666740252824,5.919402517269675,-0.01926761582735841,-0.007665032774929692,5.919480002533492,-0.014772616036133212,-0.012237517829971623,development
2014-10-12,5.893316810870574,5.938678069793252,5.8753351785464165,5.936345552473523,16.680724096280844,5.916331167124066,0.016057312889320146,0.003957072460137212,5.9164041131475065,0.028545415379508145,-0.00860397605349128,development
2014-10-13,5.9346851526075985,5.984505421466627,5.910517480958899,5.967207718393772,17.377164438776113,5.913199544855716,0.0959345237459394,-0.04192635020788327,5.9133063579348395,0.07871815297109865,-0.02481679251216562,development
2014-10-14,5.97047578118243,6.0202900659998875,5.9695358743830145,5.993637172996186,17.465948021641676,5.909978538057998,0.11108192987940578,-0.02742329494121787,5.910178499979193,0.10917990866360171,-0.025721235646608775,development
2014-10-15,5.993849168137914,5.997016580258657,5.962977597567041,5.978310942253881,17.04501375177036,5.906631752466738,0.08936401088515686,-0.017684821098013614,5.9070149439219115,0.0937915004154131,-0.022495502083444308,development
2014-10-16,5.977664780309046,5.988477607642465,5.921766089164157,5.946875047256349,17.110977022044946,5.903132480929367,0.04973134888768487,-0.0059887825607019,5.903820876472784,0.04271562676048687,0.0003385440230792014,development
2014-10-17,5.94739774179523,5.954484114331627,5.9279628418909756,5.9500121341240915,16.425631893495574,5.900260285425504,0.07194423148898525,-0.022192382790398035,5.901438507155345,0.07559169917818173,-0.027018072209434862,development
2014-10-18,5.950580085011668,5.979285658350799,5.937459706905856,5.969837320797957,16.250596600358534,5.897612315175566,0.04960388894710573,0.022621116675285435,5.899270359006774,0.052057324781500845,0.018509637009682223,development
2014-10-19,5.9693569598213285,5.976196063299759,5.957020608798294,5.964981932794992,15.592929525291852,5.895239308346393,0.012747313429057104,0.05699531101954225,5.897339848896382,0.013393021760217604,0.054249062138392645,development
2014-10-20,5.964172965590568,5.966362138744041,5.935560677703858,5.94763021066313,16.61394981969921,5.893180133550375,0.028734218763163143,0.025715858349591336,5.8956634255704765,0.030794027010416922,0.021172758082236065,development
2014-10-21,5.9465220698382,5.972908432646774,5.942363623770421,5.957067198666083,16.467970597229222,5.891460915845265,0.015691713846837013,0.049914568973981055,5.894250067275757,0.015173077700162758,0.047644053690163446,development
2014-10-22,5.956143052013771,5.962488746048217,5.946072210142522,5.948447409345689,16.27006976378124,5.890092442970651,0.011771123851628366,0.0465838425234093,5.893099299371883,0.012412324790144159,0.042935785183661146,development
2014-10-23,5.947935782171021,5.953368012748868,5.876185535951349,5.881697091249218,17.091027589610572,5.889066785203855,0.03032414578109103,-0.03769383973572893,5.892198025800127,0.03057481701995948,-0.041075751570868846,development
2014-10-24,5.882182472735852,5.898101224247233,5.86733168588144,5.8814962128519115,16.56186444931866,5.888359499453871,0.03071544323962851,-0.03757872984158794,5.891518878283515,0.031021003876853366,-0.04104366930845682,development
2014-10-25,5.882238214354314,5.88571782465969,5.837371823684553,5.850105443737469,16.71294073539269,5.88793422338052,0.01471426294023739,-0.05254304258328801,5.891025152929859,0.018880581791040248,-0.059800290983430315,development
2014-10-26,5.850727252794227,5.883937821076358,5.840441055277399,5.871283667044118,16.237876777988838,5.887746476439187,0.015547803530651152,-0.032010612925720494,5.890676946030484,0.015832507018442524,-0.0352257860048093,development
2014-10-27,5.871489445911756,5.882296761040904,5.857387264083832,5.866436933786087,16.382995237241158,5.887751316628518,0.010911772259619933,-0.032226155102050846,5.8904405391336425,0.010750618091500234,-0.0347542234390561,development
2014-10-28,5.867076926208995,5.886059610463558,5.865558253952923,5.879465409760254,15.875499238672557,5.8879090543898105,-0.006996427230290565,-0.0014472173992663429,5.890293212792725,-0.008348193891901348,-0.002479609140570105,development
2014-10-29,5.877985020464997,5.880066418915799,5.81515385014578,5.815893166724784,16.716531027651346,5.888181525933608,-0.021700697855535894,-0.05058766135328785,5.890217266933674,-0.019854376816883592,-0.05446972339200595,development
2014-10-30,5.816244757661768,5.860538313536459,5.814345407245153,5.844428063312557,17.222620459514864,5.888530955221169,-0.002127532709015339,-0.04197535919959705,5.890196234156549,-0.002032203898560378,-0.043735966945432025,development
2014-10-31,5.843570511473506,5.852331820260208,5.820504201545844,5.8239951915045,16.34486470219806,5.888923940262295,-0.008189730514984587,-0.056739018242810246,5.8902177729979766,-0.006125636823653652,-0.06009694466982296,development
2014-11-01,5.824967107648215,5.8305002664583725,5.771612425279395,5.786127124365486,16.62955313505852,5.889337652451804,-0.02277150253606328,-0.0804390255502545,5.890276891642671,-0.003852205032955149,-0.10029756224422925,development
2014-11-02,5.787127453671052,5.796209677825695,5.770275356972732,5.786566032918591,15.967693719120154,5.8897630947928805,-0.0379271552133226,-0.06526990666096655,5.890375802395198,-0.03079428776557433,-0.07301548171103267,development
2014-11-03,5.785574421364836,5.811147023497439,5.785304049804437,5.791652883017153,16.376490586514183,5.890205300908013,-0.0713262865925835,-0.02722613129827689,5.890524938625851,-0.07600493104364495,-0.022867124565053132,development
2014-11-04,5.790452437176098,5.80443291018152,5.784062064424805,5.800582466563395,16.566332914785665,5.890679763398605,-0.0888427893920792,-0.0012545074431304926,5.890740233119921,-0.10597930860624917,0.01582154204972408,development
2014-11-05,5.801160254592366,5.8388056357073745,5.801160254592366,5.82743268664829,16.802060855904593,5.891208090673783,-0.06865428496005048,0.004878880934557905,5.891039150585534,-0.10084339951125308,0.037236935574008534,development
2014-11-06,5.827350250983471,5.866371744646692,5.824299580297618,5.855902547052113,16.749207893798708,5.891811834985002,-0.04727066790498452,0.011361379972096408,5.8914377969881935,-0.06597691334982865,0.030441663413748543,development
2014-11-07,5.857412999797892,5.865708546481924,5.834155554641212,5.83602347654292,16.63892314880356,5.892510129604541,-0.027821310121754005,-0.02866534293986689,5.891947297928808,-0.0365499900698425,-0.019373831316046086,development
2014-11-08,5.835260903850985,5.849417031887484,5.835260903850985,5.844957929435889,15.959741097222338,5.8933222728262376,-0.01341883673681932,-0.03494550665352936,5.8925773489339015,-0.015146467842872135,-0.03247295165513986,development
2014-11-09,5.844633699200241,5.89612588642308,5.841382676065172,5.895129863578892,17.002094610628347,5.894267795730414,-0.008342862910369887,0.009204930758847318,5.893342194699267,-0.01054726647186604,0.01233493535149055,development
2014-11-10,5.8923760285129925,5.926435264233233,5.879305989814094,5.905154772664988,17.23159986902765,5.895362540792527,-0.0029709099159775957,0.012763141788438404,5.894255947023648,-0.005344018953614727,0.016242844594954065,development
2014-11-11,5.902242531911798,5.917037286756439,5.896425540382914,5.907253810026301,16.57797956063043,5.896612264500497,0.014642487192667884,-0.004000941666864044,5.8953237896076836,0.012853732564567259,-0.0009237121459495512,development
2014-11-12,5.908042136793088,6.063129149574395,5.908042136793088,6.048697552360366,17.63942779140735,5.8980110616587975,0.07093765418730984,0.07974883651425912,5.896537038088877,0.045031935799423606,0.10712857847206525,development
2014-11-13,6.057423177303815,6.12488684306293,5.9942680780400375,6.042003147110353,17.89211538067333,5.899537235412573,0.0801305108771087,0.062335400820670905,5.8978680569964945,0.0677829456823629,0.07635214443149518,development
2014-11-14,6.036478524258751,6.038472204985159,5.95269513600261,5.9859945971717075,17.202920021646158,5.901153962158857,0.04653185997504182,0.03830877503780794,5.899271083973593,0.06012606116731429,0.026597452030800106,development
2014-11-15,5.990589148808673,6.005189958961864,5.916223613857685,5.9299427925507855,16.570921394009215,5.902809657060219,-0.005668871999859356,0.03280200749042539,5.900682831693772,0.030569512700218866,-0.0013095518432058029,development
2014-11-16,5.926205796000396,5.968193389970954,5.925864101528183,5.960701140008746,16.292519519619216,5.904441508929408,0.019744385037292533,0.036515246042045035,5.902026658738936,0.04649265385629579,0.01218182741351459,development
2014-11-17,5.961904417290556,6.016642420233096,5.933575904303984,5.959478374146917,17.541656918755614,5.905983499341485,0.005629030234895142,0.047865844570536886,5.903219043129751,0.026874307994939808,0.029385023022225454,development
2014-11-18,5.96045107187002,5.972286845160275,5.9165173886282,5.927453881296938,17.288175555295286,5.907374661698341,-0.023144935288869253,0.04322415488746589,5.904180068302136,-7.675601595783698e-05,0.023350569010760935,development
2014-11-19,5.923977673447529,5.9570826753557,5.923977673447529,5.941630694322516,16.75635365864942,5.908556039637655,-0.0017753242267043085,0.03484997891156549,5.9048399160020795,0.017164706179508653,0.019626072140927597,development
2014-11-20,5.940978839166275,5.945486035523779,5.877122164703642,5.880085948784776,17.04367118534008,5.909470106501383,-0.005174855150318808,-0.024209302566287505,5.905140502283083,0.00807950994700658,-0.033134063445313444,development
2014-11-21,5.880194934295458,5.880194934295458,5.840967184325611,5.860353058153345,17.21169878138175,5.91006880624404,-0.014128034515376947,-0.035587713575318425,5.905040876384229,-0.0010079833844955865,-0.04367983484638849,development
2014-11-22,5.8625055534026105,5.8994616515548595,5.8604385581939935,5.866241440322848,16.5415971870276,5.910320312078917,0.0058130232501575905,-0.04989189500622615,5.904521900296515,0.008383529975849001,-0.046663989949515816,development
2014-11-23,5.866963650253946,5.91578418878742,5.866963650253946,5.906921932941373,16.533616760903932,5.9102063628675445,0.018879750120586007,-0.02216418004675802,5.90358313168011,0.013909341051112868,-0.010570539789849676,development
2014-11-24,5.905220143192022,5.958964637414452,5.904459550916177,5.931982556146453,17.247240410094008,5.909718680174579,0.006990740579896388,0.015273135391978165,5.902238986844645,0.0014752623993955181,0.028268306902412554,development
2014-11-25,5.931942718101342,5.978128487859482,5.9263498509467905,5.9278535740646445,17.05191980998939,5.908855810576856,0.01783330736324383,0.0011644561245445217,5.900519643774008,0.008156559121892648,0.01917737116874374,development
2014-11-26,5.929639707271094,5.9340949292013185,5.902130500718046,5.909087854538687,16.73876358611489,5.907621099401375,0.022476595015511937,-0.021009839878199266,5.898466024576426,0.012200854620719737,-0.0015790246584588274,development
2014-11-27,5.914858881158612,5.924234418576381,5.908848984082996,5.912610752022701,15.98433920443964,5.906021383049342,0.022009013421991793,-0.01541964444863364,5.896120744622334,0.006205619408425394,0.010284387991941202,development
2014-11-28,5.911809661659184,5.947611956372847,5.881803091765793,5.930777243170814,16.948676020973696,5.904070527562089,0.009932810354121087,0.016773905254604315,5.893525392344471,0.0025265222758916244,0.03472532855045163,development
2014-11-29,5.929993338553724,5.9599764940482824,5.919283533714594,5.928234495683756,16.54829246032378,5.901787664378754,0.008343684643277578,0.018103146661724523,5.890717968854289,-0.0014501489732590606,0.03896667580272606,development
2014-11-30,5.928285128105881,5.946799260185628,5.922406469477299,5.935018518843516,16.0341096202628,5.899192600359862,0.005685992568138502,0.030139925915515953,5.887724026560823,-0.0029386406000406194,0.05023313288273368,development
2014-12-01,5.935552690140136,5.949761923541516,5.931366834434915,5.938182421305703,16.280469654954903,5.896305786963885,1.0553120470617157e-05,0.04186608122134672,5.884557531098968,0.011394516987552904,0.04223037321918088,development
2014-12-02,5.938195618228642,5.950741491443117,5.934531713528775,5.943625811486833,16.330307751078166,5.893145101095382,-0.00966532272220265,0.06014603311365363,5.881230606696941,0.009261960730771651,0.053133244059120344,development
2014-12-03,5.944692555420266,5.948102874604838,5.92518052560395,5.926952718414165,16.40628516963748,5.889724998518405,-0.017300149847966646,0.05452786974372614,5.877753082652213,-0.01583178722226817,0.06503142298421949,development
2014-12-04,5.928838827664928,5.936625497110087,5.907427839671367,5.912432172771623,16.491698574742717,5.886061961813267,-0.03745250904256266,0.06382272000091849,5.8741298641767,-0.06522332082401311,0.10352562941893595,development
2014-12-05,5.911993721566183,5.938042636455015,5.90196647722242,5.931857854884756,16.53560796584549,5.882176103523916,-0.036941841880452304,0.08662359324129199,5.870361404075993,-0.0815465662211265,0.14304301702988909,development
2014-12-06,5.931600386770532,5.9360786737425055,5.916053823318648,5.926352538091002,15.762751392693135,5.878087783315649,-0.01821233922527957,0.06647709400063295,5.866452671785958,-0.0468919471002209,0.10679181340526434,development
2014-12-07,5.926488592977215,5.930365417011548,5.922315397070888,5.927179330419463,15.686027447699615,5.873806623809697,-0.007968296579946237,0.06134100318971214,5.862410679320302,-0.013227636712431342,0.07799628781159296,development
2014-12-08,5.926832678413663,5.929666246002518,5.891329207244661,5.8913927896141205,16.754603747509115,5.869324318585847,0.0034440094603190173,0.018624461567954498,5.8582354587898315,0.001299726703579184,0.03185760412070948,development
2014-12-09,5.891354084107435,5.894587351951159,5.843402345490401,5.864253124477335,17.309454259792126,5.864619898630092,0.0077591004288792365,-0.00812587458163705,5.853916700785228,-0.004932790461127932,0.015269214153234678,development
2014-12-10,5.864213354394585,5.864721497742183,5.847493104028648,5.847493104028648,16.614479553259887,5.8596725446770686,0.012395915687320413,-0.024575356335740928,5.849438516352842,0.0031648635950814095,-0.005110275919276042,development
2014-12-11,5.841629530603132,5.889866374397882,5.825300749317278,5.859377858966627,17.294634594654283,5.854464242633631,0.013561129671689764,-0.00864751333869318,5.844779759912362,-0.00462804558038059,0.019226144634645337,development
2014-12-12,5.8603103490020105,5.866419901949501,5.8559053430056505,5.865169741965799,16.6481237808073,5.848974411403699,0.048583317458748505,-0.03238798689664879,5.83990740601925,0.01117978867652516,0.014082547270023227,development
2014-12-13,5.864713010658013,5.864713010658013,5.8481367912823785,5.8504077872308295,16.273037531989054,5.843189648543484,0.05140949175848919,-0.04419135307114441,5.83479364804671,0.02757058352148086,-0.011956444337361205,development
2014-12-14,5.848537697079542,5.867362867519026,5.844755275819791,5.862585141479209,16.334432166885975,5.837101079579097,0.008305125066333494,0.017178936833778913,5.829422184738276,0.02420608194033135,0.008956874800601256,development
2014-12-15,5.861814163330674,5.863105476078679,5.843353066841022,5.84454392083923,16.664145609137023,5.830699030044902,-0.0506733882012288,0.06451827899555695,5.823780700591552,0.018590948717095768,0.0021722715305818596,development
2014-12-16,5.845493253626713,5.846031202994173,5.790149791144498,5.790149791144498,17.245130206288383,5.82397056989284,-0.026251566934560454,-0.007569211813780896,5.817855642637932,0.03186697919262651,-0.05957283068606056,development
2014-12-17,5.789516681132895,5.811003288885149,5.753055087825222,5.767620753806568,17.441660546944966,5.816885819963751,-0.03858878392263551,-0.010676282234547863,5.811638074293902,0.0010805616666582007,-0.0450978821539918,development
2014-12-18,5.767648906554888,5.779845010096461,5.717790550494432,5.741065401577995,17.483498317463443,5.809394634889398,-0.06267357211513132,-0.005655661196271922,5.80513111616381,-0.01853027691388866,-0.04553543767192725,development
2014-12-19,5.740368263031899,5.763726047356424,5.72609506211041,5.761557509587024,16.986166298136858,5.801452551882187,-0.03311466036219012,-0.006780381932973256,5.79835363410976,0.0033598385453300576,-0.04015596306806568,development
2014-12-20,5.760852513480081,5.800077055233603,5.755881464334115,5.798959293144058,16.853185845461386,5.793034095624043,-0.03095424404369883,0.03687944156371348,5.791341313457434,-0.003986892147807006,0.011604871834430597,development
2014-12-21,5.797706844062651,5.7979677729275485,5.764887028659307,5.7709518667034825,16.53730592661475,5.7841295493953755,-0.043652599905928326,0.03047491721403528,5.784138772731262,-0.01545492477876685,0.002268018750987366,development
2014-12-22,5.77165291752243,5.811491244206427,5.769648201541455,5.804791495177101,16.920774182138782,5.77474317984622,-0.015524468085772408,0.04557278341665327,5.7767932195673986,-0.005315183452406938,0.03331345906210892,development
2014-12-23,5.805186167304624,5.817964924271762,5.797885834728261,5.812852076142781,16.623357887746092,5.76489108329185,0.008673386240708156,0.039287606610223236,5.769350147126115,0.00012127516454980337,0.043380653852116424,development
2014-12-24,5.812293053052669,5.813357090408293,5.772552637878841,5.776208546493924,16.529695304208825,5.7546013193308285,0.0012157716982518193,0.020391455464843666,5.761850944747746,-0.013397478612656328,0.027755080358835116,development
2014-12-25,5.775439383287391,5.7766301706621155,5.758769297594799,5.7652161670475355,16.106391524103604,5.743919892279879,0.020241720802666403,0.0010545539649893243,5.754332792259468,0.0017614452943338316,0.009121929493733916,development
2014-12-26,5.765667503707965,5.803398556200038,5.75772446977022,5.792781908373038,16.61343199276477,5.732908507054187,0.03270879855735403,0.02716460276149668,5.746818845863276,0.01372305469188938,0.032240007817873284,development
2014-12-27,5.791741481891316,5.795787229983396,5.745020398345925,5.755308596170746,16.53583189312117,5.721638943285982,0.04673963035088702,-0.013069977466122928,5.73930988613188,0.01576638678464758,0.00023232325421851385,development
2014-12-28,5.756248426262438,5.768408539149241,5.740043693914146,5.759655476207638,16.273097482738677,5.710190136123644,0.040156058122876,0.009309281961118465,5.731790072440575,0.02513318375157054,0.002732220015492892,development
2014-12-29,5.761110653640787,5.7691550175883854,5.743986700156463,5.745148364118783,16.32531313300656,5.69864768176261,0.018611568034998367,0.027889114321173913,5.724239421146468,0.0009508189525939621,0.019958124019720636,development
2014-12-30,5.745305004864023,5.751966075538232,5.734547622756306,5.7389468936347425,16.34350072310545,5.687101881406543,0.020031021586005834,0.0318139906421937,5.71664690704321,0.0031734708911971186,0.019126515700334856,development
2014-12-31,5.7395163514317975,5.768923917749795,5.737252706271201,5.768923917749795,16.450481047814865,5.675634473040385,0.02379024344541732,0.06949920126399256,5.709012857968293,0.027428133483108567,0.032482926298393444,development
2015-01-01,5.769679440190235,5.769679440190235,5.749402510385188,5.750185642691952,15.89951056901736,5.664304192932262,0.01894246341269936,0.06693898634699114,5.701333303805848,0.04915766524764087,-0.0003053263615369062,development
2015-01-02,5.749644578460014,5.755232556202003,5.748006682758771,5.7526742619158,15.877379985403117,5.653146067940163,0.0326425055801149,0.066885688395522,5.693598765490481,0.03896805000192431,0.02010744642339457,development
2015-01-03,5.752083656753701,5.753048696603257,5.638646444201041,5.638646444201041,17.31366527727266,5.642170135727875,0.009939786581741387,-0.013463478108575622,5.685799142684497,-0.023840111087983763,-0.023312587395472484,development
2015-01-04,5.638874093484395,5.660283326840182,5.551454575055233,5.576687494483474,17.834217021575757,5.63136547294656,-0.007622551293149871,-0.04705542716993527,5.677930179597247,-0.06585213575084876,-0.03539054936292452,development
2015-01-05,5.580046813098989,5.628846992928803,5.580046813098989,5.614856535151763,17.59885440248532,5.6207181287357715,0.006513297569269317,-0.012374891153277723,5.669991467323466,-0.027736481068759016,-0.027398451102943255,development
2015-01-06,5.615355523122617,5.661407222372097,5.608357674416538,5.65665241564935,16.961630769675125,5.61022560304302,0.010202005033796096,0.03622480757253399,5.661996624965852,0.011325677000327192,-0.016669886316829086,development
2015-01-07,5.656260990671622,5.699620484913508,5.645726045956874,5.6847253884152105,17.02904417863606,5.599895956640408,0.01870285842735086,0.06612657334745187,5.65397051485823,0.018565824420117484,0.012189049136862806,development
2015-01-08,5.684038878937623,5.684038878937623,5.642527402606109,5.6466793498760195,16.810367498526098,5.589739805980735,0.02088392984077485,0.03605561405450963,5.645934710188164,-0.001967153372924245,0.0027117930607802876,development
2015-01-09,5.643264289925138,5.673714990094407,5.63669132767295,5.671286794624533,16.745028293315094,5.579761925953313,0.023823579859540082,0.06770128881167992,5.637896414569901,0.007564689254615953,0.02582569080001651,development
2015-01-10,5.660537439303179,5.663401404442313,5.613004023507626,5.616028967810865,16.541027392077453,5.569962728345034,0.0123240680376024,0.03374217142822822,5.629851314456393,-0.02666477578360396,0.012842429138076206,development
2015-01-11,5.615344632384925,5.633495911353595,5.579876990628673,5.582217309631933,16.716976162067578,5.560341228269979,0.020603805172839183,0.0012722761891152956,5.621795474469058,-0.028728015429669813,-0.010850149407454879,development
2015-01-12,5.584045015733299,5.606548122118307,5.580484304314723,5.5902254592838725,16.753629661351155,5.550890339873216,0.01792323912028488,0.021411880290371776,5.613726690899633,-0.016416814537479223,-0.0070844170782820015,development
2015-01-13,5.588723272868906,5.592020059014885,5.393200209147732,5.419919732158181,18.103829422040167,5.541595195027272,-0.028327852136678246,-0.09334761073241182,5.605656270925784,-0.018041303460824252,-0.16769523530677777,development
2015-01-14,5.411172713062192,5.411172713062192,5.144641541875888,5.182362016656017,18.396784540394115,5.532442603856044,-0.0865135281143278,-0.2635670590856991,5.597608618263161,0.007571130811416274,-0.4228177324185598,development
2015-01-15,5.175567660377814,5.434014542856515,5.175567660377814,5.346364369403398,18.219463849350618,5.5234355624014935,-0.022709201585095238,-0.15436199141300033,5.58961321940635,0.045257856150957114,-0.2885067061539086,development
2015-01-16,5.342669159035071,5.400833355673541,5.2971716910123785,5.338004317630137,17.46411476910375,5.514599939952493,-0.0529142832952138,-0.12368133902714273,5.581713133046817,-0.010682198626645344,-0.23302661679003478,development
2015-01-17,5.3367396822207,5.355316614277288,5.27235832737794,5.294610477014582,16.971220828078394,5.505986583635982,-0.08395526962128519,-0.1274208370001153,5.573966274233577,-0.028893319660029584,-0.25046247755896545,development
2015-01-18,5.29856735079937,5.387678098432653,5.270462993945692,5.348720536267143,17.219540623785683,5.497661990594363,-0.04617921032812117,-0.1027622439990985,5.5664349699848215,-0.0013810833491989772,-0.21633335036847967,development
2015-01-19,5.354087840144387,5.378643096320887,5.334253813552488,5.369991272049288,16.741801698863,5.489694360170268,-0.040845141872173814,-0.0788579462488066,5.559167293394981,-0.0067502565066173015,-0.1824257648390759,development
2015-01-20,5.360855439842133,5.371758318042932,5.323756041740091,5.353349922574857,16.99569133309397,5.482155903989686,-0.047945463458597154,-0.08086051795623206,5.552195725024979,-0.013003920875809493,-0.18584188157431214,development
2015-01-21,5.3536480282885295,5.428415347253763,5.352862394913478,5.424496184118143,17.214191475986087,5.475119825138211,-0.008337853519201603,-0.04228578750086598,5.545531390985871,0.005359662606816803,-0.12639486947454426,development
2015-01-22,5.426367541834284,5.468140294884759,5.422453536904983,5.452779451740754,17.328386484438273,5.4686562294841075,0.009422251996215391,-0.025299029739569434,5.539160014265211,0.003288982042865496,-0.08966954456732257,development
2015-01-23,5.453254872317989,5.458925727170894,5.416971130121928,5.450518995924157,17.019138766504557,5.4628305834500654,-0.012385394823981611,7.380729807326958e-05,5.533051943105289,-0.02855406581763948,-0.05397888136349316,development
2015-01-24,5.449750056986372,5.514275189040792,5.438174970434444,5.512811620701584,17.025648357240243,5.457696906100852,0.008740893498538847,0.04637382110219335,5.527167269483669,-0.010664806105908869,-0.0036908426761765867,development
2015-01-25,5.510812443563646,5.541553719132318,5.496717301511206,5.536223423094466,17.329521641161573,5.453292911734074,0.024459993765758338,0.05847051759463362,5.521461271427339,0.005030467704356393,0.009731683962770354,development
2015-01-26,5.537645221816688,5.7345832325359325,5.537645221816688,5.61120286707735,18.486412312500768,5.449639679500408,0.03774562171900892,0.1238175658579328,5.51589124528848,0.002542851134251376,0.09276877065461875,development
2015-01-27,5.610083301217322,5.6185150706068,5.524069512119838,5.573958509972102,17.608727527149323,5.446735534812166,0.034095090320504035,0.09312788483943191,5.510414206482127,0.01867331329781203,0.04487099019216245,development
2015-01-28,5.573487793273431,5.585505580947002,5.425152663026703,5.454957772861084,17.60767289344785,5.444553736120139,0.012968049487712878,-0.002564012746767652,5.504990972433553,-0.004655141621979329,-0.045378057950489215,development
2015-01-29,5.452530932397928,5.475232642790746,5.396858709608285,5.453237752218593,17.287893104059933,5.443045258317499,0.016792609473914616,-0.006600115572820364,5.499604825914105,-0.00031183362282576933,-0.04605524007268613,development
2015-01-30,5.450059447456944,5.492448077904168,5.419822375947563,5.422413777952079,17.096617280954938,5.44214788521795,0.023294876145038453,-0.04302898341090877,5.494286860466004,0.020124555464010263,-0.09199763797793459,development
2015-01-31,5.422484400167474,5.4531991981615295,5.37670796732114,5.382033340280949,16.966030494143183,5.441804487084648,0.02621341843688635,-0.08598456524058484,5.489138617988784,0.05469647247902094,-0.16180175018685627,development
2015-02-01,5.379284282701622,5.444899498898541,5.356657024056008,5.424826662296372,17.18722766863456,5.441967992884457,0.04799584751138654,-0.06513717809947206,5.484321818387264,0.05758568482261088,-0.1170808409135029,development
2015-02-02,5.422705197113287,5.489660618113109,5.405641437868059,5.473232412313077,17.236905946266234,5.4426042148145575,0.026413519527825523,0.00421467797069397,5.48004211630366,0.00334338415801488,-0.010153088148597611,development
2015-02-03,5.469973898605982,5.505156726751689,5.413799988057336,5.426129961602093,17.523793074264766,5.443682979554463,0.0041983945917953465,-0.021751412544166016,5.476498949184012,-0.036386317090551484,-0.013982670491367699,development
2015-02-04,5.42719859590308,5.438331445394993,5.3986739129083885,5.42430221651423,17.09620750267722,5.445162559645457,0.014957694548450558,-0.03581803767967795,5.473825180829417,-0.009706026669606762,-0.03981693764558081,development
2015-02-05,5.427875220802462,5.478156673440547,5.369358168060717,5.380408708490514,16.929754534965113,5.446986027685546,0.01704924895333428,-0.08362656814836633,5.472053344429479,0.02921634417668291,-0.12086098011564772,development
2015-02-06,5.379542471222339,5.44029422158345,5.376351880380201,5.403874892048149,17.011539407006264,5.449090672139511,0.02727193176843095,-0.07248771185979308,5.471120316895136,0.03265919399477732,-0.09990461884176405,development
2015-02-07,5.405524656068768,5.43937844728609,5.405407860629896,5.4282660894437464,16.888398344484262,5.451415429721723,0.034938369626348026,-0.058087709904324214,5.470903011127147,0.007692731298971925,-0.050329652982372686,development
2015-02-08,5.427998200527713,5.435632855752058,5.398511038126579,5.409017612139039,16.657228867344998,5.453905284131594,0.03791571255028437,-0.08280338454283864,5.471254960969086,0.017921322795126572,-0.0801586716251732,development
2015-02-09,5.4089146804110655,5.411543390335527,5.379984894409107,5.394127424119922,17.140233616024105,5.456519549581141,0.024026865407853676,-0.08641899086907223,5.47203978426306,-0.0340735990381981,-0.043838761104940005,development
2015-02-10,5.394908533265452,5.401807665039476,5.372181026395651,5.392895480730427,16.86549902966813,5.459240934671526,0.01652170097886799,-0.08286715491996688,5.473150236864536,-0.04120947736023551,-0.03904527877387398,development
2015-02-11,5.392408597372185,5.408990770338189,5.384834478116969,5.389916111125787,16.66053045893225,5.462080872897472,0.010568356115685414,-0.08273311788737026,5.474519837340544,-0.02075713503760234,-0.06384659117715508,development
2015-02-12,5.3900210170003575,5.4035733996977555,5.382722843794998,5.401613787627568,16.53721386314955,5.465087847570499,-0.03421810054634219,-0.02925595939658887,5.47613078555723,-0.043734444064245925,-0.03078255386541695,development
2015-02-13,5.402537705901829,5.481717519364777,5.399347489876495,5.461400895129748,17.57074877400939,5.4683309086675305,-0.07572993967217435,0.06879992613439256,5.477983337664012,-0.006196972738212924,-0.010385469796051261,development
2015-02-14,5.461829801930359,5.559942950181082,5.461829801930359,5.550324388708199,17.722169221000843,5.471867956318668,-0.005372062263748906,0.08382849465327968,5.480090850650353,0.061702209830829344,0.008531328227015855,development
2015-02-15,5.551046859541338,5.582032803794052,5.4279587277391315,5.458840542679259,17.850678217626857,5.47574633157875,-0.03613527990656448,0.019229491007073385,5.482480856465672,-0.010309956039141591,-0.013330357747271648,development
2015-02-16,5.458840542679259,5.478641079396805,5.433818082781277,5.454649959841336,17.153189378153108,5.480005767056684,-0.07902854000685033,0.053672732791501865,5.485196155173163,-0.03052241290971511,-2.3782422112539336e-05,development
2015-02-17,5.45284796176973,5.504416458433539,5.448089885055855,5.49556858835925,17.124705984939332,5.484671807488694,-0.04433049468389512,0.05522727555445073,5.48829136011576,-0.002600336843786912,0.009877565087276885,development
2015-02-18,5.4962661743052195,5.498196414148783,5.448201800160391,5.465212224689179,17.042386337690782,5.489751683566778,-0.041227384216188656,0.01668792533858987,5.491820563572532,-0.007525641505935724,-0.01908269737741719,development
2015-02-19,5.4655676014724826,5.491710725358754,5.462101474969327,5.481817415314123,16.720798349981497,5.495227106491086,-0.04223378210741731,0.02882409093045446,5.495812686272702,-0.007311158165523016,-0.0066841127930556965,development
2015-02-20,5.4816842397250705,5.509797151432383,5.477713799335112,5.4962621058745755,16.988413687866487,5.50105368356337,-0.002119080417616233,-0.0026724972711784645,5.500246937494157,0.01203733651210946,-0.01602216813169033,development
2015-02-21,5.496151310459716,5.542517688979427,5.493818381893147,5.499354344647784,16.32382452315727,5.507165396853626,0.007108084053206254,-0.014919136259047505,5.505038384230503,0.0024034561054296103,-0.008087495688148927,development
2015-02-22,5.49939527758667,5.506923756700241,5.454684151428132,5.463734363837694,16.787308732433775,5.513477033266312,-0.02573826389043122,-0.024004405538187612,5.510043652203918,-0.03875594238819996,-0.007553345978024595,development
2015-02-23,5.4638105975973446,5.481092959835155,5.448550404714383,5.476011559840315,16.612791953770035,5.519888565308624,-0.007195526171916428,-0.03668147929639254,5.515092579107923,-0.021789812909955932,-0.017291206357651134,development
2015-02-24,5.4764551882982095,5.480226342408849,5.465533715276447,5.4753541526752425,16.468780761609384,5.526291657832532,0.00331642879065854,-0.05425393394794842,5.520024996479361,-0.010685846046676113,-0.03398499775744224,development
2015-02-25,5.476003192425847,5.47788511968619,5.461838288783381,5.470041304759981,16.257527190930528,5.5325741549886525,0.014152882374403921,-0.07668573260307543,5.524704813116231,-0.012108483056709298,-0.04255502529954125,development
2015-02-26,5.469481095657867,5.471051471502769,5.456418819497611,5.465635240992542,16.427005878276518,5.538637838246558,0.015573135415018681,-0.0885757326690344,5.529029263521587,0.0076213313845954435,-0.07101535391364067,development
2015-02-27,5.465677577657413,5.547725036843015,5.465677577657413,5.536656883709249,17.60001607380477,5.544407969784857,-0.006535846105739096,-0.0012152399698699412,5.532944003648463,-0.018536928517113496,0.022249808577898378,development
2015-02-28,5.535442732343852,5.540054977094953,5.519374758945125,5.538369166364798,16.450939957449343,5.54982828560299,-0.0007561417385180979,-0.010702977499674304,5.536439636672875,-0.011554330046039334,0.013483859737962511,development
2015-03-01,5.538447838893151,5.567045965223218,5.505059135826692,5.56145823630264,17.042898095211726,5.554858609646379,0.0032772347532122074,0.003322391903048505,5.539538397795452,0.003744784864088178,0.018175053643099126,development
2015-03-02,5.562053745389752,5.6214908327191235,5.55417198261616,5.619204546789746,17.515965284374886,5.559468194800041,0.01028739141347379,0.04944896057623094,5.542275326670291,0.04295957864265643,0.033969641476798706,development
2015-03-03,5.616938320047766,5.6552782346065715,5.591587586305112,5.64084975969926,17.73671728364307,5.563629661285311,0.03598589421657722,0.041234204197372115,5.544688960741401,0.050028270332278954,0.046132528625580704,development
2015-03-04,5.641871574563444,5.64976619947704,5.591457045759143,5.609808773200025,17.53838075060996,5.567318259636726,0.032810439638710484,0.009680073924588584,5.546812264614761,0.02410090586028817,0.03889560272497583,development
2015-03-05,5.608515344158575,5.640725494428041,5.578857794934245,5.621045617964668,17.536431191834673,5.570523328840327,0.01764680294113121,0.0328754861832099,5.548674408371357,0.004552712271208639,0.06781849732210254,development
2015-03-06,5.61895056127303,5.626210052784953,5.598477567081846,5.608456598362021,17.180005953149642,5.573252184626339,0.024079127377043996,0.011125286358637076,5.550302948023943,0.01764216911056653,0.04051148122751069,development
2015-03-07,5.6068823880529575,5.627095809915427,5.5989144140187905,5.621346021452945,16.69616306997175,5.575527991096146,0.013910093030547374,0.031907937326251634,5.551722937128681,0.03460909942509768,0.03501398489916596,development
2015-03-08,5.621968527235505,5.627110197943614,5.607877126574369,5.614419257530075,16.909634667230627,5.577384355175789,0.02261365826786854,0.014421244086418206,5.552959473208957,0.03396936700823637,0.027490417312882265,development
2015-03-09,5.616087270091599,5.679151571895072,5.612737538885636,5.6685248128442005,17.89606380569091,5.5788654650364835,0.03584151982673333,0.05381782798098378,5.554039887512475,0.014459450915229363,0.10002547441649678,development
2015-03-10,5.669404945928309,5.7039291515652835,5.66899436286083,5.675931580089675,18.031641996431556,5.580023569652275,0.0341416463681106,0.061766364069288926,5.554984440983555,0.018574038145797576,0.10237310096032282,development
2015-03-11,5.675125744481948,5.695047741704435,5.671631099493234,5.69163903328658,17.340808783246125,5.580907750082144,0.02140334686932372,0.08932793633511249,5.555803853313783,-0.028451996276073123,0.16428717624886957,development
2015-03-12,5.690788464313141,5.6940284339601925,5.67816716738065,5.684783137895771,17.299368786212025,5.5815520715828475,0.0178602157723845,0.08537085054053861,5.556497715888712,-0.030677028368644974,0.15896245037570367,development
2015-03-13,5.683981086459254,5.685272163679458,5.653670957484271,5.653670957484271,17.26300296177037,5.581968897949828,0.008895446037519347,0.06280661349692362,5.557056910407716,-0.015912405786546246,0.11252645286310159,development
2015-03-14,5.650529317482854,5.657186937280724,5.638269303412599,5.641499221112013,16.93400460820473,5.582143412454636,-0.022739426176711743,0.08209523483408798,5.557467203539884,-0.05688812536482716,0.1409201429369551,development
2015-03-15,5.639865938890063,5.657839723705319,5.638340442186277,5.657365012302224,16.29792251525963,5.58204059896924,-0.031942907534205284,0.10726732086718904,5.557708620973239,-0.018818894113040097,0.11847528544202479,development
2015-03-16,5.654889796832424,5.683960645475667,5.654889796832424,5.671923618360474,16.884312096545326,5.581620430983056,0.017820670775329686,0.07248251660208815,5.557756237057683,0.06034432429893289,0.05382305700385803,development
2015-03-17,5.671930549336477,5.678002988148969,5.650290248248394,5.654259559240135,16.883433298576442,5.5808411683799335,-0.0061443566515263885,0.07956274751172732,5.557582540003331,-0.004595435500208316,0.1012724547370123,development
2015-03-18,5.6527241915986925,5.6536674279673935,5.520940763005162,5.546344775383653,17.85870218436915,5.579654616292185,-0.04813916267314255,0.01482932176461027,5.557153975671666,-0.023988012911184756,0.01317881262317222,development
2015-03-19,5.544708603731538,5.576872873308942,5.5159899859689,5.564244541689061,17.780733058823813,5.5780148814106125,-0.02756354185529706,0.013793202133745908,5.556434619581703,-0.004040811652310507,0.011850733759668941,development
2015-03-20,5.564351786593607,5.579156045934229,5.557453299788195,5.567386002178774,16.73093806034242,5.5758897989915335,-0.033187265123969,0.024683468311209822,5.555391631695644,-0.016473693154892777,0.02846806363802301,development
2015-03-21,5.566984848933222,5.5690923706038475,5.543809297665261,5.560777756779914,16.656347766371653,5.573261749694801,-0.02881761078701311,0.016333617872126283,5.55399453063845,-0.010635482463925507,0.017418708605389632,development
2015-03-22,5.560362319271728,5.597484517144439,5.559103449033511,5.590837683918914,16.729929788143224,5.570129582933129,0.003489463251875862,0.01721863773390897,5.552217825103276,0.012295680634951582,0.026324178180685998,development
2015-03-23,5.590595071635052,5.625089123497104,5.567370728650934,5.5862743644543515,16.942792931428002,5.56650769033741,0.007093483596035043,0.012673190520906097,5.550043044520478,0.008366724582824048,0.027864595351050347,development
2015-03-24,5.585663116699813,5.5872598594611125,5.49780326459666,5.503683842645659,17.506230841711208,5.5624259664132225,-0.023761699940770584,-0.03498042382679323,5.547462157923255,-0.02593726731893698,-0.017841047958659928,development
2015-03-25,5.51129744469987,5.518215667328422,5.466011628331019,5.506132053643926,17.395325450459755,5.557930809726001,-0.01819735089041865,-0.03360140519165622,5.544480516546554,-0.020514113407003175,-0.017834349495625013,development
2015-03-26,5.506452862295456,5.538727012839391,5.500870375346378,5.5155716006276725,17.063168223123064,5.553083232390958,-0.020111334841873715,-0.017400296921412206,5.541116636156442,-0.021947540420140133,-0.0035974951086288343,development
2015-03-27,5.51570838090279,5.548340423701389,5.5021272099981635,5.509505766979727,16.664765196776695,5.547955319243147,-0.023468236833821488,-0.014981315429599462,5.537401148531551,-0.031880529488748005,0.003985147936924172,development
2015-03-28,5.509287141629393,5.538141035194344,5.509287141629393,5.5325907674630574,16.590652330894876,5.542618178016309,-0.010137425431351212,0.00011001487809902954,5.533375084209438,-0.007270851404515165,0.006486534658134424,development
2015-03-29,5.532361314092029,5.533938774996343,5.484174358403196,5.491879664656681,16.892795214443062,5.537132676195527,-0.01913498446101371,-0.02611802707783273,5.529094787561948,-0.01990515854175239,-0.017309964363514396,development
2015-03-30,5.492563367881229,5.518424329691509,5.477358567603456,5.5115156310363576,16.95142212157437,5.53155356794104,-0.013231208893308337,-0.0068067280113739415,5.5246311409427955,-0.012996378655403549,-0.00011913125103468758,development
2015-03-31,5.511224685135033,5.516367953508415,5.491986785444111,5.49808583285111,16.936641285019867,5.5259322221826865,-0.0042011927467580186,-0.023645196584817896,5.520060313652741,9.374728534268539e-05,-0.022068228086973285,development
2015-04-01,5.498081771816905,5.511576226470762,5.485460628963716,5.510488958252091,16.945651383076385,5.52031607545211,0.004470095093418636,-0.014297212293437944,5.515453686899678,0.025117854461396315,-0.030082583108984373,development
2015-04-02,5.509748613825616,5.539147576702768,5.502954731455292,5.5334092707452935,17.084037167038414,5.514754809208888,0.02095881072083176,-0.0023043491844267905,5.51087516386076,0.035717742135680304,-0.01318363525114652,development
2015-04-03,5.53368195623141,5.545345396390475,5.528948804733795,5.538601205058379,16.957358502662668,5.509302922776457,0.026626294110203244,0.0026719881717189864,5.506382106692614,0.028959770436543904,0.003259327929220568,development
2015-04-04,5.538479282104636,5.542274781137912,5.525851290456649,5.536140665983776,16.34071914706726,5.5040125164178795,0.0228396882752189,0.009288461290677397,5.502020370266972,0.022425799053704492,0.011694496663100296,development
2015-04-05,5.536392885475264,5.563274373874083,5.529198907450597,5.562978958981854,16.79354723387523,5.498933203891649,0.023476025984224193,0.040569729105980556,5.497827110690212,0.027246582129015578,0.03790526616262646,development
2015-04-06,5.5634509018891185,5.567573230070118,5.539595475880571,5.54319111522063,16.81295142104751,5.494109024322223,0.010170649707633117,0.03891144119077339,5.493828573353048,0.031038315894034735,0.018324225973546326,development
2015-04-07,5.542337486316343,5.544415406937068,5.530242256006637,5.534100669375441,16.731517627601743,5.489574146897042,0.01688504546487275,0.027641477013525595,5.490037483501565,0.0309662936112439,0.013096892262631776,development
2015-04-08,5.533642402987072,5.536731723714751,5.498048969701003,5.501348015491734,17.2195838336095,5.485346045501234,0.02970002320003102,-0.01369805320953077,5.486452534719789,0.022350094936764976,-0.0074546141648195174,development
2015-04-09,5.500241396213186,5.505811080282183,5.478135767643505,5.49583945311224,16.890215782590804,5.481426495771375,0.028608645228447974,-0.014195687887582409,5.483065121280627,0.022461022333233684,-0.009686690501620632,development
2015-04-10,5.495913340713813,5.495913340713813,5.45005512089634,5.4641368695056585,17.178729156292288,5.477808604284882,0.020833386685322336,-0.03450512146454621,5.479868386453591,-0.018176526935574592,0.0024450099876425213,development
2015-04-11,5.463899626878199,5.478707904290866,5.456068712333157,5.466168065368335,16.610667748151798,5.4744834837476635,0.021590236933025576,-0.029905655312354007,5.476859346848048,-0.014228865858088661,0.003537584378375591,development
2015-04-12,5.466096204168165,5.471127149508634,5.453160642617993,5.464479899627944,16.33223082843852,5.4714391878174595,0.01230157543209315,-0.019260863621608948,5.474036773367972,-0.0012577102669756358,-0.008299163473052928,development
2015-04-13,5.46361990503402,5.467785831785804,5.402659373602023,5.414263184887091,17.255345181311284,5.468657870196601,-0.008838219510280874,-0.045556465799229784,5.471402267092138,-0.03953915831161231,-0.017599923893435232,development
2015-04-14,5.415028729056719,5.415993720514131,5.3767726518561965,5.389797478269517,17.272426459909617,5.46611873062717,-0.003965217335754431,-0.07235603502189836,5.4689570348150385,-0.019871790176766987,-0.059287766368754546,development
2015-04-15,5.389404998477244,5.410900205030435,5.3874677139335825,5.410900205030435,16.931777677469313,5.463804126313264,0.016159606283881668,-0.06906352756671108,5.4667009518570735,0.03271280371544268,-0.0885135505420811,development
2015-04-16,5.411275480523393,5.436652191510176,5.411275480523393,5.4318556253989865,17.026571969682163,5.4617007728709615,0.008550029640187608,-0.03839517711216267,5.464636367146327,-0.002594149724264571,-0.030186592023076386,development
2015-04-17,5.431864370488202,5.433311464709546,5.402416092333736,5.4066425004792364,16.832505226168784,5.459802502198193,-0.020045798317645174,-0.033114203401311215,5.462765075319368,-0.013240327740106804,-0.04288224710002453,development
2015-04-18,5.406512346912647,5.413055746607613,5.397601490221995,5.408766923640237,16.375756641583813,5.45810325277442,-0.0151313282108377,-0.034205000923345885,5.461083439180868,-0.00830309217572604,-0.04401342336490455,development
2015-04-19,5.4092144984701545,5.422095713467397,5.404356157075448,5.405376466244858,16.524993132729353,5.456594946649127,-0.019449466760333354,-0.03176901364393547,5.45958367545506,-0.013638880141182114,-0.040568329069019526,development
2015-04-20,5.405430343498176,5.4220868825314055,5.402573795426307,5.414436828566126,16.725940956134135,5.4552708159547425,-0.016058666186857747,-0.024775321201758516,5.458256655999259,-0.010497148625643679,-0.0333226788074894,development
2015-04-21,5.414410063720269,5.460729528446354,5.412988877093677,5.460729528446354,17.033506035440396,5.454125834538958,0.008434852635509818,-0.001831158728114346,5.457092288689092,0.012814897602425372,-0.009177657845162557,development
2015-04-22,5.4621439619279775,5.471888233323596,5.453079279105932,5.45607294761825,16.987206763039914,5.453158911026961,0.011489548284273919,-0.008575511692984428,5.456082926828736,0.015580720821336961,-0.01559070003182228,development
2015-04-23,5.455547558948186,5.465842519894773,5.451892188172211,5.465787542171813,16.650839368724466,5.452373712873698,-0.010403975425948772,0.023817804724063585,5.455225585198063,-0.006310766642971143,0.01687272361672143,development
2015-04-24,5.463704683386675,5.465123312619677,5.437787956484195,5.443577234550698,16.881174642063943,5.451772367090981,-0.013395103712818992,0.005199971172536344,5.4545165629307535,-0.009906681975122431,-0.0010326464049326134,development
2015-04-25,5.443434512018617,5.449152575986733,5.422025063795781,5.422259173091921,16.451506133762738,5.451354680657942,-0.022440721947730922,-0.006654785618290582,5.453950962890264,-0.01881496049147923,-0.012876829306864401,development
2015-04-26,5.422347531306921,5.424703291892962,5.370051776781035,5.391033241779765,17.180863156270878,5.451119951290136,-0.032146852358110954,-0.02793985715225933,5.453525446105951,-0.02814813887041541,-0.03434406545577051,development
2015-04-27,5.3910287218769515,5.452346579141307,5.384600538877667,5.434970112987802,17.468089058276075,5.451069043747876,-0.013171170084997323,-0.002927760675076385,5.453241898405441,-0.007978475229351197,-0.010293310188287386,development
2015-04-28,5.433586597444014,5.435881221419669,5.407481141537481,5.419893181404352,16.882129954444267,5.451204695926863,-0.01735659955543926,-0.013954914967071907,5.453107590718952,-0.014149698206692068,-0.01906471110790786,development
2015-04-29,5.418723640282634,5.425126183901513,5.409098133218969,5.419685074914548,16.756601887367154,5.451527409107523,-0.013027348212148734,-0.01881498598082665,5.45313108394344,-0.009648920741249175,-0.023797088287643042,development
2015-04-30,5.419175638591924,5.478816444886544,5.416069273719934,5.464446041343853,17.33652153452352,5.4520336154690465,-0.0019413585940722296,0.014353784468879027,5.45332114362877,0.0014243524850137378,0.00970054523006958,development
2015-05-01,5.463573277542463,5.47632129662542,5.447077808538688,5.447077808538688,16.750180979755747,5.4527129006532515,0.0010767554505692904,-0.006711847565132878,5.453681872273674,0.00417269198507655,-0.010776755720063314,development
2015-05-02,5.448206134746917,5.462674376989552,5.448206134746917,5.45928756635787,16.344075256865178,5.453545873664541,0.0028740173875315333,0.002867675305797235,5.45420661629461,0.006619446376746438,-0.0015384963134872365,development
2015-05-03,5.459074766287867,5.494048632863321,5.455675721708206,5.4821294856518366,16.73296237433548,5.4545024906472594,0.009824676017341907,0.017802318987235388,5.454875996816439,0.013645303914364712,0.013608184921032773,development
2015-05-04,5.482121169272529,5.491570622743009,5.471472025425084,5.47653888549554,16.870614951634764,5.4555416467502695,0.009233357104780598,0.011763881640489693,5.455659714046621,0.012721258905541469,0.008157912543377499,development
2015-05-05,5.475844134190522,5.477316722605918,5.446970107081322,5.464344394815455,16.99060589127247,5.456612717021313,0.011376441722958023,-0.00364476392881663,5.456519114438743,0.01524631054175085,-0.007421030165039255,development
2015-05-06,5.464886303507623,5.465753663850952,5.434730240963569,5.43713102335557,17.20285242713439,5.457664903240853,0.004615221170505386,-0.025149101055788492,5.457412935546327,0.008721106040756132,-0.029003018231513522,development
2015-05-07,5.436608674156756,5.476902768014305,5.4318556253989865,5.469468430043296,17.185024649925346,5.458654039312608,0.010495287150884106,0.0003191035798035813,5.458301048160689,0.014919736230350027,-0.0037523543477435695,development
2015-05-08,5.468920508465734,5.506448772972684,5.464992157403785,5.496606619261397,17.127712814490714,5.459544962482501,0.010994286968266405,0.026067369810629515,5.45914671075591,0.012579681277051103,0.024880227228435636,development
2015-05-09,5.496221044071778,5.512638114746704,5.479133655995332,5.488243273096498,16.800712633074376,5.460308983527216,0.01582711007459435,0.01210717949468787,5.459915571987083,0.014239897831137518,0.014087803278277633,development
2015-05-10,5.487817280096327,5.49744684713027,5.475831548912389,5.481871518384514,16.52483334898034,5.460923494631214,0.007271484901315968,0.013676538851983722,5.46057610857074,-0.003934713031425118,0.025230122845199432,development
2015-05-11,5.481883964623,5.498274188490382,5.478035567132326,5.489590425498814,16.85489127586322,5.46137130428036,0.014442219226852033,0.013776901991602308,5.461103338241236,0.0041690363713517645,0.02431805088622596,development
2015-05-12,5.489536738035557,5.49257159787144,5.481051334122307,5.48526155375371,16.774713744686597,5.46164447127729,0.013200526070156794,0.010416556406263489,5.461481835223991,0.007776961308609098,0.01600275722110922,development
2015-05-13,5.486447002912286,5.495954352782405,5.459776977516006,5.46542798342092,17.11799568264799,5.46174746018347,-0.0007423681045624698,0.004422891342012569,5.461706442054761,-0.0235571179708406,0.027278659336999134,development
2015-05-14,5.464738192860836,5.471425762212445,5.455564704490878,5.4677605219921945,17.010655049065534,5.461691438521402,-0.00870297678692521,0.014772060257717712,5.461778900216426,-0.01839447496098085,0.024376096736749453,development
2015-05-15,5.467870257285549,5.4754295698574955,5.467194780320552,5.470609612940854,16.608477783318587,5.461487753933783,-0.0017617619149359967,0.010883620922006898,5.461702745287031,0.008657893562993945,0.00024897409082935695,development
2015-05-16,5.470773743746685,5.470996779419353,5.460840038388809,5.464479899627944,16.22152739773676,5.461145768307315,0.0026442467314643954,0.0006898845891640804,5.461483899684582,-0.0027230642009388965,0.005719064144300567,development
2015-05-17,5.463874153705163,5.472375684544194,5.463874153705163,5.467224357366004,16.225541081669494,5.460678000684126,-0.0022501046612543726,0.008796461343131945,5.461132969686047,0.0006969883724018929,0.00539439930755492,development
2015-05-18,5.4675832063227565,5.46894585299596,5.448718196037724,5.451587684684921,16.635716196863903,5.460101083706361,-0.006059628009505902,-0.0024537710119334477,5.460664136322897,-0.003120582823280162,-0.005955868814695897,development
2015-05-19,5.451197250398876,5.455966210657782,5.445948272909762,5.446508924022409,16.471698952229158,5.459435529132954,-0.010533833069758185,-0.00239277204078725,5.460096170250903,-0.008202946369579404,-0.005384299858914865,development
2015-05-20,5.44626311870891,5.458235661801147,5.446056084470469,5.455398058551344,16.55631193598144,5.458708140511299,-0.011911756399260546,0.00860167443930493,5.459456137127318,-0.009529082011463708,0.005471003435490118,development
2015-05-21,5.455389516864419,5.464856721991613,5.454615767085436,5.461048248507302,16.530794598314515,5.457949194830132,0.006590525653360466,-0.0034914719761900415,5.458776800932101,0.008220659623168413,-0.005949212047967833,development
2015-05-22,5.460950535695214,5.484668270027145,5.459840790494549,5.4820879030636585,17.111458565940254,5.457191329460287,0.007918315127658754,0.016978258475711883,5.458094110277275,0.009502072215365056,0.01449172057101844,development
2015-05-23,5.481829861809833,5.484900637241866,5.475169804522462,5.475927818493817,16.49687456227368,5.45646751109375,0.0034385173716709994,0.016021790028395877,5.457443439526021,0.004972726330039614,0.013511652637756555,development
2015-05-24,5.476363119691709,5.488846799708953,5.475672463371235,5.48460190576029,16.258553090549643,5.455810542289021,-0.0034043436354166757,0.032195707106685845,5.456859770768491,-0.0025967515936067232,0.03033888658540551,development
2015-05-25,5.484493991342756,5.484884050442751,5.466527293506522,5.468524171009357,16.484397180281004,5.455250641824928,-0.012878423904799244,0.026151953089228464,5.456374840897237,-0.012312408302558987,0.024461738414680134,development
2015-05-26,5.468498879896301,5.473286982264981,5.462525873430737,5.468549461482789,16.614315183217748,5.454813457475205,-0.01961796766579027,0.033353971673374616,5.45601477581136,-0.01816880402206675,0.030703489693496344,development
2015-05-27,5.468334375259474,5.4749393851214405,5.466772423352824,5.469253541829333,16.751333631851363,5.4545162633106985,-0.004361499678468446,0.019098778197102817,5.455796475955772,-0.004690499336380478,0.018147565209940986,development
2015-05-28,5.469143957813001,5.471530925755693,5.466590677191511,5.469780200225474,16.442321852899383,5.454368652691305,-0.004920835316537937,0.020332382850706487,5.455726599815008,-0.004704380288548841,0.018757980699014354,development
2015-05-29,5.469649589950075,5.47026026423604,5.462691336294237,5.468465092886376,16.510475587062576,5.4543738572793865,-0.005932922052086113,0.020024157659075392,5.455802318182882,-0.0065674689144523185,0.019230243617946563,development
2015-05-30,5.468448231219275,5.468452478928525,5.446935650283668,5.452518050267937,16.461586130567625,5.454528098321601,0.005305627662572107,-0.007315675716236925,5.456014787422768,0.005773802689924749,-0.009270539844755454,development
2015-05-31,5.451617661328974,5.452119409465652,5.436086051531003,5.438905065283853,16.505451165779075,5.454826134754539,0.0026154028847994505,-0.0185364723554855,5.45635617588043,0.0032614405783575645,-0.020712551174934646,development
2015-06-01,5.439091847003021,5.445499525678572,5.399501195380291,5.406839854946949,17.077081859688217,5.4552611957002854,-0.007487625538310892,-0.04093371521502487,5.4568195342882095,-0.005241687977181824,-0.04473799136407841,development
2015-06-02,5.406696309567101,5.422374016976675,5.404563018706946,5.419662910263628,16.833933490316205,5.455829186879305,-0.0026027874254708344,-0.033563489190206575,5.457402556694302,-0.0014554156047854737,-0.036284230825889274,development
2015-06-03,5.41936614120253,5.426728202093467,5.411333470417266,5.419977290241689,16.692031332343497,5.45653356462661,-0.003820150276329498,-0.032736124108591724,5.458111432447669,-0.003143698349303287,-0.03499044385667727,development
2015-06-04,5.419525654657119,5.423102469083179,5.411887098247452,5.41309145809126,16.505267859557577,5.457383072128959,-0.003147302632085125,-0.04114431140561425,5.458957956087678,-0.0019003635641117213,-0.04396613443230635,development
2015-06-05,5.412333346863706,5.4203934065051405,5.407974144091921,5.415887027441644,16.709016344103873,5.45838596028212,-0.00021434450607386445,-0.04228458833440207,5.459953162051165,0.0017190820663094304,-0.045785216675830576,development
2015-06-06,5.416122645957026,5.4192908366848425,5.4133365765768495,5.418847750562194,16.225289574895584,5.459546180386105,0.0031664697917131697,-0.0438648996156239,5.461102888693762,0.0054842747730726995,-0.04773941290464023,development
2015-06-07,5.418745757941343,5.421393039015479,5.405609982098194,5.406637981934634,16.404657170825487,5.460867431244782,-0.0014825398459159455,-0.052746909464231884,5.462410940062293,0.0025355492379618965,-0.058308507365620876,development
2015-06-08,5.406629013431292,5.4357461740621735,5.406449557811816,5.431488062129201,16.96732311988152,5.462358775901886,0.006755514605139523,-0.03762622837782459,5.463884020048474,0.00818593447201924,-0.04058189239129195,development
2015-06-09,5.4317024739734014,5.442218533977506,5.429034180898126,5.433931606913432,17.160246964872233,5.464031625795348,-0.006636602317600341,-0.023463416564315942,5.465529561709998,-0.006596248490735194,-0.025001706305830318,development
2015-06-10,5.43370014785689,5.43713102335557,5.429389463520008,5.432861344210248,16.582131571298362,5.465897105817443,0.010377729051305264,-0.04341349065850064,5.46735452963952,0.011079107455362698,-0.04557229288463471,development
2015-06-11,5.433088596444085,5.439326368412485,5.432704010903013,5.436795884817137,16.483849328197625,5.467966001284835,0.016386155475367568,-0.04755627194306555,5.46936614277661,0.014463371078179329,-0.04703362903765207,development
2015-06-12,5.436795884817137,5.4426644627599385,5.435087897806739,5.43800102151099,16.455831446095992,5.47025086414831,0.023017856418268572,-0.05526769905558826,5.471574113536622,-0.0037216614866231426,-0.02985143053900874,development
2015-06-13,5.437731414501905,5.449543743910538,5.434638643137111,5.448468599811904,16.403673085212063,5.472769057093052,0.005788324476156413,-0.03008878175730345,5.473994306451301,0.005320850194406791,-0.03084655683380344,development
2015-06-14,5.448640737133701,5.458981083427605,5.446754603414394,5.453366211332935,16.31414759639749,5.475545508174499,0.004230666648376594,-0.026409963489940402,5.476647271459075,0.005572709594569503,-0.028853769720709188,development
2015-06-15,5.45284796176973,5.471581354212623,5.45284796176973,5.467313018226448,16.8068381953349,5.478611285052513,0.007028236669076775,-0.018326503495141644,5.479553082570967,0.006751200000245401,-0.018991264344764502,development
2015-06-16,5.467068085497543,5.528404771014866,5.464348595195378,5.52503454205418,17.54389916920445,5.481993712381637,0.01230443209747681,0.03073639757506541,5.482736787186529,0.012027953040575344,0.030269801827075504,development
2015-06-17,5.524747503119302,5.548503924355432,5.507264617139389,5.518592795127676,17.5964768433811,5.48571226533662,0.005886235568796263,0.026994294222260073,5.4862244617070335,0.005581457118211085,0.02678687630243104,development
2015-06-18,5.5191702715339925,5.529857573872633,5.497688577181754,5.5174810237799745,17.24885888098876,5.489773581517908,-0.0013825722141196017,0.029090014476185644,5.490034063928801,-0.0018488498578243455,0.029295809708997922,development
2015-06-19,5.517625569507667,5.52536132138919,5.496294903895123,5.499648764243845,16.9921175504803,5.494167972270089,-0.025470382330157502,0.030951174303912588,5.494168531691425,-0.008349715956963029,0.013829948509382461,development
2015-06-20,5.499337995867102,5.5046321161921385,5.483248012124428,5.502123165343042,16.841194808883525,5.498871758523216,-0.007439863393467019,0.010691270213292192,5.498615454650195,-0.004940898549559644,0.008448609242406313,development
2015-06-21,5.5016663154218675,5.502172074476507,5.488450019643891,5.496938691575305,16.17644955547,5.5038483220312235,-0.004031954171714453,-0.0028776762842044334,5.503345408858166,-0.004225316241749779,-0.0021814010411116413,development
2015-06-22,5.497041143858042,5.51309404257734,5.4962621058745755,5.509347872246552,16.6886514354532,5.509056533905665,-0.0018486049573050057,0.0021399432981930033,5.508316625827575,-0.0018399402707325494,0.0028711866897097593,development
2015-06-23,5.509092754486341,5.510618352722423,5.493608600618584,5.498380626103802,16.530781360996745,5.51445121291556,-0.007884428633192678,-0.008186158178565606,5.513480199354868,-0.008500781169338018,-0.006598792081728533,development
2015-06-24,5.49832328623209,5.49856480454029,5.482782455168608,5.482782455168608,16.668809130672955,5.519983100289043,-0.0093162201195098,-0.02788442500092536,5.518781945626404,-0.011274517659121863,-0.024724972798673583,development
2015-06-25,5.482158624261371,5.494426768883988,5.482158624261371,5.492233924086184,16.59638368208861,5.525601173388416,-0.01823368783933594,-0.01513356146289535,5.524165693992251,-0.0006374029638947754,-0.03129436694217258,development
2015-06-26,5.4914305004957695,5.496138978177114,5.487088885044909,5.495502880769903,16.453388692602335,5.531257399368483,-0.004841355203895429,-0.030913163394684418,5.529578965874631,-0.0064080969997369844,-0.027667988104990826,development
2015-06-27,5.495318137887249,5.5268026434088835,5.493542827045296,5.525413119613898,16.835379240675692,5.536911797145526,0.004327780208372355,-0.015826457740001132,5.534979574579878,0.002741310219321792,-0.012307765185301633,development
2015-06-28,5.525273647362764,5.526137951867336,5.511143902816646,5.517497078621192,16.532692338992984,5.5425357523205285,0.0012121498317375526,-0.026250823531074552,5.540336643498953,-0.0031311359433903283,-0.019708428934370303,development
2015-06-29,5.516331758183828,5.549749026512596,5.515768722815208,5.549325063236061,17.3634858213357,5.548110981433818,0.008732320754963116,-0.007518238952719969,5.545633400349475,0.007144594811957719,-0.0034529319253708834,development
2015-06-30,5.549216194534659,5.590490605098156,5.544966481212752,5.572427724758556,17.611759031840574,5.553625716877903,0.007156345554985149,0.011645662325667772,5.550863753769915,0.007105988033585461,0.014457982955055293,development
2015-07-01,5.573464964165802,5.580378661107559,5.544294250281486,5.555363678043864,17.11245055603537,5.559071806560232,-0.008511265439430657,0.0048031369230630006,5.556027801793336,-0.00809907984992208,0.007434956100450307,development
2015-07-02,5.555096841995389,5.566935159957468,5.537790845054385,5.542877937795682,16.88597458408053,5.564438808779414,-0.009241565256837564,-0.012319305726895102,5.561123537222647,-0.009947414813787024,-0.008298184613177995,development
2015-07-03,5.543061925533997,5.549375634578262,5.5353835660316095,5.546489078052664,16.761726956584464,5.569714335226013,-0.00908050929559239,-0.014144747877756103,5.5661459032849265,-0.0102560175425651,-0.009400807689697643,development
2015-07-04,5.547093565749252,5.5662698367147465,5.5381213465602315,5.564083477783266,16.5640883742614,5.574886794182117,-0.008190273943235144,-0.002613042455615222,5.571089339900501,-0.008318909255103805,0.0013130471378692832,development
2015-07-05,5.563772973657602,5.614973162349092,5.555672911372541,5.605482141596136,17.603241663462633,5.579945706984526,0.004007268926506971,0.021529165685102214,5.575947800211072,0.003874503920000165,0.025659837465063617,development
2015-07-06,5.602517271745913,5.625539802141328,5.58949335104929,5.594822893086581,17.710485080356698,5.584882147247564,0.002960338391803726,0.006980407447214176,5.580715108873704,0.0032784585399895797,0.01082932567288708,development
2015-07-07,5.5982849596143875,5.6033763449938645,5.579095665326208,5.584274204262841,17.177883982421765,5.589687646681755,-0.0017587545362566291,-0.003654687882657548,5.5853833887272195,9.108347547654339e-05,-0.0012002679398550598,development
2015-07-08,5.583428617016979,5.609365592842394,5.577410104681808,5.601325161735143,17.42589321927895,5.594353817234321,0.011390313172476473,-0.0044189686716551435,5.58994320241191,0.011568306470698777,-0.0001863471474665701,development
2015-07-09,5.601480225138919,5.607032894912647,5.587570698300134,5.595558592362948,17.51189182796169,5.5988738287988085,-0.008109611137113752,0.004794374701252657,5.594384151848418,-0.008757199336167264,0.009931639850696783,development
2015-07-10,5.595291159080874,5.68558796520513,5.593975056537926,5.652117225137004,18.42457316862886,5.603243572242542,0.014009267780245232,0.034864385114216745,5.598694880833548,0.01355506333762701,0.03986728096582848,development
2015-07-11,5.652068056169747,5.698790073333353,5.647317933442718,5.680564990046039,17.531759550697966,5.607457047020085,0.019781689784370744,0.053326253241583466,5.602858623734201,0.015811480737405723,0.06189488557443301,development
2015-07-12,5.680650360404707,5.750647016162512,5.6784817772947545,5.739365182130569,17.848068382750082,5.611498823637824,0.04070895950413015,0.08715739898861496,5.606847196628143,0.00886540109184515,0.12365258441058025,development
2015-07-13,5.73923647379482,5.739625689195035,5.638393765722497,5.676938667371457,17.94351393629305,5.615341660373576,0.02250404767472904,0.03909295932315171,5.610624116486993,0.019971745646861085,0.046342805237602924,development
2015-07-14,5.676870222203547,5.690855963475421,5.658220097323471,5.661097597783696,17.173355001914256,5.618948870033523,0.015202797554501777,0.026945930195671153,5.614149701515535,0.013952096671831926,0.032995799596329256,development
2015-07-15,5.663116764450694,5.681018618967797,5.653776086586229,5.655393764893164,17.129209207534956,5.622277286714494,0.016051718357087016,0.017064759821582953,5.617384687683454,0.014966409234533394,0.023042667975176734,development
2015-07-16,5.656138625916115,5.6739519832338265,5.617643408728989,5.627941167863519,17.717131670800594,5.625280568375619,0.019303533257018935,-0.016642933769118073,5.620289345608659,0.017782122695504783,-0.010130300440644113,development
2015-07-17,5.62794841048291,5.6357890992209,5.605960139463541,5.632902054655578,17.133014724172096,5.627917466252227,0.014392004649552767,-0.00940741624620145,5.622831234844603,0.012886873134543229,-0.0028160533235679353,development
2015-07-18,5.63239743600324,5.64377414991054,5.613401836073966,5.616411036488688,17.041842556354634,5.630156127271601,0.007841627802083606,-0.021586718584996056,5.624989952729321,0.006088013632449655,-0.014666929873082601,development
2015-07-19,5.615923459613828,5.619204546789746,5.607686321222177,5.611718404100456,16.54548538170321,5.631974598839469,-0.04828166834095072,0.028025473601937634,5.626755802815896,-0.009957681425597305,-0.005079717289842023,development
2015-07-20,5.611297939588346,5.6311436343380885,5.60932523316322,5.6311436343380885,16.93837760306401,5.633361510871889,-0.02182066322311857,0.01960278668931803,5.6281272752417255,-0.016834071588233298,0.019850430684596354,development
2015-07-21,5.630788712053232,5.636741258521804,5.618293597348241,5.619795638401143,16.94798722567076,5.634309769047171,-0.01530026580392701,0.0007861351578997144,5.629113793336447,-0.016714666517914915,0.007396511582611787,development
2015-07-22,5.619157386032583,5.6264188988738715,5.6145176952066915,5.624818574776889,16.780257764143993,5.634803362040235,-0.014445239150499932,0.004460451887153383,5.629737633907735,-0.015562370899939339,0.010643311769093167,development
2015-07-23,5.62524780826105,5.628020287247681,5.619371362772398,5.620578426763848,16.73497180626641,5.634828133546996,-0.02180918228781147,0.007559475504663737,5.630011157612479,-0.02361233207377234,0.01417960122514117,development
2015-07-24,5.620418999248389,5.667301705519037,5.617694299747995,5.663925344712708,17.431803216963196,5.634379173465605,-0.015898406614320498,0.04544457786142431,5.6299328225332,-0.019519832469122287,0.05351235464863002,development
2015-07-25,5.663529767713796,5.672405326061162,5.655998853452396,5.665377664030577,16.84381655034731,5.633458607356532,-0.03385895694619549,0.06577801362023994,5.629492234971742,-0.00041527960358146953,0.036300708662416525,development
2015-07-26,5.665180287456297,5.680350074497806,5.661939103500036,5.679100377727206,16.590116057640582,5.632074370961038,-0.01397365991893801,0.060999666685106035,5.6286743075252845,-0.015106008394837153,0.06553207859675858,development
2015-07-27,5.6789397934394295,5.696334765192122,5.661048974511463,5.682300013088137,17.23624912752155,5.6302338674502606,-0.0002109193064226722,0.052277064944299845,5.6274666538607585,-0.0036009618074986744,0.05843432103487789,development
2015-07-28,5.682330673259671,5.69254957722604,5.681615268224962,5.685031101398814,17.05236778407537,5.627939782057477,-0.0031111203403928842,0.060202439681730446,5.625868272467597,-0.010184023392368426,0.06934685232358628,development
2015-07-29,5.685224702126709,5.685401273035722,5.665654792007375,5.668466116751949,17.021203914646428,5.625194033847189,0.005501988938577551,0.03777009396618247,5.623873848942758,0.0014260804507827676,0.04316618735840816,development
2015-07-30,5.666783014931909,5.6703153358509635,5.657975831558223,5.661994683696338,16.88985995429758,5.622002555991366,0.009151179803498218,0.030840947901473292,5.621473386777955,0.0072870244998321804,0.03323427241855015,development
2015-07-31,5.6619044171421145,5.66628486110044,5.643126164775205,5.651260333967264,16.977989603581136,5.618379762067966,-0.0036522069201824223,0.03653277881948025,5.618659731756813,-0.006025798280537428,0.038626400490988644,development
2015-08-01,5.651386834663313,5.652250579174094,5.628023908457213,5.640491222288778,16.759686397249293,5.614349905658153,-0.007451796287459192,0.03359311291808531,5.6154323198004965,-0.010601666693921647,0.035660569182203616,development
2015-08-02,5.636391908435128,5.645560011033663,5.625925402323993,5.64408205748522,16.690328705360074,5.609941586151838,-0.0069800333079767,0.0411205046413583,5.611796625743888,-0.010594138066674613,0.04287956980800711,development
2015-08-03,5.644761149497509,5.654140476829475,5.635621406053861,5.63916213577165,16.882358162327364,5.6051849493444985,-0.0033674193586372796,0.03734460578578869,5.607764456156986,-0.006117381655772936,0.03751506127043669,development
2015-08-04,5.639155082369706,5.654994797533677,5.639155082369706,5.653253754924486,16.902394421817696,5.600111854222817,0.00980761088904552,0.04333428981262344,5.603356585556637,0.007277511289083668,0.04261965807876589,development
2015-08-05,5.651952141001155,5.654245556585465,5.640089841343515,5.64148850285426,16.81762248816434,5.594757118292356,0.0072587141853958535,0.03947267037650892,5.598605954162984,0.004909421683934278,0.03797312700734157,development
2015-08-06,5.641573702965838,5.641573702965838,5.629069758502194,5.62969448722586,16.748947179933943,5.589155025982914,0.005985388905371569,0.03455407233757413,5.593553876788751,0.004693141852138819,0.03144746858497083,development
2015-08-07,5.630283025571165,5.636188618020016,5.621726064427249,5.633306330449673,17.56465694640269,5.583333133250981,0.02134490891183817,0.028628288286854264,5.58824306635706,0.019839833945703468,0.025223430146909642,development
2015-08-08,5.633867765550339,5.634532459396337,5.563408645866727,5.5645089486363535,17.885101272804526,5.577311005324287,-0.001008497888806516,-0.011793558799126913,5.582713568791487,-0.002662229200973704,-0.015542390954159657,development
2015-08-09,5.564964742690728,5.5872598594611125,5.562479963430668,5.5800430139188935,16.984759110385657,5.571102979965248,0.021420644258197334,-0.012480610304551831,5.577000032182942,0.02007808849274837,-0.017035106756796203,development
2015-08-10,5.581531962671435,5.5873685497148715,5.570616761067711,5.577727827852926,16.859051609523885,5.5647249759992885,0.023153965120376627,-0.010151113266738676,5.57113284920937,0.019759362572053647,-0.013164383928497614,development
2015-08-11,5.577243759035776,5.599850517012196,5.576305078037311,5.599850517012196,17.051593527127796,5.558201667151673,0.04524864595432701,-0.0035997960938045637,5.5651437627460405,0.01949785351529327,0.015208900750861787,development
2015-08-12,5.600634294792671,5.600911465751472,5.581498050811475,5.584908871171841,17.104486944603963,5.55157084823024,0.02837853057432494,0.004959492367276219,5.559074923931643,0.027749029262879192,-0.0019150820226814247,development
2015-08-13,5.584184094383398,5.584368088821407,5.571549299553959,5.576252036802737,17.136419404517582,5.544877244629196,0.01610100034320477,0.015273791830336947,5.552972007857184,0.015423754894789149,0.007856274050763723,development
2015-08-14,5.57644893464913,5.588992468165973,5.566350137708605,5.582292549591827,17.114719546781043,5.538169200526304,0.014003354589450604,0.030119994476072165,5.546880987676502,0.013636557910753015,0.021775004004571663,development
2015-08-15,5.581724031330647,5.586000659749073,5.565653826063613,5.56662927367098,16.776708372702554,5.531499204260427,0.009093550369484846,0.026036519041067407,5.540846833282889,0.008463357315065584,0.017319083073025432,development
2015-08-16,5.567832912233442,5.570022493621624,5.549235547277695,5.554922728399298,17.20722986424309,5.524917502065221,0.006603689688178115,0.023401536645899057,5.534908579537908,0.006076793437778138,0.013937355423611741,development
2015-08-17,5.554856970568182,5.562622073676807,5.54953125133017,5.552866608506421,16.88903227943073,5.518466567909901,0.00331752839475497,0.031082512201765056,5.5290952627818415,0.002746029175620588,0.02102531654895934,development
2015-08-18,5.552672702301865,5.55293249734545,5.35223244635065,5.35223244635065,17.55667883451323,5.512179767242843,-0.053879726017237006,-0.10606759487495676,5.523426899222241,-0.0077214916327168455,-0.16347296123887478,development
2015-08-19,5.419078209465563,5.46978437783494,5.406121922355073,5.4235570023116875,17.924237874049144,5.506087154211658,-0.028382112775322633,-0.05414803912464716,5.517916036511252,-0.02000267688633246,-0.0743563573132322,development
2015-08-20,5.42450499380345,5.469599063980637,5.42450499380345,5.461073793765995,17.289803525680714,5.500219801049161,-0.022335459364952643,-0.01681054791821346,5.512571295050032,-0.021889781275774733,-0.029607720008262284,development
2015-08-21,5.461094994305531,5.46566066892219,5.44554700397697,5.449186956052169,16.95853293129247,5.4946094734140285,-0.021622952671370647,-0.023799564690488495,5.507399086677536,-0.02038565018912466,-0.037826480436241816,development
2015-08-22,5.449586767761531,5.459402521657374,5.405843512135666,5.439773522497751,16.95991715774246,5.48928316399409,-0.03268562335026271,-0.01682401814607637,5.502405554854168,-0.03190776561862524,-0.030724266737792938,development
2015-08-23,5.439712787548528,5.449771564705516,5.418674871191201,5.430086610061876,16.72821990824382,5.484258656026318,-0.019461264002665964,-0.03471078196177668,5.497594904633431,-0.019449254864364662,-0.04805903970718983,development
2015-08-24,5.429836734219699,5.42995512562974,5.349214800293101,5.349461876592746,17.896781717784815,5.47954723068081,-0.04115321617951922,-0.08893213790854482,5.492971775951271,-0.0012842208163259304,-0.14222567854219914,development
2015-08-25,5.347431255455818,5.421954341529344,5.2961500260615235,5.400914538435886,17.92784566547674,5.475157764809723,-0.0163998800872537,-0.0578433462865835,5.488540304464017,-0.011366353049948173,-0.07625941297818262,development
2015-08-26,5.4030196836407045,5.443209599059787,5.394554365813394,5.419786904032081,17.27522841987707,5.471099703798531,-0.006190745356726996,-0.045122054409723056,5.484304322688461,-0.003930490246828803,-0.06058692840955082,development
2015-08-27,5.420756227454394,5.432161858776762,5.410234367057485,5.4150731956973015,16.902243785385334,5.467384153055933,-0.008368751741922401,-0.043942205616709806,5.4802679193904265,-0.009271892142055338,-0.055922831551069585,development
2015-08-28,5.414770647361096,5.460516969991674,5.3978277807321655,5.444130511671244,17.260297333362676,5.464023432077649,-0.00033236467697525616,-0.01956055572942983,5.476438640837556,0.0005910782248066877,-0.032899207391118956,development
2015-08-29,5.444791496920815,5.451990790078052,5.426402714229259,5.437122324202832,16.657071376475205,5.461027554782435,0.008410669462230909,-0.0323159000418336,5.472826231877458,0.011576405811007136,-0.047280313485632774,development
2015-08-30,5.437622701650481,5.447030402866405,5.421627296303928,5.43267779742536,16.78143294925877,5.45840065254811,0.002539015121278478,-0.028261870244027598,5.4694404035891075,0.0030253859655001237,-0.03978799212924766,development
2015-08-31,5.43421968929513,5.446547671346756,5.420158792674749,5.43832275667869,16.846161081181346,5.456139502773249,0.0033781547560283,-0.021194900850587395,5.466289762925095,-0.00031011864517208054,-0.02765688760123375,development
2015-09-01,5.439191719095944,5.443352353260839,5.4243330897757,5.429876199580459,16.839597073616993,5.454235226295747,-0.0010090357923570386,-0.023349990922930886,5.463384196170312,0.0007381897853994141,-0.034246186375251675,development
2015-09-02,5.429464011420644,5.440584844836247,5.422634590489891,5.434961395016567,16.747258876580428,5.4526736836350524,0.003617280957903727,-0.02132956957638843,5.460735249275496,0.0017061358531046174,-0.027479990112032837,development
2015-09-03,5.4351358730019195,5.436360422483965,5.423482012736207,5.425755854381625,16.676682395324264,5.45143595411773,0.02007654958813675,-0.045756649324241394,5.4583565693291,-0.0006485483173311202,-0.031952166630143886,development
2015-09-04,5.425896689510322,5.441984689942086,5.425174639388577,5.439374140701377,16.85824096238331,5.450503072706709,0.029769152914554786,-0.040898084919887445,5.456265105273318,-0.0008076403585550894,-0.016083324213385986,development
2015-09-05,5.438944174384438,5.4644375765937045,5.435654603002591,5.459666350025787,16.844261708751453,5.449857898398543,0.03503157658045764,-0.02522312495321355,5.45448165126346,0.00585559451567352,-0.0006708957533465565,development
2015-09-06,5.459032148725328,5.492699248537822,5.458227144317887,5.479972018927336,17.05315714460516,5.449483650060608,0.04231916297444497,-0.011830794107716258,5.453031003673124,0.02312671357977831,0.003814301674434084,development
2015-09-07,5.480363909279091,5.489375658349558,5.475299695415284,5.480001220469396,16.869143794600276,5.449360885109545,0.01681741904914475,0.013822916310706646,5.4519369640793665,0.0013760828687366606,0.02668817352129338,development
2015-09-08,5.479997021533767,5.504440919532591,5.47929632996672,5.495556248888215,17.106863348475056,5.449464379940647,0.03236328322832152,0.013728585719245956,5.451211291728342,0.01250254868813764,0.03184240847173481,development
2015-09-09,5.4947677780810755,5.498871693239605,5.471518286077052,5.472976304067544,16.97826888117307,5.449764722472154,0.025276429683753023,-0.0020648480883638243,5.450846693101005,0.007946314558821629,0.014183296407717094,development
2015-09-10,5.473681436480857,5.486011959777461,5.462945821132343,5.474272890585822,16.87024265170621,5.450228991836897,0.038870386805149496,-0.014826488056224996,5.450816573836177,0.015288337438174879,0.008167979311469509,development
2015-09-11,5.473652050223846,5.485497958669433,5.473652050223846,5.4810846348312,16.77170652056924,5.45082050699271,0.01948266184264447,0.010781465995845174,5.451080810406284,0.027487843617122445,0.002515980807793916,development
2015-09-12,5.480034556165602,5.481155427014334,5.458538147975312,5.460559524323052,16.70380243217894,5.451501963988784,-0.0014162117585942323,0.010473772092861822,5.45158890312434,0.004375510881589171,0.004595110317122675,development
2015-09-13,5.460614790215207,5.463556333188422,5.435170738347188,5.4403028931872015,16.73213474112057,5.452238291947074,0.004906008335370864,-0.016841407095243177,5.452286044747984,0.012425977038466766,-0.02440912859924893,development
2015-09-14,5.4407236075081125,5.44863213753215,5.429174555111619,5.440875384085276,16.85992827591906,5.453004481758009,-0.0012135096819129191,-0.010915587990820264,5.4531207501034045,0.005815158099045132,-0.01806052411717385,development
2015-09-15,5.440216173765644,5.557530543858688,5.437305123231818,5.439400179233272,16.769263970168886,5.453789343339349,-0.004673987285147722,-0.00971517682093026,5.45405335126973,0.0021027561966713137,-0.016755928233129325,development
2015-09-16,5.439165675135416,5.44334799758399,5.426719344690526,5.43411931937368,16.81842701337375,5.454596955162989,-0.0056343734619098826,-0.014843262327398854,5.4550592052433515,0.0008014936072302404,-0.021741379476901024,development
2015-09-17,5.434053843685719,5.439317688336525,5.433398784949188,5.437252870125405,16.756543796807016,5.455446650391978,-0.04785387141657565,0.02966009115000201,5.45613045163203,-0.000960965621950101,-0.017916615884675302,development
2015-09-18,5.453271992124292,5.456828511997642,5.447534457357365,5.450931177854786,16.82328014153051,5.456357229064122,-0.03308506252964034,0.027659011320303684,5.45726369484848,-0.019745556737233525,0.013413039743539024,development
2015-09-19,5.450428833020902,5.451917902788344,5.442802937178277,5.444549619072947,16.35810426424348,5.457348540392537,-0.02694872083942145,0.014149799519831419,5.458462304816136,-0.019264036235293405,0.005351350492104778,development
2015-09-20,5.444143502304296,5.448309434896093,5.442028040237894,5.443335062785685,16.485838192464364,5.45844716501292,-0.02880695927285999,0.013694857045624786,5.459740176938341,-0.020279122166704248,0.003874008014048691,development
2015-09-21,5.443356642747113,5.443356642747113,5.4228376386401385,5.425324426236322,16.79505252293564,5.459681568731328,-0.04344241368431605,0.009085271189309907,5.461116919007506,-0.034848104441677484,-0.0009443883295068289,development
2015-09-22,5.424813418284316,5.448399789084437,5.416620286596663,5.440762645553163,17.034758353642754,5.46108261558147,-0.030677880812166814,0.010357910783860724,5.462617941583981,-0.021265808700645258,-0.0005894873301723891,development
2015-09-23,5.442140635776495,5.44602594064202,5.436299479879797,5.439309008185219,16.66356041231661,5.462683279093917,-0.05253594052099044,0.02916166961229294,5.464274369869607,-0.005448647378760051,-0.019516714305627403,development
2015-09-24,5.439634627917742,5.462343418690712,5.43936108796291,5.457579277464608,17.038290790702316,5.4645108163262375,-0.031023867705605106,0.024092328843975608,5.466118369740007,-0.014594370132344686,0.006055277856945374,development
2015-09-25,5.456866926386224,5.46986021622993,5.453969799750437,5.460198080529608,16.922945239796203,5.466587253037337,-0.026877138507054258,0.02048796599932512,5.468180344942775,-0.011799150354520817,0.0038168859413536538,development
2015-09-26,5.459908883131368,5.461298938585246,5.452573762358592,5.4567730364509845,16.434664042303844,5.468931260428147,-0.02757431079761912,0.015416086820456698,5.4704870854373375,-0.014788600480144076,0.0010745514937910983,development
2015-09-27,5.455914988552752,5.45756646020459,5.448786984859619,5.449995007218936,16.46733609737957,5.471557494620504,-0.011859603368194513,-0.009702884033373493,5.47306118251774,-0.0006358126778917908,-0.022430362620911914,development
2015-09-28,5.450334336634833,5.477880975781828,5.448748258821654,5.477057510649546,17.022840019396636,5.474478173700049,0.0013255301757662506,0.001253806773730659,5.47592194645381,0.013925249737395801,-0.012789685541659601,development
2015-09-29,5.47653052249228,5.479813591182418,5.463526647452825,5.466738578382222,16.93749219314664,5.477702313120899,0.0006097255573816306,-0.011573460296058435,5.479084166046203,0.009461309084051349,-0.021806896748032045,development
2015-09-30,5.4665399964269925,5.47115237423794,5.462258524848791,5.464085999834016,16.79833493186706,5.481236699077142,0.012258286863982767,-0.02940898610710807,5.4825587241803255,0.013541466977740047,-0.03201419132404926,development
2015-10-01,5.463848744712641,5.474138706382859,5.462203349726983,5.470373901145362,16.835389002153494,5.4850891025497255,-0.000366319328549327,-0.014348882075814196,5.4863541354280585,0.012338861534157567,-0.028319095816853768,development
2015-10-02,5.469173477264542,5.4745412049876245,5.4663836175672,5.469295661531614,16.795006787396108,5.489271220783177,0.0019006845240030776,-0.02187624377556574,5.49047452530013,0.005895378649815167,-0.02707424241833145,development
2015-10-03,5.4689120810848,5.477780685803371,5.467823827139229,5.47533318820648,16.617821964647245,5.493797235312217,0.025162350280995418,-0.04362639738673213,5.494919034688064,-0.016226729827248355,-0.0033591166543365247,development
2015-10-04,5.474499305652222,5.476329661378612,5.472018551134957,5.473358328599003,16.380383066319148,5.498675713207322,0.05235871414269551,-0.07767609875101389,5.499685061486004,-0.016138071640643528,-0.010188661246357533,development
2015-10-05,5.472888143501938,5.4822334663822625,5.468207825166017,5.4822334663822625,16.965503548148394,5.503913213921236,0.061147965818447135,-0.08282771335742112,5.504762953568284,-0.00907648249560087,-0.013453004690420656,development
2015-10-06,5.482154434374795,5.509125134381969,5.481205436176622,5.505587614929955,17.130972148730827,5.509525005799637,0.060493527161999336,-0.06443091803168155,5.5101320812409345,0.01886796268313013,-0.023412428994109113,development
2015-10-07,5.506022346861035,5.508096003139239,5.491352192044446,5.492933838903152,16.95097003415957,5.515541427188747,0.038269352002881486,-0.06087694028847679,5.51576831371728,0.004837657008918701,-0.02767213182304662,development
2015-10-08,5.493370024942455,5.498196414148783,5.4896771258738255,5.490193139861145,16.734108029286553,5.522003278452859,0.0490972828330222,-0.08090742142473584,5.521651985864227,0.010768041571752467,-0.04222688757483439,development
2015-10-09,5.490993467456967,5.498102202115785,5.489441706575234,5.4968853975963015,16.669281780374956,5.528948435593451,0.03726043378656918,-0.06932347178371856,5.527771524474158,0.015744330607238496,-0.046630457485094645,development
2015-10-10,5.496102105960384,5.502559405256245,5.493365944711925,5.501017341946379,16.58262815334697,5.5364057235634005,0.042249537184148776,-0.07763791880117044,5.534124014970955,0.017207674514481745,-0.05031434753905817,development
2015-10-11,5.500204612439814,5.510371643306868,5.49779095266973,5.509590757839826,16.638513184916825,5.544393749828077,0.00937103481937034,-0.044174026807621836,5.540715067203172,0.030970618233800026,-0.06209492759714674,development
2015-10-12,5.508882135655386,5.511224685135033,5.501988559693214,5.50251455855997,16.67130818173004,5.552920530503417,-0.014820346028249349,-0.035585625915197205,5.547558576167089,-0.011686768920674205,-0.03335724868644441,development
2015-10-13,5.502074191419315,5.522404442203129,5.4961718430036175,5.519490961171082,17.15477937846714,5.561983224401686,-0.001111121788204451,-0.04138114144240035,5.554676444194177,0.018846360007572987,-0.05403184303066855,development
2015-10-14,5.519430843454881,5.538416334521885,5.517063261932493,5.529385429415566,17.128335673410614,5.571555972750117,-0.005256475403617321,-0.0369140679309341,5.562091150659288,0.013532327777918955,-0.046238049021641636,development
2015-10-15,5.5298535791481305,5.545029017839874,5.529611631166777,5.538593345306542,17.04328669726476,5.581587693000799,-0.0090179393295635,-0.03397640836469318,5.569809933001863,0.007838596165899568,-0.039055183861219867,development
2015-10-16,5.538498963299574,5.584003735658001,5.537042865903938,5.571655763575888,17.396289663169426,5.592014859117756,-0.010791446430537605,-0.009567649111331455,5.577820615696754,-0.006949439825033033,0.0007845877041665617,development
2015-10-17,5.571191627389712,5.611586783758932,5.569744303736486,5.600789578418653,17.581341817060576,5.602765752602282,-0.020037203391362585,0.018061029207734336,5.586083578084721,0.009513693319688292,0.005192307014244335,development
2015-10-18,5.6017756361683055,5.604580729959495,5.563665667040487,5.5669809998027615,16.926101640232,5.613764267776297,-0.019990544715498375,-0.026792723258036943,5.594524623540621,-0.005736600039166049,-0.021807023698693584,development
2015-10-19,5.567813799603775,5.579050377477504,5.564332607313896,5.573814294623876,17.044685207410097,5.624929821706632,-0.01920596620097717,-0.03190956088177899,5.6030377949811925,-0.010852987070989868,-0.01837051328632633,development
2015-10-20,5.574326541292376,5.601509747978579,5.573016738646727,5.596431136774367,17.245936622659706,5.636184402578117,-0.02565717559154598,-0.01409609021220426,5.611504103155101,-0.017862025005120057,0.0027890586243852766,development
2015-10-21,5.595848278811855,5.601269711410776,5.575339028073206,5.584518354735805,17.059558919265363,5.6474556215119875,-0.046923500424331306,-0.016013766351851366,5.619825639988655,-0.03154009459274763,-0.0037671906601017824,development
2015-10-22,5.5853592423676774,5.622247022115438,5.584003735658001,5.613212082059095,17.448047174389128,5.658674555816343,-0.03748400690341306,-0.007978466853834298,5.627945511107584,-0.018061474888805724,0.0033280458403170954,development
2015-10-23,5.611846215043332,5.630078489350341,5.611458828151646,5.622196362268351,17.197949800662347,5.669773731519228,-0.05051079054905084,0.0029334212981746433,5.635846324057766,-0.019730662970478142,0.006080701181063297,development
2015-10-24,5.622225279447377,5.640863951546286,5.622225279447377,5.640679337794882,17.071389292322458,5.68069087686978,-0.040103704564817017,9.216548991997087e-05,5.643541119988112,-0.017126623392874393,0.014264841199644884,development
2015-10-25,5.6399370725450195,5.683780395170756,5.6399370725450195,5.6478468165926765,17.637982987181495,5.691369846968677,-0.04001728190620051,-0.0035057484698004515,5.6510620150673745,-0.015619375000672085,0.012404176525974364,development
2015-10-26,5.647663487601486,5.653541215457449,5.636609409887534,5.653541215457449,17.284640724976125,5.701761321423629,-0.03814033807418374,-0.010079767891996383,5.658447969930188,-0.015244309866671003,0.010337555393931552,development
2015-10-27,5.6531240657037785,5.69107543308522,5.652517234611966,5.682858399732629,17.651339129937522,5.7118225965565745,-0.02398699719251568,-0.0049771996314298406,5.665735878783123,-0.004995521371643746,0.02211804232114911,development
2015-10-28,5.6825690625309235,5.724666196117606,5.6825690625309235,5.719058570360917,17.743566368338897,5.721515373570925,-0.007299766620054332,0.004842963410045975,5.672954282571694,0.011411042108162607,0.03469324568106025,development
2015-10-29,5.718092940087983,5.762585873248028,5.709840746213764,5.748931130861986,17.982112229358993,5.730811500067698,-0.0076024751076388866,0.02572210590192725,5.680121233537438,0.006191198322838507,0.06261869900170947,development
2015-10-30,5.749211419107528,5.811646871884614,5.7492018924918336,5.793059383555956,18.176122028653246,5.739699821797628,0.012010697340211623,0.041348864418116804,5.68725135544735,0.016011974096224735,0.08979605401238189,development
2015-10-31,5.794573346847248,5.807472620322509,5.734153267855815,5.749921461208732,17.699095014033237,5.7481821333972185,-0.0022453836783860397,0.0039847114898998726,5.694353596971625,0.015791797867633378,0.03977606636947417,development
2015-11-01,5.75258852727084,5.7914025091262795,5.742621743273893,5.785150456995966,17.42645822692253,5.75627223480245,-0.006583422607509128,0.03546164480102476,5.70143031375627,0.00023832782306624665,0.08348181541663013,development
2015-11-02,5.78671940878206,5.900883128916156,5.7782992188940865,5.8894013543013,18.43967913617349,5.76399816556232,0.0171448835169755,0.1082583052220043,5.708481738369388,-0.02319864690955188,0.2041182628414635,development
2015-11-03,5.891293282301406,6.035242154857076,5.879546475377668,5.999970747092084,19.14417283031483,5.771398672238368,0.04548319702981064,0.18308887782390482,5.7155090124929515,-0.025066243237039987,0.30952797783617214,development
2015-11-04,6.0005828524684715,6.205692495687196,5.941612330185129,6.019962078390958,19.391080805262867,5.778508383485382,0.05085064382479908,0.19060305108077724,5.722510019123858,-0.022325281698222635,0.31977734096532284,development
2015-11-05,6.011455871795768,6.103812851552249,5.925808051136034,5.956754057726955,18.838239053642198,5.785347618337286,0.05360352968493201,0.11780290970473661,5.72948152742301,0.010635004969322964,0.21663752533462155,development
2015-11-06,5.961126458834437,5.980999980270651,5.869367514878701,5.925511696144003,18.62514696274867,5.791922517688085,0.03561284576539716,0.09797633269052142,5.736419742769217,0.0011074193734327063,0.18798453400135262,development
2015-11-07,5.924974823612587,5.967648171665938,5.920057193192163,5.957085281172597,17.85196292543034,5.798232001368637,0.04387640737174989,0.11497687243221044,5.743321010495985,0.003987780883399751,0.20977648979321195,development
2015-11-08,5.951366288284105,5.965877443892627,5.90998333832933,5.922564559253641,17.76324043715975,5.8042746030451,0.04721099149269643,0.07107896471584496,5.750183389762719,0.026832310502166747,0.14554885898875547,development
2015-11-09,5.925121746169452,5.953965190829506,5.8941135059120615,5.940847309668741,18.038312844747324,5.810048432327971,0.04842129861334197,0.0823775787274279,5.757003360687224,0.0245429094063768,0.15930103957513975,development
2015-11-10,5.940129169729691,5.943814590329973,5.796385969540073,5.819545694672454,18.37775137422598,5.815550528542491,0.008544676974248532,-0.00454951084428501,5.763774004975074,0.03269019655659301,0.023081493140787224,development
2015-11-11,5.828416087139574,5.830664702372206,5.7071003288191156,5.740063020069804,18.488993393474136,5.820781517917688,-0.0018869782431034008,-0.07883151960478063,5.770484288353624,-0.0037804742831933323,-0.026640794000627466,development
2015-11-12,5.749644578460014,5.843779153826349,5.747339884514298,5.823495522492152,18.178326352951142,5.82574896671541,0.009308418559344833,-0.011561862782602184,5.777118681691984,0.03219956246014224,0.0141772783400258,development
2015-11-13,5.82451814196535,5.831630250462344,5.787127453671052,5.819349696320079,17.766811986418915,5.830471635043556,0.0017162256620513335,-0.01283816438552865,5.783657504856634,0.02370117809932808,0.011991013364117009,development
2015-11-14,5.818966559370883,5.823581254519657,5.799001744873829,5.807860185571739,17.469073692849328,5.83498101160818,0.0005887484797144687,-0.0277095745161553,5.790077600394101,0.019850376651179794,-0.0020677914735411917,development
2015-11-15,5.80829561609388,5.813121029314499,5.7604462909066285,5.768839564751146,17.604531705844252,5.839311475086944,0.0034260701554896236,-0.07389798049128782,5.796362396205164,-0.0008678923868622006,-0.026654939067155325,development
2015-11-16,5.767492482046024,5.8040078493172205,5.755441531677777,5.8013658478883885,17.686296920417377,5.843501775300627,-0.007215146327841245,-0.03492078108439767,5.802517469503683,0.03520827202979145,-0.03635989364508596,development
2015-11-17,5.800189021412395,5.824080880706902,5.797922314425171,5.814411071873012,17.74736758235274,5.84760195530277,-0.009237716777696532,-0.023953166652061597,5.808582206839824,-0.007254077311149593,0.013082942344338377,development
2015-11-18,5.81291482927749,5.818690287187634,5.801030214360263,5.812905890616245,17.594774466756277,5.851670688454666,-0.010966451462583859,-0.027798346375837113,5.8146261067288325,-0.02157449503988052,0.0198542789272933,development
2015-11-19,5.813171820467862,5.815127094494479,5.784664861392889,5.787354291691212,17.62241970620078,5.855770308253658,-0.01728193209387831,-0.05113408446856749,5.820743416486096,-0.025977858836277533,-0.0074112659586056395,development
2015-11-20,5.788157356283237,5.788347225233737,5.743698492503499,5.7746198761290755,17.788683242636193,5.859964141877091,-0.043906929885151554,-0.04143733586286391,5.8270440722132975,-0.028371970925484064,-0.02405222515873806,development
2015-11-21,5.77483725162095,5.793498236664593,5.767054572968799,5.7897369105025,17.154850301707977,5.86431594369978,-0.02808667543626029,-0.046492357761020564,5.833633442896136,-0.0052138160463794355,-0.03868271634725673,development
2015-11-22,5.7898837340310765,5.78999078143792,5.772247659785637,5.782396502868466,16.969928967739055,5.868887887699607,-0.036684180428372806,-0.04980720440276798,5.840592595695145,-0.013023468805006173,-0.04517262402167255,development
2015-11-23,5.781823198465909,5.784188228728111,5.772344168532779,5.77779469698796,17.128929031796712,5.873737181297546,-0.040020038902016365,-0.05592244540757019,5.847965196289067,-0.01726216294879487,-0.052908336352312624,development
2015-11-24,5.7776956894649905,5.777831916692307,5.762422419283531,5.768464704217222,17.19523234770499,5.878911828586698,-0.03701006858950998,-0.07343705577996662,5.85575217385145,-0.01319155031581915,-0.07409591931840875,development
2015-11-25,5.768461652776115,5.796464970879519,5.758175923761022,5.793641440829273,17.545217630582652,5.884451499378547,-0.02919910125885971,-0.06161095729041488,5.863913704222513,-0.0049923469998016615,-0.06527991639343877,development
2015-11-26,5.793936989863047,5.904699472056267,5.793711547389994,5.8655724449444255,18.479939737251915,5.890390404830008,-0.031855432567992836,0.00703747268241095,5.872381986346215,-0.010689320106907525,0.003879778705117687,development
2015-11-27,5.86323618964687,5.896024079391555,5.851828832678241,5.880650276170031,17.826094834485865,5.896756532243669,-0.016721247232320727,0.0006149911586827983,5.881080078030838,0.0034707059647863217,-0.003900507825592925,development
2015-11-28,5.87813063714733,5.8848143409901565,5.864119684383248,5.878802473166244,17.421459415548206,5.903563876701517,-0.014839322983963035,-0.009922080551309165,5.88993156928539,0.0016850991842950612,-0.012814195303440634,development
2015-11-29,5.879056995147367,5.9187298499649605,5.873992046324403,5.916994218580349,17.51457053920646,5.910803924041774,0.005283131985343021,0.0009071625532319771,5.89885474016737,0.01519148712519664,0.0029479912877823367,development
2015-11-30,5.9173792985037705,5.946370436434863,5.914537593510867,5.933096322212259,18.08802363446979,5.918445755650746,-0.008971004961155115,0.02362157152266775,5.907761766974561,0.010310552577261862,0.015024002660435798,development
2015-12-01,5.933342732140278,5.9373541299325545,5.876510909520838,5.892991388506021,17.91736354461865,5.926430274914441,-0.013873893548089156,-0.019564992860330754,5.916567519300347,-0.00357180315895574,-0.020004327635370522,development
2015-12-02,5.891215946652669,5.892284875617664,5.856403403010085,5.883843176809928,17.807462436894784,5.9346722431683565,0.006259126089354501,-0.057088192447782404,5.925197024876054,-0.027335114016741074,-0.014018734049384918,development
2015-12-03,5.884243951740675,5.914245956338794,5.878889142453855,5.889005346340568,17.741730330705145,5.943072411820869,0.03234439917224226,-0.08641146465254312,5.933587094683862,-0.02998091272297381,-0.014600835620320218,development
2015-12-04,5.889603438598726,5.895823288303053,5.874247881190224,5.89490687773701,17.393014246581338,5.9515364528703705,0.034306182372441825,-0.09093575750580207,5.941696886525939,-0.031466939018713266,-0.015323069770215803,development
2015-12-05,5.896387113041267,5.965595314553003,5.895033500091637,5.963448242737184,18.00943195757538,5.959984702807911,0.03674791138687054,-0.033284371457598105,5.949516757024237,0.0007131533608119435,0.013218332352134432,development
2015-12-06,5.965005043277973,5.99846248060525,5.958654613107763,5.96302132034316,18.16916345081006,5.968346789517468,0.027962954119229347,-0.03328842329353687,5.957063096910812,-0.00324460797576285,0.0092028314081114,development
2015-12-07,5.966090319070572,5.991387029353558,5.954310325110307,5.9802418341374,17.965854174265477,5.976559312139498,0.03444945953219543,-0.030766937534293604,5.9643652067641835,-0.0021384593049948723,0.01801508667821139,development
2015-12-08,5.980792800542063,6.029634199195823,5.966018557062569,6.029634199195823,17.872523572103177,5.984571486757629,0.050862206338218016,-0.005799493900023656,5.971451364610749,0.03525652351407199,0.022926311071002736,development
2015-12-09,6.026930647197591,6.047655815177086,6.007069614955257,6.034435403090789,18.325459771168976,5.992345798525098,0.05106317068040707,-0.008973566114715226,5.978339860730644,0.0319250589160261,0.024170483444119206,development
2015-12-10,6.035452739768625,6.039084986225259,6.019925669935384,6.029432080888748,17.769421888380208,5.999861861542201,0.011843675740249412,0.01772654360629744,5.98503918829648,0.03375501330397134,0.010637879288296404,development
2015-12-11,6.028955413737192,6.1135449763937215,6.028955413737192,6.1135449763937215,18.524536136480442,6.0071123130644235,0.012413897971763049,0.09401876535753484,5.991559985310919,0.002374171097727492,0.11961081998507517,development
2015-12-12,6.114423036966968,6.1508223537173325,6.017962838965677,6.075339155892636,18.69807761206211,6.014089901436874,0.022958355955412704,0.03829089850034961,5.997908353269283,0.0439985669042311,0.033432235719121906,development
2015-12-13,6.0676382499023855,6.090585621447986,6.055068269113208,6.07247986986885,17.823763338421234,6.0207899877902245,0.01093040383523582,0.04075947824339021,6.004087660525884,0.029965261487322634,0.038426947855644045,development
2015-12-14,6.071365713688127,6.102876213742217,6.064845097272325,6.096234403661059,18.686853140579334,6.027212302204636,0.011836485144185671,0.057185616312237286,6.010100264089587,0.026412518735081634,0.059721620836390876,development
2015-12-15,6.095549728948241,6.142727520951348,6.095549728948241,6.142727520951348,18.235809198699606,6.033357912431772,0.01616604986476885,0.09320355865480678,6.01593976857005,0.0018222294586092507,0.1249655229226887,development
2015-12-16,6.142484634167895,6.142484634167895,6.0954889502649054,6.1201523326022595,18.497123141356823,6.039220877783001,-0.020857521038951814,0.10178897585821023,6.021587340561025,0.03448230632573952,0.06408268571549502,development
2015-12-17,6.119807206728658,6.12656342864212,6.106706583157531,6.122663853876693,17.686261488434493,6.044788753117487,-0.008985870664068165,0.08686097142327398,6.027015393464879,-0.01561969250857732,0.11126815292039183,development
2015-12-18,6.122157193771899,6.142417982621095,6.120165547399137,6.139056617557054,17.913516758200114,6.050041440429804,-0.008481687961921138,0.09749686508917055,6.032203801127746,-0.026978876837863104,0.1338316932671706,development
2015-12-19,6.138918572887372,6.143286074492959,6.124169067405287,6.136261598541173,17.684473670811894,6.054943132841977,-0.010931855368064663,0.09225032106726072,6.037149760447182,-0.027596933943240448,0.1267087720372313,development
2015-12-20,6.136071275401667,6.1369599975545714,6.0738230620748315,6.092858450751853,18.13844250690368,6.059449151416365,-0.033780175791543375,0.06718947512703188,6.041841239691984,-0.024668571788935407,0.07568578284880445,development
2015-12-21,6.093204043355869,6.097465116662605,6.057514452949943,6.0836767686456685,18.16758941362996,6.063511404645999,-0.006966108145194868,0.02713147214486522,6.046256708056603,0.00865792464886751,0.028762135940198164,development
2015-12-22,6.080930419898409,6.095121586348372,6.076531514791789,6.078953289515608,17.744201891744588,6.067083761768579,-0.014200540269724036,0.026070068016752934,6.05036840673946,0.001361916561893012,0.02722296621425535,development
2015-12-23,6.0792922602212585,6.097015275999124,6.079060933779408,6.092216712863793,17.669086340571322,6.0701270111410475,-0.029827395530759616,0.05191709725350524,6.0541452733081185,-0.01569996319337413,0.05377140274904946,development
2015-12-24,6.0937751742304185,6.127864308246199,6.093743560360331,6.120264419285588,17.86131594201732,6.072614495388454,-0.02282133965538297,0.0704712635525171,6.0575540847153695,-0.010188692316603097,0.07289902688682215,development
2015-12-25,6.119978711026118,6.127534885411664,6.113848122257716,6.121731588060592,17.481083027187232,6.074521905292,-0.011719458125540818,0.058929140894131926,6.06055833366607,0.0013374123591685214,0.05983584203535308,development
2015-12-26,6.121957604914443,6.125752870656749,6.0057618759610145,6.033743048726611,18.57053076920773,6.075819314337565,-0.024252625978346248,-0.017823639632608135,6.0631176142961465,-0.012461309458588036,-0.016913256110948183,development
2015-12-27,6.031920092734042,6.049749937407447,6.0134290407881075,6.046953647029527,17.796895452117468,6.076482082281713,-0.015148331665017504,-0.014380103587169124,6.065190457822068,-0.004367339211490398,-0.013869471581050341,development
2015-12-28,6.048182694697744,6.063247884122058,6.0366314587900245,6.045666213366441,17.720279334986532,6.07650058062047,-0.011724651115635963,-0.019109716138393296,6.066737743905913,-0.0034697420420374304,-0.017601788497434434,development
2015-12-29,6.045237495373677,6.070698470188032,6.041746488975937,6.070698470188032,17.758964418075063,6.075880136081771,-0.0022724154429282777,-0.0029092504508110295,6.067723089679103,0.0037484859572355584,-0.0007731054483066657,development
2015-12-30,6.071430300589851,6.073935826642924,6.045204381661495,6.05589367577804,17.663302216405373,6.074643414764825,-0.009327414506601565,-0.009422324480183875,6.068119176499587,-0.0008713857960272551,-0.011354114925519632,development
2015-12-31,6.05414587598113,6.070555240220968,6.037238226735249,6.065102912460117,17.644078060418924,6.0728337661492064,-0.015575231130591926,0.00784437744150246,6.067915603880128,-0.011799676828739326,0.00898698540872811,development
2016-01-01,6.065460567977536,6.0782063094631855,6.057989409631402,6.07381385768037,17.406746890580397,6.070508526636359,-0.014340070696323362,0.017645401740334243,6.067116986202553,-0.027490021281879974,0.03418689275969644,development
2016-01-02,6.07447670919995,6.077784461905221,6.068124605684885,6.071748737083858,17.219922799754716,6.067732477152938,-0.004393978446167228,0.008410238377087431,6.0657442105462955,-0.029226594891801273,0.03523112142936391,development
2016-01-03,6.072071717519371,6.072452219315711,6.051397150005137,6.063810757896108,17.495192872755073,6.064570191598417,-0.004942641827680817,0.004183208125371429,6.0638342125269045,-0.031649158890718815,0.031625704259922394,development
2016-01-04,6.0639270697876375,6.074235065459208,6.061652738681817,6.070947875434983,17.46558423882546,6.061081198792622,0.0005366461158518849,0.009330030526508715,6.061437448472627,-0.009799991927068498,0.01931041888942442,development
2016-01-05,6.070897069117644,6.0734638166960835,6.063031424431066,6.068332971686811,17.357124768965576,6.057325725950389,0.005159764635578587,0.005847481100842877,6.058618514769492,-0.0033726224359241536,0.013087079353242714,development
2016-01-06,6.068092170398039,6.068092170398039,6.055239503522943,6.061701669859845,17.343120331355912,6.053364039075799,0.00853909830656294,-0.00020146752251637423,6.055450472711722,-0.0020116488822197265,0.008262846030342885,development
2016-01-07,6.063810757896108,6.128540256962882,6.061636380213154,6.126973991285477,18.28785996735189,6.049253670121229,0.02937593795025542,0.04834438321399315,6.052009361890218,0.0319291414866681,0.043035487908590575,development
2016-01-08,6.125859929136145,6.137584474807821,6.1046548038609805,6.116399747173217,17.858439028785895,6.045051938435984,0.02746409966338125,0.043883709073852195,6.04837229643667,0.028651453847592802,0.03937599688895421,development
2016-01-09,6.116737233179569,6.119505929102186,6.102310258635328,6.10392453467062,17.28989647255876,6.040807786412167,0.0066618371617349,0.05645491109671763,6.044606552990694,0.01626707696919498,0.04305090471073125,development
2016-01-10,6.1053243560759825,6.105482705611205,6.0875721661458355,6.1047731369005716,17.398915628826604,6.036556782146805,0.021061580935307113,0.047154773818459006,6.040758861438593,0.006725172935170319,0.0572891025268083,development
2016-01-11,6.1063500511935125,6.110717584670835,6.095497957300773,6.105748153564764,17.515577226190654,6.032328572494037,0.02309586347784707,0.0503237175928799,6.0368725954048505,0.03277811781876991,0.03609744034114293,development
2016-01-12,6.105199415090204,6.105199415090204,6.076930986796326,6.076930986796326,18.56570707465247,6.028142266612679,0.00830643026440038,0.04048228991924674,6.0329764881111005,0.016633859773147328,0.027320638912078365,development
2016-01-13,6.0745756390105985,6.0757735364768415,6.050777705096253,6.069284021074084,18.973921977518984,6.024003384178945,0.013213376863710971,0.03206726003142801,6.029080489808754,0.018837583723181537,0.021365947542149044,development
2016-01-14,6.069092019832944,6.0714857278575085,6.058760983261862,6.064496583042723,17.5984608105303,6.01990708389441,0.02400393065606409,0.020585568492248463,6.025182357491429,0.004936773113110611,0.03437745243818302,development
2016-01-15,6.064378067563212,6.064378067563212,5.89806277780437,5.89806277780437,18.848240028222484,6.015844825118181,-0.01772074529348617,-0.10006130202032537,6.0212779392005595,0.031065905384264746,-0.15428106678045417,development
2016-01-16,5.900097328106801,5.967573942748015,5.871875510832541,5.9598087753143085,18.60593134856116,6.011809185803874,-0.0037593246798463655,-0.04824108580971931,6.017359433777925,-0.016145319043083174,-0.041405339420532705,development
2016-01-17,5.958817401697751,5.968618032448484,5.94041335630573,5.94620305424859,17.629250190025306,6.007799816572731,0.0006750520516894645,-0.06227181437582985,6.013423630613045,-0.024131016800236844,-0.04308955956421823,development
2016-01-18,5.944721415798924,5.961273354992605,5.931356220816197,5.958858705551067,17.81194641881399,6.0038309175413795,0.0027283293661802014,-0.04770054135649282,6.009480008707836,-0.021215755689498298,-0.029405547467271198,development
2016-01-19,5.958491876819412,5.960309249470583,5.937462283880665,5.940563246407182,17.66181676969763,5.99992774605815,-0.012072763504953867,-0.047291736146013896,6.005554354825547,-0.011307492009017848,-0.053683616409347046,development
2016-01-20,5.939486782208138,6.052717202963865,5.931180958226954,6.040802206612582,18.61723389120862,5.996122782771948,0.014712169978213554,0.02996725386242094,6.001684601030037,0.020808723032459047,0.01830888255008567,development
2016-01-21,6.039378109317016,6.047081390199195,6.007091772966607,6.0167959639121715,18.039976553418807,5.992450525396049,0.014634207761584441,0.009711230754537503,5.997909501823749,0.019532493247668006,-0.0006460311592455525,development
2016-01-22,6.015549675461065,6.017156669046812,5.9276777777342335,5.946707749518697,18.33235870114269,5.988943223912398,-0.0012956079671212902,-0.040939866426580096,5.99426256242736,0.0014089223081034663,-0.048963735216766224,development
2016-01-23,5.9465560645178,5.977728131304367,5.945370836425552,5.959692615749323,17.8452703935369,5.9856316481692,0.00727577068614399,-0.033214803106020874,5.990777425215814,0.007535850236405519,-0.03862065970289663,development
2016-01-24,5.96126816513317,6.0050838454963245,5.959741680201703,5.998864619656665,17.819653222530675,5.982554977135297,0.010133050993070535,0.006176591528297415,5.9874957077423145,0.013609509532076841,-0.0022405976177264364,development
2016-01-25,5.997240300535192,5.997240300535192,5.9624321192271434,5.97056264949552,17.894105087026354,5.979761880505099,-0.011279793410606741,0.002080562401027386,5.984467368424458,-0.00806502579426893,-0.0058396931346687,development
2016-01-26,5.971266978042568,5.985863870558066,5.967620043533964,5.971652108268669,17.87848486208222,5.9772973069303506,-0.00675482744859409,0.0011096287869127863,5.981741344200406,-0.004038093021145409,-0.0060511429105920556,development
2016-01-27,5.972393852393785,5.983540703968371,5.970705595574513,5.978814838082077,17.674647443236424,5.975194889592755,0.0008564981848380561,0.0027634503044842162,5.9793608872042885,0.0029083360535437875,-0.003454385175754915,development
2016-01-28,5.979255306991779,5.980155879988672,5.939473602577048,5.940931493926997,17.897240911191655,5.973478014637805,-0.0006932308201217411,-0.03185328989068559,5.9773615671220846,0.0015907572859313775,-0.038020830481018564,development
2016-01-29,5.940455427339,5.951629039287182,5.901134932123693,5.938786080654513,18.271313735768203,5.9721613828251785,-0.005246286316918868,-0.02812901585374661,5.975770066545195,-0.004648373126239387,-0.03233561276444252,development
2016-01-30,5.937179915233512,5.942581483148498,5.930894135400278,5.935568584305976,17.226143319433216,5.971252355620999,-0.0062345605909689,-0.02944921072405382,5.974602242521415,-0.006514331590620464,-0.03251932662481849,development
2016-01-31,5.935669025784431,5.941083954239549,5.907634444947837,5.910165003676338,17.450311289352904,5.970754469907496,-0.013712744414231377,-0.04687672181692726,5.97386530444645,-0.012661949121550128,-0.05103835164856285,development
2016-02-01,5.911744720490247,5.935084629866788,5.907966085418001,5.921728541886972,17.760130483739957,5.970669680053983,-0.017190848366404873,-0.031750289800606346,5.973561081334145,-0.01722516822637265,-0.03460737122080104,development
2016-02-02,5.921363955361132,5.929277913047862,5.921363955361132,5.925452936172872,17.513813000940733,5.970997511499273,-0.018711837463756535,-0.026832737862644507,5.973686803569132,-0.01907882501352118,-0.02915504238273936,development
2016-02-03,5.925981569711975,5.926792716285069,5.908205249710308,5.913365172085609,17.64270310102413,5.971731793018423,-0.020499152441260188,-0.037867468491553424,5.974233788789742,-0.019417385299474576,-0.04145123140465845,development
2016-02-04,5.913973195622173,5.970261343797954,5.913484117622055,5.965105156095144,18.053746279223326,5.972856631027855,-0.01318815299976821,0.005436678067057166,5.975184259562064,-0.013377504514037606,0.0032984010471182046,development
2016-02-05,5.963317124923363,5.9689479252129765,5.95472792265003,5.957258667750018,17.595715011589597,5.974343575483305,-0.01068108867010839,-0.006403819063177885,5.976509085310993,-0.011309093738053317,-0.00794132382292112,development
2016-02-06,5.957362085509875,5.957470780835838,5.919933618369769,5.930976486966577,17.712405732588252,5.976147554402048,0.007030859168096492,-0.05220192660356737,5.978164752410137,0.009106818782207142,-0.05629508422576812,development
2016-02-07,5.9309552513287445,5.942460740893713,5.926667366120836,5.931236708547034,17.428488536404288,5.978211445881616,0.004105489010265222,-0.051080226344847546,5.980095191372666,0.006301673782078706,-0.055160156607710675,development
2016-02-08,5.931600386770532,5.939852775169735,5.922473501244364,5.922776069467094,17.679835923201267,5.980474155994328,-0.002433902807138061,-0.05526418372009534,5.98223978545086,0.0006985110285095285,-0.060162227012274805,development
2016-02-09,5.922711836601502,5.932897500375107,5.921304951423691,5.929666246002518,17.828617967502886,5.982877664446191,0.008966553648354456,-0.06217797209202747,5.984539024493147,0.006006836054029226,-0.060879614544657734,development
2016-02-10,5.9299773555258115,5.954497097867784,5.92901182118639,5.944501303452537,18.259700594630758,5.985370970310234,0.012570133304517273,-0.053439800162213835,5.986937291238468,0.016002975971525876,-0.05843896375745761,development
2016-02-11,5.945719029257949,5.948374369965673,5.930649715890386,5.939260289761746,18.12463850246969,5.987914945121076,-0.002962717130642047,-0.045691938228687334,5.989388429715383,-0.001009736201529825,-0.0491184037521073,development
2016-02-12,5.939344607459154,5.953123872607067,5.93911808280532,5.951327215288137,18.020841794291552,5.990485454531023,0.0027013872618868824,-0.04185962650477304,5.991861404851468,0.0033669741540222637,-0.04390116371735342,development
2016-02-13,5.952310408858542,5.970904595884416,5.952310408858542,5.970904595884416,17.94121975048544,5.9930757601171605,0.012502212153267677,-0.034673376386012755,5.994345845785677,0.005060529325184774,-0.028501779226446367,development
2016-02-14,5.973636586214163,6.009378163404623,5.973636586214163,6.009378163404623,18.12590424546626,5.995693339984284,-0.021373423900648614,0.03505824732098706,5.996851363438797,0.022418193740943834,-0.00989139377511794,development
2016-02-15,6.010207773240785,6.017086025729676,5.985821135222233,5.991926934190596,18.120527859836002,5.998344723521243,-0.009277653935042887,0.002859864604396023,5.9993862467481005,-0.018867846497065667,0.011408533939561316,development
2016-02-16,5.995038171100629,6.013580690523502,5.995038171100629,6.010011500591356,18.10724459742591,6.0010336049602975,-0.003879553614296519,0.012857449245355035,6.001956773803222,-0.018844258603627886,0.026898985391762054,development
2016-02-17,6.010423695982115,6.043029411092172,6.008282323675897,6.031458977691644,18.236680991775938,6.003759693625569,-0.0026879112903531823,0.030387195356428087,6.004566119236467,-0.01487739067275696,0.041770249127933035,development
2016-02-18,6.032059294209498,6.054429961718293,6.029814690319425,6.045888776274933,18.156097833108166,6.006516478787985,-0.0070854590217750875,0.04645775650872341,6.007213908695322,-0.008468381009695195,0.04714324858930663,development
2016-02-19,6.04673370339646,6.047618020928705,6.034533624405607,6.042122023193409,17.83569357480276,6.009290124350991,0.019936301241433193,0.01289559760098502,6.009890824576207,0.02033021240212549,0.011900986215076514,development
2016-02-20,6.044059400450071,6.091273702237696,6.044059400450071,6.080308414165794,18.358721262231736,6.01206590339625,0.02500491835938304,0.04323759241016045,6.0125859547783405,0.023636876134005468,0.044085583253448135,development
2016-02-21,6.081700534718797,6.104895883396193,6.061636380213154,6.084039180077149,18.31332607462446,6.01482931207321,0.013865113526984975,0.05534475447695453,6.015287998691198,0.011669276276906958,0.05708190510904476,development
2016-02-22,6.084474387021704,6.084601944037371,6.070546005698846,6.08164336989895,18.262683353344155,6.017558575949621,0.018146056894663812,0.04593873705466578,6.017975192932287,0.015286840883316876,0.04838133608334694,development
2016-02-23,6.082800943930088,6.08645195141681,6.035053145607696,6.042005540538115,18.26103881309873,6.020223120225801,0.01665563156636688,0.00512678874594652,6.02061429575422,0.01587144959372374,0.005519795190171095,development
2016-02-24,6.042528300190443,6.053382421254188,6.025641342075753,6.0519832494327925,18.031241980185893,6.0227912139306765,0.005469590830342683,0.023722444671773424,6.023169149971028,0.005436663435252808,0.023377436026511766,development
2016-02-25,6.052176194078795,6.058466424113503,6.041242338888859,6.051015666573957,18.07534132380207,6.025234292731244,0.0075994070208117185,0.018181966821901874,6.025605464445628,0.0076091644793963645,0.017801037648932372,development
2016-02-26,6.051215841331924,6.06877739695402,6.044104422810322,6.06877739695402,17.93432008084975,6.02752848460746,0.020477782576321307,0.020771129770237984,6.0278935202406245,0.020094966680984917,0.020788910032409902,development
2016-02-27,6.0703658096577495,6.073576621779318,6.059363813359989,6.069626284943314,17.550643652465638,6.029655600221942,0.0069885319277756385,0.032982152793596065,6.030009128450232,0.006658592226401118,0.03295856426668031,development
2016-02-28,6.069746508037896,6.076914946593407,6.049308854016713,6.071901018323402,17.78643248056618,6.0316002818234535,0.001566499721160805,0.03873423677878751,6.031930317682263,-3.071786037600697e-05,0.040001418501515396,development
2016-02-29,6.071748737083858,6.09019384891081,6.067714671713937,6.081526869601595,17.92136695403121,6.033350339113002,0.004399853308721383,0.04377667717987155,6.033638414578881,0.002085322657796202,0.04580313236491751,development
2016-03-01,6.082029376890995,6.085985813756687,6.069163742130374,6.075628717106238,18.131608385500726,6.034896112411794,-0.003609729929288357,0.044342334623732604,6.035119795177943,-0.004541298957004406,0.045050220885300085,development
2016-03-02,6.075647162755486,6.07745184036115,6.049707543811354,6.049707543811354,18.13240245379813,6.036225021430011,-0.0071354484740130805,0.02061797085535666,6.036362808875504,-0.008211216158540237,0.021555951094390124,development
2016-03-03,6.049525856562203,6.052966397693785,6.038851371580524,6.044177960024711,18.42550907876084,6.037322690798162,-0.008821914356302652,0.015677183582851306,6.037358208275863,-0.010121918623503874,0.01694167037235239,development
2016-03-04,6.0446166093532145,6.052507925939341,6.0184447737957605,6.0184447737957605,18.32478746117654,6.03817699999907,-0.01779871810034464,-0.0019335081029652201,6.038101210930003,-0.01843602017084972,-0.001220416963393589,development
2016-03-05,6.01806024013053,6.019218295248267,5.9764397472299,5.99288855098303,18.72363307773559,6.038780603264077,-0.013140646947460276,-0.032751405333587336,6.0385929395807745,-0.01427268775211435,-0.03143170084563085,development
2016-03-06,5.992776171302768,6.0207976270315005,5.980853486148244,6.010548780882101,18.328702474165784,6.039139380895227,-0.00949336890540799,-0.019097231107717327,6.038845890954787,-0.011304435390097144,-0.016992674682588138,development
2016-03-07,6.010671380532667,6.030485702370142,6.007113930486991,6.026641070461741,18.26709125162994,6.039274791038917,-0.003548718592458241,-0.009085001984717955,6.0388833469543295,-0.003984002317227009,-0.00825827417536118,development
2016-03-08,6.0269885229997655,6.031269251964525,6.018821884456322,6.025798302211971,18.068448729853355,6.039217800728393,-0.006140298513666957,-0.0072792000027543935,6.038734913381388,-0.00659284494047333,-0.006343766228943615,development
2016-03-09,6.02560993259545,6.030762211386988,6.020066550744274,6.027941078725403,18.06418157027942,6.039005522785833,-0.011180239164907874,0.00011579510447834451,6.038434127109009,-0.011035864232608689,0.0005428158490028423,development
2016-03-10,6.027661433486289,6.034313270584893,6.024055173721758,6.033400349913432,18.210242351702874,6.0386776917705856,-0.008757667362679366,0.00348032550552535,6.038016852105322,-0.009584076851494188,0.004967574659604068,development
2016-03-11,6.033656818210316,6.049558899667833,6.033117397571825,6.044270452622297,18.119166067300423,6.038273124415759,-0.0034350407811829593,0.009432368987721595,6.037520385965815,-0.0032444921702110725,0.0099945588266932,development
2016-03-12,6.0440688828301425,6.0445194457841795,6.016386387326132,6.020110294049138,18.345018147072523,6.037827664009073,-0.014605187192505904,-0.0031121827674294167,6.036981818588878,-0.0157355870534939,-0.0011359374862465188,development
2016-03-13,6.020168640257714,6.032136139678431,6.020154035440609,6.026022972128455,18.123928340134263,6.037372235524855,-0.009528327279016483,-0.0018209361173830985,6.036435462087186,-0.011159779739838402,0.0007472897811071633,development
2016-03-14,6.026351336211169,6.032328117963929,6.026351336211169,6.031737562886979,18.37211426526347,6.036931669435767,-0.005133348030562088,-6.075851822551215e-05,6.035911450608618,-0.007938506700336828,0.0037646189786988415,development
2016-03-15,6.031617519082554,6.03579480925446,6.028242339817159,6.032678432668911,18.0169396638535,6.03652488311357,-0.012498423222769813,0.008651972778110917,6.035434151403389,-0.00033476504936559397,-0.0024209536851120816,development
2016-03-16,6.032817601790824,6.034729965076342,6.030473668887002,6.033112567494916,17.99275222710661,6.036169982981107,-0.008248671775645847,0.005191256289454493,6.035020955304094,-0.010648660700181943,0.00874027289100443,development
2016-03-17,6.035215865207461,6.042625729856674,6.035215865207461,6.04173219592589,18.24069965811823,6.035879447000747,-0.0040683491113834794,0.009921098036526743,6.034683699895247,-0.0061935330497695324,0.01324202908041272,development
2016-03-18,6.041556237971587,6.041556237971587,6.006690524855163,6.015054122796276,18.468899325752094,6.035659209213813,-0.008358680883023193,-0.012246405534513727,6.034430777817935,-0.01205046445248574,-0.00732619056917283,development
2016-03-19,6.0143629036662185,6.018554305710101,6.009378163404623,6.017239501072623,17.88322022299855,6.035512848298101,-0.006460717549145839,-0.011812629676331454,6.034270480365411,-0.009216329278114705,-0.007814650014672964,development
2016-03-20,6.017134732937406,6.027374497267217,6.017134732937406,6.025274023053156,17.643018725635553,6.035443872372327,0.003875115927841132,-0.014044965247012264,6.034211871978184,0.002991184545981563,-0.011929033471009376,development
2016-03-21,6.024459185970865,6.024459185970865,6.017086025729676,6.0241906746766665,17.937071391198796,6.035451725138043,0.013635371960330376,-0.024896422421706532,6.034261032655981,0.012173336525217984,-0.022243694504532563,development
2016-03-22,6.023767126650468,6.03637815953149,6.022311368768109,6.035694302928445,18.01741273545223,6.035535743042395,0.01389439834971036,-0.013735838463659888,6.034424212590487,0.01713568015944236,-0.015865589821483894,development
2016-03-23,6.035866551419155,6.0385103464716545,6.033958775545411,6.035579478196591,17.933640020117224,6.035701003428713,0.009758934793060548,-0.00988046002518228,6.034711753041465,0.018893363243475812,-0.018025638088349893,development
2016-03-24,6.036495299249392,6.037106887550933,6.02944890109184,6.031631957434742,18.040103912217994,6.035957790183567,0.00421601866777551,-0.008541851416600466,6.035136800764424,0.0077404788863297,-0.011245322216011822,development
2016-03-25,6.031905658541483,6.03567276972102,6.029622228856999,6.033510596966738,17.777465951166505,6.036316944924063,0.007640624832997508,-0.010446972790322029,6.035708479966216,0.019761158390820488,-0.02195904139029814,development
2016-03-26,6.0339611152269015,6.037839891994476,6.031307669168878,6.035349862386532,17.6143738462095,6.0367899782336965,0.008466182895829746,-0.009906298742993869,6.036428497433467,0.022750954532752495,-0.023829589579687394,development
2016-03-27,6.035816339595017,6.060983606700354,6.0347898022553474,6.056233544652575,18.081416226541105,6.037389192677141,0.021129390109970517,-0.002285038134536066,6.037295698623083,0.036424561937879324,-0.017486715908387573,development
2016-03-28,6.055724914408111,6.05644904987471,6.048064609001268,6.050278088731827,18.042677109160284,6.038126131866401,0.006066104687453277,0.0060858521779731944,6.038305883675023,0.0068883023647271415,0.005083902692076592,development
2016-03-29,6.050450145517921,6.054915765392863,6.0226748969296375,6.031924855107553,18.13847040754499,6.03901054508724,0.012832666735988704,-0.019918356715675323,6.039451431724825,0.010606007784792225,-0.018132584402065,development
2016-03-30,6.0326880967541845,6.0326880967541845,6.0222265140914075,6.027835071319353,18.005681848374792,6.040049628424869,0.014388295151610438,-0.026602852257126663,6.0407227187678725,0.012019697489145144,-0.024907344937664888,development
2016-03-31,6.028897577972498,6.036363789544765,6.028897577972498,6.0324361397978725,17.91343538670984,6.0412463496957285,0.007063803616161893,-0.015874013514017626,6.042110751475655,0.0056203088036492575,-0.01529492048143144,development
2016-04-01,6.032510540058715,6.035895232543651,6.03027891256899,6.035385713829036,17.75194713217564,6.042600736740588,0.0017612959165305318,-0.008976318828082697,6.043608188731534,0.0012691281658538914,-0.009491603068352283,development
2016-04-02,6.036490485699515,6.045197223819203,6.036490485699515,6.042331091725801,17.637197414560106,6.044111803991502,-0.002632668464658103,0.0008519561989572821,6.045210895578728,-0.002804681265924908,-7.512258700170804e-05,development
2016-04-03,6.04304368561321,6.044009525986559,6.0395330009071255,6.042404759456905,17.454508904296137,6.045777907857415,-0.00929022247314652,0.005917074072636197,6.046917601503295,-0.008904326665283215,0.004391484618893493,development
2016-04-04,6.043342821961091,6.045817749560689,6.039304291199875,6.043686910252466,17.74013978997268,6.047595610050861,-0.009035917230832793,0.005127217432438158,6.0487279242121,-0.008499599105558673,0.0034585851459247863,development
2016-04-05,6.042673208876794,6.050339376577368,6.041715581068287,6.0498042046159535,17.921750768902342,6.0495550388707064,-0.004575268952728001,0.004824434697974667,6.050636886895543,-0.0037991230479018506,0.0029664407683123173,development
2016-04-06,6.050403034315729,6.050975627049079,6.046731321021958,6.048348048829723,17.894589203438994,6.051641374940425,0.0010443595304864641,-0.004337685641188749,6.05263590077379,0.0023537481438844444,-0.006641600087951005,development
2016-04-07,6.048836815398881,6.04892419603042,6.041487297521265,6.046769148796723,17.87351267816706,6.05383585704082,-0.0008419396410736732,-0.006224768603023456,6.054712892463168,0.0005959393573790068,-0.008539683023824018,development
2016-04-08,6.047152327221062,6.052938202275927,6.039385309171189,6.041085316229594,17.96583683921467,6.056117196790649,-0.006823457839763463,-0.00820842272129152,6.056853202058688,-0.0046914621461540285,-0.011076423682939485,development
2016-04-09,6.042183812697522,6.042373871888637,6.031922510416915,6.038851371580524,17.723378964987937,6.058465215180405,-0.0059998103846311155,-0.013614033215249677,6.059042778630731,-0.003674334599146769,-0.0165170724510606,development
2016-04-10,6.039282835587766,6.046035583126502,6.03848406961627,6.043971593675249,18.112504778935612,6.060862037592812,-0.009503095367029726,-0.007387348550532913,6.061269213730295,-0.006993796651395898,-0.010303823403649659,development
2016-04-11,6.044701972535,6.046754999741418,6.041522929367829,6.046149213325151,17.742372933294465,6.063294002723125,-0.016763171473124325,-0.00038161792484903145,6.063523424180312,-0.014690396652284006,-0.0026838142028768885,development
2016-04-12,6.047000921249741,6.057432533807037,6.047000921249741,6.052536133491459,18.074363417079997,6.065749425858958,-0.008877983657281102,-0.004335308710218477,6.06579756079248,-0.0075597518538971144,-0.005701675447124188,development
2016-04-13,6.05357509615224,6.055982730929376,6.047173542534482,6.049105920637456,18.050492056454296,6.0682165781547335,0.001569873470633758,-0.020680530987911006,6.068083308516553,-0.013654298834367945,-0.0053230890447295565,development
2016-04-14,6.0495801359319845,6.0529617344812845,6.04740291261655,6.050398358898666,17.628398098505308,6.070684444002158,0.007707749974115338,-0.027993835077607443,6.070372510934222,-0.013500361064627379,-0.0064737909709284835,development
2016-04-15,6.050740028655591,6.063617773740927,6.050740028655591,6.063117573543273,17.81922814205408,6.073143127785275,0.0050866330640320714,-0.015112187306033142,6.072656699235547,-0.011745652454500554,0.002206526762226879,development
2016-04-16,6.0627963762329715,6.069871301955509,6.061419642708792,6.065114536367832,17.489093641837567,6.075582374305598,0.005979709237988438,-0.016447547175753918,6.074930284945532,-0.013578057639086016,0.003762309061386304,development
2016-04-17,6.065263153895316,6.0669685138006075,6.0546247985556,6.057717972269228,17.769172523305553,6.077992676189219,0.005633072659110805,-0.02590777657910248,6.077192205311304,-0.02475177918885738,0.005277546146781553,development
2016-04-18,6.058213886023459,6.062095378938506,6.056985394589382,6.0605030921518805,17.83496814468832,6.080365605135243,0.0033573095549653048,-0.023219822538327328,6.079443666473083,-0.025034277912774978,0.0060937035915724636,development
2016-04-19,6.060764378244666,6.077688088628399,6.059366165828491,6.076515468179926,17.78222061147773,6.0826933782432775,-0.0018651755118884775,-0.004312734551463748,6.08168699670245,-0.03005080906437965,0.02487928054185584,development
2016-04-20,6.076090593143895,6.0936916262772485,6.073979594260799,6.08992659002364,18.104463344129908,6.08496736491961,0.005387089872647093,-0.0004278647686168924,6.083925312802725,-0.023191571604872722,0.029192848825787543,development
2016-04-21,6.089987707711536,6.110464628974198,6.088936016460697,6.107968960786682,18.038024108703905,6.087176872492959,0.007111984932674413,0.013680103361048523,6.086159741499763,-0.0071597595337324176,0.02896897882065108,development
2016-04-22,6.108553982946281,6.108825266045656,6.096162329481611,6.099729090866443,17.88972725700674,6.0893079585516245,-0.011462121770945726,0.021883254085764747,6.088387630450854,0.029039139795426272,-0.017697679379836906,development
2016-04-23,6.100007227205748,6.109874081806184,6.096569766005364,6.109874081806184,17.737194763342366,6.091345666845021,-0.025624883854845865,0.044153298816008046,6.09060365409268,-0.011424383526786947,0.030694811240290498,development
2016-04-24,6.110491248202918,6.131543821953953,6.10686253858412,6.128080224962253,18.037931676791032,6.093276959093451,-0.017090019616505518,0.05189328548530714,6.092802889590765,0.016734237551926996,0.01854309781956065,development
2016-04-25,6.129313796669305,6.145515211433857,6.117198138722267,6.13432168333775,18.282473304211674,6.095094060559202,-0.010304875723584376,0.04953249850213215,6.094979950106163,0.034584444681404466,0.004757288550182537,development
2016-04-26,6.134802718234259,6.148393498889649,6.134744212859029,6.1443765800574015,18.184602714267523,6.096797179832779,-0.002097551469048775,0.049676951693671256,6.097126923187377,0.04333023691709729,0.003919419952927328,development
2016-04-27,6.144747693737111,6.146498429654013,6.09612632478027,6.097370690209078,18.35416583905443,6.098392275008432,-0.015443043136282279,0.014421458336928872,6.099235474990789,-0.008068142374872772,0.006203357593161485,development
2016-04-28,6.098159659195675,6.108249295530324,6.079131944889743,6.107047355817073,18.120449661002443,6.099889072261325,0.011798061261273623,-0.004639777705525816,6.10129973485977,0.014424783756025369,-0.008677162798722549,development
2016-04-29,6.107931137741842,6.121141024993312,6.10035706407406,6.120510549863318,17.712592519824184,6.101299915515225,0.008385620387684556,0.010825013960407581,6.103314234593268,0.011350514163140774,0.005845801106909576,development
2016-04-30,6.120688571012436,6.121586709656184,6.104116644205795,6.105502786871671,18.054281543746537,6.10264494100724,0.0031492582953155006,-0.00029141243088393054,6.1052772621518985,0.006302485849184149,-0.006076961129410918,development
2016-05-01,6.105873026013703,6.114741361842463,6.104630277174215,6.113405592913029,17.520757850175162,6.1039561341012565,0.0033607823900970576,0.00608867642167521,6.107203157892616,0.007293368237558977,-0.0010909332171458175,development
2016-05-02,6.113533969513341,6.114666224925782,6.09080296855087,6.097330199337845,18.338678628726356,6.105272865567571,-0.0010752800640276938,-0.006867386165697376,6.109125600123113,0.0031300342457776377,-0.01492543503104482,development
2016-05-03,6.097460587602112,6.111682360508174,6.092704846219207,6.109922878256587,17.89923898456773,6.106638413305397,0.0003041642608342743,0.0029803006903552642,6.111099408288568,0.0026833042770008715,-0.0038598343089821796,development
2016-05-04,6.109654197640887,6.110087209512487,6.099489022297637,6.101936443399511,17.73564658366135,6.108095582277998,-0.0005385596877388501,-0.0056205791907482094,6.113196088658406,0.004719595171912987,-0.01597924043080834,development
2016-05-05,6.101911849724989,6.105922086091283,6.1000565758984235,6.104739689017277,17.73631094918867,6.109685239762094,0.00473914789463203,-0.00968469863944943,6.1154984736092945,0.011046261332278049,-0.021805045924295108,development
2016-05-06,6.104663728717243,6.134211161350162,6.10271069311312,6.13036306640591,18.10318256989373,6.111446257086982,0.008229493017156498,0.010687316301771332,6.118090956884566,0.01500132727745251,-0.0027292177561077935,development
2016-05-07,6.130441415306082,6.132692778738046,6.125392122398037,6.1280388288523095,17.46264313686263,6.113420027421002,0.008546793960279759,0.006072007471027874,6.121051775995648,0.015662748020340057,-0.008675695163677943,development
2016-05-08,6.127805395513157,6.129958277381153,6.122455531845898,6.128064984580259,17.51223419090592,6.1156465467542604,-0.006408154025423572,0.01882659185142277,6.124440820562847,0.0010863660864768553,0.002537797930935781,development
2016-05-09,6.127318850902849,6.13660544799941,6.123656618648546,6.132275942310488,17.831769264683686,6.118161427618611,-0.0032067428544334036,0.01732125754631042,6.128290581821468,0.004893969967383048,-0.0009086094783627985,development
2016-05-10,6.132351954605256,6.1354111684445085,6.106920454879261,6.111234472036387,17.892303674079322,6.120994744205418,-0.016510949034039733,0.0067506768650096305,6.132603865498399,-0.008215115159106976,-0.013154278302904387,development
2016-05-11,6.1111657723063715,6.119365091721703,6.1111657723063715,6.115291496576479,17.739564915536782,6.124171066387967,-0.020368532291955663,0.011488962480467713,6.137358483898906,-0.011931361306935413,-0.010135626015491894,development
2016-05-12,6.114670609316414,6.120185335966591,6.1075795256636685,6.1197829815957965,17.907340310702057,6.127710250692399,-0.008610549867728327,0.0006832807711258937,6.142515252247527,-0.0015498081921205748,-0.02118246245961064,development
2016-05-13,6.119967707679085,6.124803717790301,6.116891632211488,6.121768892725283,17.923840221188243,6.131627866637672,0.01657192786455073,-0.026430901776938853,6.1480262998731945,-0.013302463518941465,-0.012954943628969318,development
2016-05-14,6.1221045718792055,6.124324461059902,6.119827002168478,6.121771035940603,17.432061252340795,6.135935138512104,0.0231040089369993,-0.03726811150850029,6.153843052107293,-0.019178765999878566,-0.012893250166810866,development
2016-05-15,6.121964166956651,6.128378930554498,6.121305734386084,6.125925492689258,17.165905787766533,6.140643689857399,0.01710824882941606,-0.031826445997556796,6.159918457553203,-0.015550114317557153,-0.01844285054638739,development
2016-05-16,6.125964841913903,6.127305796645322,6.115770721425118,6.118456152111829,17.89595058191605,6.145773555659606,0.0163628951914452,-0.04368029873922197,6.166200345669041,-0.01873608765423569,-0.02900810590297631,development
2016-05-17,6.118117027580424,6.120455628413195,6.117226799530653,6.117619087068475,17.975959617667705,6.151352069113614,0.03238058769052212,-0.06611356973566096,6.172645779777443,-0.02719580178596423,-0.027830890923003615,development
2016-05-18,6.117416370515898,6.122488392399368,6.116551976607561,6.1194596791339295,18.27969416751893,6.157404603358736,0.02673742281576096,-0.0646823470405673,6.17922793435389,-0.02269213377634066,-0.03707612144362038,development
2016-05-19,6.11925068846254,6.119490490394732,6.08384999108462,6.08384999108462,18.380144135788882,6.163952736551174,0.01899755947476657,-0.09910030494132016,6.185934504131037,-0.026367129571990125,-0.07571738347442647,development
2016-05-20,6.081746194325918,6.095946144230048,6.0808229766968775,6.092838113962506,18.22208229434933,6.171018678831719,0.023469217773893304,-0.10164978264310687,6.19276515471617,-0.019213367408517035,-0.0807136733451479,development
2016-05-21,6.093493025339614,6.095324471416564,6.0906444881278015,6.093994032854611,17.571167454647114,6.178620032375952,0.015504842828953728,-0.10013084235029535,6.199728829271963,-0.0006187867973647067,-0.10511600961998724,development
2016-05-22,6.094061719221455,6.094533192937409,6.084579144976225,6.085234901079689,17.49579319006854,6.186768518032021,-0.01893955985410551,-0.08259405709822598,6.206839955839622,0.03419705188200756,-0.15580210664194105,development
2016-05-23,6.085291791315725,6.096601290430646,6.0840961381489,6.096173597908652,17.73911624440517,6.195468278663749,-0.048338872957964046,-0.05095580779713327,6.214111181463687,-0.023289744631286087,-0.0946478389237484,development
2016-05-24,6.096479719616727,6.102782296883415,6.095666875901258,6.100276322187659,18.00187353960248,6.204712310061856,-0.03370254718583108,-0.0707334406883664,6.22155564259828,0.011398056727725085,-0.1326773771383465,development
2016-05-25,6.100457982041042,6.109909595141364,6.100457982041042,6.108356072153515,17.993445389354367,6.214475383266816,-0.01613301840176354,-0.08998629271153735,6.2291865974389555,0.038819169141905786,-0.15964969442734667,development
2016-05-26,6.108518421657673,6.1173127770274895,6.10456105390114,6.1167394544778775,17.99302832274366,6.22471296297912,-0.01404391846264909,-0.09392959003859325,6.2370012113278,0.041393927696389284,-0.16165568454631174,development
2016-05-27,6.117041566388658,6.1699223717929925,6.117041566388658,6.160075857569289,18.920127835050334,6.235373983073389,-0.032570114932571594,-0.042728010571527975,6.244977262071328,-0.017416609781745633,-0.06748479472029256,development
2016-05-28,6.159156679848252,6.279408502452944,6.158458833079396,6.272952433890133,19.015106482463274,6.246408238275303,0.007447004705606059,0.019097190909223904,6.253078565351615,0.01602956095677164,0.0038443075817466976,development
2016-05-29,6.268105242976978,6.317092521688575,6.238674204749713,6.265744025708189,18.81769015654993,6.257763643178047,0.0015226970360604601,0.006457685494082099,6.2612566055823375,0.009837046394538591,-0.005349626268687402,development
2016-05-30,6.269987947230402,6.299590583435078,6.259510740149132,6.280141150537342,18.292378000941273,6.269382230882476,-0.003978656776880491,0.014737576431747001,6.2694540242283745,0.003984342819345089,0.006702783489622277,development
2016-05-31,6.280753413599542,6.303750169037792,6.255101054431213,6.275488661694582,18.746019814804068,6.281201143769024,0.006091356386699837,-0.011803838461141858,6.277612995898469,0.014561481294303968,-0.016685815498190593,development
2016-06-01,6.274963497366107,6.297256670219154,6.264608931911873,6.2858490757711145,18.270576212415808,6.293154544221365,-0.0016362164481818482,-0.005669252002069136,6.285685047749071,0.006356073778121002,-0.006192045756077569,development
2016-06-02,6.285094547886043,6.292220759985386,6.278667760362496,6.287806486129376,17.916138687165112,6.305175118417023,0.005733145406965725,-0.02310177769461319,6.293641939752221,0.006993113742127536,-0.01282856736497262,development
2016-06-03,6.287267319986244,6.353740278190675,6.2858490757711145,6.3442212718166395,18.61969553188336,6.31720033852639,-0.010745049012170178,0.03776598230242012,6.301490802948464,0.005520229124220297,0.03721023974395443,development
2016-06-04,6.345118713012431,6.3803462728859515,6.335476105944674,6.350409145406529,18.36860079286313,6.3291739123935224,0.0017457059733682009,0.0194895270396378,6.309271063426204,0.01322243778641948,0.027915644193905464,development
2016-06-05,6.351423065161877,6.367857772580008,6.344193176957088,6.354330022083569,18.047790714643604,6.341044134897833,0.0029139447720773035,0.01037194241365924,6.317034769400328,0.01355292112936347,0.023742331553877172,development
2016-06-06,6.353677609295894,6.374121465930207,6.353677609295894,6.372529353203042,18.094103943608335,6.352760623563482,0.005869789697500519,0.013898939942059485,6.324815898688605,0.017386440214294304,0.030327014300142174,development
2016-06-07,6.3723722542884325,6.380561376527772,6.341265378303364,6.3571435560889995,18.495509893852034,6.3642740459283615,-0.014700923070902315,0.00757043323153983,6.332625210419879,-0.00494621057930112,0.02946455624842148,development
2016-06-08,6.358131639193844,6.36791097204903,6.351112575622546,6.365860329516582,18.200854197788953,6.3755350337925165,-0.0037657777903748945,-0.005908926485560073,6.340447022828445,0.006636324078067126,0.01877698261006966,development
2016-06-09,6.3668191891477575,6.3668191891477575,6.347303371996582,6.353726363942714,18.08242092455666,6.386494737318084,-0.02187699104231776,-0.010891382333052313,6.348245074730322,-0.011481212936461675,0.01696250214885442,development
2016-06-10,6.355824591295251,6.3615218217363765,6.351452767429414,6.358656442256086,18.020082289451576,6.397103421346927,-0.02376416756255337,-0.014682811528287765,6.355966876480572,-0.01334732900162406,0.016036894777137434,development
2016-06-11,6.360739298637539,6.4087199223808815,6.360739298637539,6.40807892003097,18.22657402615345,6.4073167959503134,-0.011068018502764357,0.0118301425834213,6.363558291660222,-0.0027807478230230417,0.04730137619377128,development
2016-06-12,6.412940824599202,6.529191066484787,6.408593041878402,6.511424322109491,19.439834851022727,6.417097766522329,0.021563954750049213,0.0727626008371125,6.370969029470196,-0.010915510971787994,0.15137080361108346,development
2016-06-13,6.509743314616501,6.573685793062137,6.49901531362783,6.557312271270453,19.309785293774333,6.426414104091956,0.0274247275634703,0.10347343961502631,6.3781578505206795,-0.018330928379007336,0.19748534912878046,development
2016-06-14,6.557494049278384,6.557494049278384,6.496479344827955,6.530234594493712,19.04498147623353,6.435235855923696,0.01985007340604034,0.07514866516397589,6.385097862718122,-0.015230059217758713,0.16036679099334883,development
2016-06-15,6.53041833509516,6.545784879549577,6.511092775172608,6.543147516273378,18.412888472912122,6.4435370247682116,0.018073300468136735,0.08153719103702972,6.3917812409213886,-0.02010218242281757,0.17146845777480735,development
2016-06-16,6.5461008297165035,6.651212616428942,6.5461008297165035,6.641584156035101,19.41996607468683,6.451297203358873,0.0407404739709086,0.14954647870531979,6.398215265096917,-0.025408971387036038,0.26877786232522016,development
2016-06-17,6.644423646114676,6.653322302065036,6.574456444210766,6.618617476269024,19.710797279722374,6.458503388354899,0.04077652226051868,0.11933756565360643,6.40441950484068,-0.014471895688040984,0.22866986711638493,development
2016-06-18,6.618413137911942,6.656713658028785,6.598412315627339,6.6283415820391705,19.347784804486967,6.4651498606628115,0.029897042824892795,0.13329467855146593,6.410421952391894,-0.023050615046926553,0.24097024469420347,development
2016-06-19,6.62895099978038,6.641992509342419,6.614226803841622,6.6382811065848495,18.729524762055433,6.471232886451468,0.03354998469993823,0.13349823543344286,6.416252566537844,-0.01734178271554579,0.239370322762551,development
2016-06-20,6.638472237481185,6.6386777103500965,6.59677317643672,6.602894511662534,18.977498386441955,6.476750367014236,0.02007360200124106,0.10607054264705695,6.421937460699215,-0.004756782530867552,0.18571383349418635,development
2016-06-21,6.601071132721706,6.601071132721706,6.460014005966525,6.502268136881226,19.551902197190262,6.481700496626809,-0.013947320923235525,0.034514961177652737,6.427496319284607,0.038786009693764015,0.035985807902854994,development
2016-06-22,6.501162001730413,6.5201349753852575,6.375847260406746,6.390435325634919,19.400483193732036,6.486083692396925,-0.050719685856877826,-0.04492868090512836,6.432944056226239,-0.02856260773609148,-0.013946122855228005,development
2016-06-23,6.3926588703836575,6.44465103637695,6.324607994273521,6.436113492208741,19.350724472323872,6.489909133592052,-0.034626050599118496,-0.01916959078419289,6.438272900126369,0.007835559641219327,-0.00999496755884799,development
2016-06-24,6.438671246297843,6.524629269340911,6.438186711403349,6.500236580499932,19.22857075676345,6.493196673779239,-0.01458764447660797,0.021627551197300754,6.443456415865633,0.039876205351481606,0.016903959282817738,development
2016-06-25,6.500209516663454,6.53919717788577,6.471664487161732,6.4999719646089975,18.656985315839776,6.495970007344124,-0.017558530262845255,0.021560487527718664,6.4484668875461395,0.03689854311806345,0.01460653394479472,development
2016-06-26,6.50118610706977,6.5012596107792895,6.424762083017237,6.444714559360352,18.50892054195719,6.498247978420153,-0.03099861479517319,-0.022534804264627617,6.453285627677081,-0.01682862932732147,0.008257561010592163,development
2016-06-27,6.444685950206337,6.4850550320885425,6.430564261109417,6.4850550320885425,18.620629368784254,6.500046039952721,0.009209165199383588,-0.024200173063562147,6.457889112189772,0.018914556267898532,0.008251363630871644,development
2016-06-28,6.489359918858202,6.491099769938626,6.457982436810081,6.472347803927891,18.745550163187737,6.501384582895375,0.0010593827392035267,-0.030096161706687496,6.462249693704512,0.010279134773851218,-0.00018102455047230848,development
2016-06-29,6.467888163594722,6.468757182511868,6.442992288131145,6.461296309397938,18.774543745082998,6.502291005956148,-0.001002245197495128,-0.03999245136071483,6.466336297586409,0.0072701320076065425,-0.012310120196077357,development
2016-06-30,6.462391193055209,6.515309572110884,6.456154036290177,6.512245910276871,18.749840603045737,6.502799000513765,0.010006893215667313,-0.0005599834525611413,6.4701163367496815,0.019537708024459224,0.02259186550273018,development
2016-07-01,6.511024437769511,6.53110208023133,6.506671549750333,6.516630880340604,18.71656168116735,6.502946823359062,-0.0017069319469520503,0.015390988928493776,6.473552933258852,0.007163014348060864,0.035914932733691174,development
2016-07-02,6.517278298809986,6.556355008604566,6.516783119093085,6.556355008604566,18.537165167888535,6.502774845639732,0.0010530915797531885,0.052527071385080504,6.476607201248768,0.0007445538671341061,0.0790032534886631,development
2016-07-03,6.558152436676858,6.558152436676858,6.475446541261843,6.490213543325849,18.67928410662477,6.502320343036152,-0.03330945476822164,0.02120265505791874,6.479244378775336,-0.00889059058485272,0.019859755135366086,development
2016-07-04,6.490426094368693,6.527463624865976,6.477753589345122,6.527463624865976,18.337390446061725,6.501618641092723,-0.01374680111877623,0.0395917848920293,6.481453351410046,-0.000196379181438978,0.046206652637368784,development
2016-07-05,6.526800792856277,6.527213529230736,6.499886252275572,6.508213116847368,18.686699867432132,6.5007006569329775,-0.00868551584980161,0.01619797576419213,6.483246630352143,0.0040846024808008355,0.02088188401442359,development
2016-07-06,6.507901442899312,6.524880101645829,6.507901442899312,6.518160065841227,18.720496353910544,6.499588772511277,-0.003233933604009976,0.021805226933959254,6.484652518149161,0.011110127354583317,0.022397420337481933,development
2016-07-07,6.5192800621638565,6.525662898360077,6.41646097839243,6.46234593429273,19.368822828746936,6.498303025190623,-0.01997282409510813,-0.015984266802784752,6.485705139793255,-0.009039138479699156,-0.014320067020825,development
2016-07-08,6.462542580693364,6.502350624346625,6.455932539196948,6.5020746631038415,18.771126332683497,6.49686431210595,-0.005121517784305478,0.010331868782196274,6.48643438982524,0.00654395290503495,0.009096320373567224,development
2016-07-09,6.501866039242867,6.501866039242867,6.451100534482167,6.47844823018464,19.011440767372946,6.4952929370152725,-0.01906439490900534,0.0022196880783731388,6.486859415708407,-0.00737384003880209,-0.0010373454849643693,development
2016-07-10,6.477893475458295,6.480495390196291,6.463441192894609,6.4759872399692435,18.445685512694983,6.493607167738192,-0.01945129465788475,0.0018313668889362589,6.486985749635829,-0.007955551804075284,-0.003042957862509965,development
2016-07-11,6.474637344701502,6.4916775986618935,6.4692192783295885,6.473364318024693,18.4968081136069,6.491817310052135,-0.007530531481067764,-0.010922460546374246,6.48680663280367,0.0026527180558479696,-0.016095032834825496,development
2016-07-12,6.474327360259972,6.515096279811403,6.47200464681058,6.4991116628651735,18.74401703051931,6.489923959198247,0.023673494490595103,-0.01448579082366841,6.4863112425037315,-0.002759704045910628,0.01556012440735266,development
2016-07-13,6.4994817265334435,6.505335547304288,6.483822718762572,6.483822718762572,18.694129509263433,6.487922353456143,0.026014506792143607,-0.030114141485714008,6.4854940931573095,-0.012107300144379815,0.010435925749642472,development
2016-07-14,6.481459164585333,6.496627132347437,6.481459164585333,6.489323469740091,18.405682845637138,6.485805298370253,0.01890309931352171,-0.015384927943683735,6.484356653309195,-0.009802387697585558,0.014769204128481483,development
2016-07-15,6.4909830160087765,6.502905521107178,6.4907841973058815,6.497159539012748,18.218235313468135,6.483557368190926,0.015692136068520778,-0.0020899652466983554,6.482905982328673,-0.015605220538562146,0.0298587772226373,development
2016-07-16,6.497952284685459,6.501980155824272,6.491230210976143,6.49340132507815,17.734115872386532,6.481155006497426,0.03713477620018821,-0.024888457619464788,6.481153358785997,-0.01898662111108273,0.031234587403234926,development
2016-07-17,6.495254953161766,6.525564690934062,6.495254953161766,6.521296870327136,18.12507274415919,6.478575276869933,0.04209059030203113,0.0006310031551715056,6.479110797271251,-0.004153188866881804,0.04633926192276672,development
2016-07-18,6.521811907253404,6.524376941498054,6.505223364851414,6.5119028478472964,18.056333600960837,6.4757964353000474,0.035147540664582755,0.0009588718826663012,6.476787286971367,-0.013010873219406536,0.04812643409533557,development
2016-07-19,6.51135591668624,6.512156801442192,6.503737151991675,6.51154324934675,17.929711683936453,6.472802690168783,0.0376314760472066,0.0011090831307605242,6.474189396250238,-0.009260789616496077,0.04661464271300808,development
2016-07-20,6.511457071609058,6.51163985023353,6.497317807238249,6.500816582075109,18.365552748593476,6.469592744294526,0.025703099627221875,0.005520738153361293,6.47132741623027,-0.0026812319990615683,0.032170397843900744,development
2016-07-21,6.5001298800751925,6.501618436460921,6.492868391982603,6.499805121545026,17.91801839315616,6.466182218841876,0.0002720676168931906,0.03335083508625658,6.468223290742991,0.033954272406641464,-0.002372441604606479,development
2016-07-22,6.499669736181969,6.5021646746996575,6.471916503390408,6.477924246012853,18.71461076476119,6.462596626715447,-0.034890855373507154,0.05021847467091334,6.464906933561552,-0.01988384319044103,0.032901155641742896,development
2016-07-23,6.478088682957133,6.486718602544467,6.4746989911989,6.48548377674377,18.057300526974725,6.458860419216759,-0.020979186383119516,0.047602543910130635,6.461408643959206,0.0028416869154371293,0.021233445869126122,development
2016-07-24,6.485260952963099,6.496940866925293,6.481260126203187,6.494184871150097,18.587753298444962,6.454998753134115,-0.003696120468124118,0.04288223848410588,6.45775733269028,0.028245958639419907,0.008181579820397467,development
2016-07-25,6.494151643470738,6.49500570782896,6.482181876701433,6.483255635416717,18.174479610469252,6.4510445827924805,-0.007198877916616879,0.03940993054085329,6.453985460847639,0.023124660806622045,0.006145513762456645,development
2016-07-26,6.4834528776888565,6.486503680759727,6.470612223553256,6.4797132134785365,19.232210820216675,6.44703865873559,-0.01990637303213496,0.0525809277750815,6.450128745282423,-0.008650520772636117,0.03823498896874966,development
2016-07-27,6.479472334125119,6.488377832078185,6.474580306510348,6.483645417224306,18.809074244532674,6.44302054943981,0.002696111058465742,0.037928756726030244,6.446220907573408,0.011950585962133064,0.025473923688765332,development
2016-07-28,6.483859368926977,6.488589195750437,6.483859368926977,6.484688628255642,18.27482689503703,6.439023673969206,-0.004770414406227781,0.050435368692664184,6.442290147224898,0.0035979712725100793,0.038800509758234014,development
2016-07-29,6.484804721882333,6.488894884025498,6.4843084810354075,6.487671848547543,17.92151193146696,6.435072082288419,-0.004444924265478951,0.05704469052460315,6.43835612300707,0.00207184432375588,0.0472438812167173,development
2016-07-30,6.487702319534801,6.489543813867747,6.4834268484248385,6.484706984358961,17.465027914930683,6.431175612507926,0.006590423440801843,0.04694094841023322,6.434424836326349,0.014197407471439622,0.03608474056117128,development
2016-07-31,6.484787858491608,6.485070214453362,6.436735117562597,6.437241167942739,18.523399782980544,6.427330500775212,-0.0037204447318635423,0.013631111899390369,6.430489235286679,0.003191458011302247,0.0035604746447583935,development
2016-08-01,6.437114630402662,6.43954047858763,6.406688502721047,6.407328685223774,18.61860495217805,6.4235242289313055,-0.0026374881162036876,-0.013558055591327722,6.426536142400976,-0.0033716972416670886,-0.0158357599355341,development
2016-08-02,6.40753484206636,6.418116981054384,6.275390796026344,6.3052985818421625,19.61742647478152,6.419742999034941,-0.044396621881238246,-0.07004779531154082,6.422556612134881,-0.018862273381493353,-0.09839575691122526,development
2016-08-03,6.307471662064217,6.351513766221732,6.294429853256678,6.339221055640015,19.152962100267494,6.415974553121113,-0.023938035032346826,-0.05281546244875113,6.4185466160196665,-0.012151274665730103,-0.06717428571392148,development
2016-08-04,6.339175145216767,6.362158711418286,6.338199967866394,6.360073746307887,18.646157579041603,6.412213624700347,-0.012737359638379488,-0.03940251875408052,6.414512719559294,-0.0037248918663664596,-0.05071408138504019,development
2016-08-05,6.360059919907498,6.360059919907498,6.345604771908619,6.354444872432176,18.00710131863599,6.408463705712723,-0.006188524408407158,-0.04783030887213968,6.410472702086863,0.00420763552796747,-0.06023546518265377,development
2016-08-06,6.354422264303245,6.377400183979454,6.344704337331356,6.376349351277859,18.207454069961464,6.404735844800795,-0.016519569299675064,-0.011866924223261854,6.4064547648219925,-0.0110764536705964,-0.019028959873537588,development
2016-08-07,6.376337409623478,6.392776041727956,6.374711276641089,6.3846715007588335,18.227076589351608,6.4010471299250735,-0.0016245058707340118,-0.014751123295505764,6.402494106990087,0.004080507446581103,-0.021903113677834263,development
2016-08-08,6.384749144574712,6.385184312268946,6.376806871745448,6.381907411029912,17.929561353947957,6.3974228942822045,-0.0075328312452717545,-0.007982652007020086,6.398632585033686,-0.0022668241353625634,-0.014458349868410991,development
2016-08-09,6.381880355268692,6.381969987616375,6.371257989417889,6.376388498454204,18.339775381799424,6.393894860304302,-0.004276031063126254,-0.013230330786972111,6.394915052244493,-2.112711838835675e-05,-0.01850542667190158,development
2016-08-10,6.376128146714201,6.3969030028609755,6.373952646789169,6.383680652343441,18.449316800206397,6.390499377591618,0.00010180129199391852,-0.006920526540170613,6.391384797749641,0.004042034174270168,-0.011746179580470084,development
2016-08-11,6.383716111928644,6.39282456116879,6.378629889727223,6.378629889727223,18.126502966682782,6.387276032510663,0.01604918661205088,-0.024695329395490795,6.388079390658985,0.007564419654660831,-0.017013920586422593,development
2016-08-12,6.378083125832657,6.3799699372909355,6.369577255948033,6.375976702249014,18.052771516817746,6.384266489559964,0.012304699749179152,-0.02059448706012912,6.385032263902422,-0.001905310857609603,-0.007150250795798563,development
2016-08-13,6.375632802941644,6.379739390288137,6.371575955818536,6.372616492321466,17.589718747136246,6.38151028118125,0.009765808037872196,-0.018659596897656172,6.382271880525075,-7.8049403834432e-05,-0.00957733879977507,development
2016-08-14,6.37261816004547,6.372749687850755,6.336438055833085,6.3464658807169085,17.923940470907088,6.37904285725301,0.0059247466234512575,-0.0385017231595528,6.379820508737,-0.004458350398293909,-0.02889627762179714,development
2016-08-15,6.346502684759876,6.351897450986793,6.333705807649778,6.340782477316507,17.863153041947346,6.376893182888362,0.01420672809683642,-0.05031743366869179,6.377694154679871,-0.005848846399203184,-0.03106283096416007,development
2016-08-16,6.340787749850474,6.36602013346859,6.339858302409805,6.358602853964544,17.882915502052185,6.375081989571936,0.022287005978813428,-0.03876614158620573,6.375904635022949,0.008648036436437453,-0.025949817494843153,development
2016-08-17,6.359160264637909,6.364568264986137,6.348141978268621,6.351262614964138,17.812664859136373,6.373624497444545,0.01900849145752683,-0.041370373937933635,6.374461782816093,0.003792389478421431,-0.02699155733037717,development
2016-08-18,6.352118761089537,6.359213928815294,6.351635858847973,6.353183238042872,17.908130316901353,6.372529598005088,0.019547866093007512,-0.03889422605522341,6.3733730159960285,0.004647706129845274,-0.024837484083001904,development
2016-08-19,6.353219795692931,6.359985507293975,6.352946431076158,6.355465101694899,17.740086465014382,6.3717967680831435,0.015254816669041058,-0.03158648305728562,6.372641102883368,0.004397856185272232,-0.021573857373740957,development
2016-08-20,6.356253456317193,6.367874947557576,6.3551644559486675,6.365949730566664,17.628848517127345,6.371415109145624,0.006397501482829822,-0.01186288006179037,6.372261757133849,0.010690057368522266,-0.0170020839357079,development
2016-08-21,6.3663656757482,6.370171528419249,6.363403925324404,6.365280708313326,17.46094481434189,6.371365800671138,-0.011010171321878095,0.004925078964065577,6.372219785632804,-0.006963165969632155,2.408865015457451e-05,development
2016-08-22,6.365285853077189,6.377488559159672,6.364051707238026,6.3746039317782195,18.103830739925815,6.371625227329925,-0.006336039551896155,0.009314744000190167,6.372491916309344,-0.00239711541374585,0.004509130882620838,development
2016-08-23,6.374634617814814,6.37923061213446,6.365841336136526,6.368898730741358,18.262261645708065,6.372165160298077,0.004036249555582033,-0.007302679112300758,6.373047245498495,0.007904271573645125,-0.012052786330782439,development
2016-08-24,6.368893604531407,6.369198727571838,6.362778038656158,6.363341859141614,17.846705873559912,6.372952222393848,0.0023170972410033346,-0.01192746049323734,6.373846914440638,0.005885925209778797,-0.016390980508803388,development
2016-08-25,6.363338387638755,6.363805368288494,6.3546604198506635,6.359160264637909,18.729120876834575,6.373947201767315,-0.005974271852823553,-0.008812665276582088,6.374844711516534,-0.0034620375947299383,-0.012222409283895175,development
2016-08-26,6.359146425601499,6.364101640541634,6.3575960857748335,6.362426200019086,17.704404148871063,6.375107317707662,-0.00023075063216876227,-0.012450367056406897,6.3759910218055404,0.002536644016199667,-0.016101465802654147,development
2016-08-27,6.362082874883613,6.362760775915067,6.343229967610061,6.345543411772124,17.90481411899639,6.376388874572846,2.3873770764515573e-05,-0.030869336571486272,6.377237723749606,0.0025979877088072078,-0.034292299686288885,development
2016-08-28,6.3453381007394425,6.352695639595815,6.345180099213234,6.352476052333013,18.27335870744589,6.377752328502303,0.002282686136371499,-0.027558962305661794,6.378542614492087,0.003308892590104609,-0.029375454749178687,development
2016-08-29,6.35275305400465,6.356590209354724,6.351696952844219,6.35281578069108,18.51960258475928,6.379167729669803,0.006232404843805242,-0.03258435382252767,6.379873028246032,0.008544655009521696,-0.0356019025644736,development
2016-08-30,6.352828006734585,6.360191315728968,6.352828006734585,6.358713621083838,18.06888531863284,6.380617905445218,6.194100823379346e-05,-0.021966225369613568,6.381209868816088,0.001161149212052787,-0.023657396944302356,development
2016-08-31,6.358866011626287,6.359333394951201,6.3520055585676785,6.355190547394077,18.14414824337274,6.382096607952795,-0.004815247843837217,-0.022090812714881558,6.382548574104356,-0.007338892507978409,-0.020019134202300393,development
2016-09-01,6.3553191910812386,6.3566474006003775,6.3488138089682735,6.349668533839745,18.158320692476,6.383604175234158,-0.03763650025274854,0.0037008588583358204,6.383896215536591,-0.02280986792867253,-0.011417813768173524,development
2016-09-02,6.349855470835893,6.355487686259784,6.347058111241274,6.3553034959490216,18.196421583077157,6.3851394148582115,-0.02099046946506746,-0.0088454494441228,6.385260270438449,-0.01767326561745115,-0.0122835088719766,development
2016-09-03,6.355334779982468,6.396095974467569,6.3527270053187195,6.3939451645511465,18.884502812911524,6.386699723487769,-0.004612585476974611,0.011858026540351396,6.386647249894498,-0.001829257376878508,0.009127172033527309,development
2016-09-04,6.394576934571488,6.416465866471168,6.3916625123077795,6.41121705614816,18.39989518313527,6.3882823655339624,-0.00839954606386214,0.03133423667805957,6.38806279303166,-0.004354103461122017,0.02750836657762168,development
2016-09-05,6.411801831121615,6.411908563633097,6.400659365192654,6.4078531541368005,18.227663806944886,6.38987935223367,-0.00649906310063007,0.024472865003760447,6.389506135087043,-0.005953685033367859,0.024300704083125346,development
2016-09-06,6.4077145904954085,6.4148187160465815,6.405378865562037,6.414173413521967,18.178979878367738,6.391478429779395,0.0014031735341672503,0.021291810208404094,6.390971867638598,0.002039198063584312,0.021162347819784877,development
2016-09-07,6.414397857246307,6.42088212876793,6.41101827703091,6.420880539623436,18.133430591543025,6.393066279044888,0.002808764540645857,0.025005496037902475,6.392452411849033,0.0030365751337222153,0.025391552640681603,development
2016-09-08,6.421028611627554,6.443765561066107,6.41974081459267,6.439855002538176,18.278114384372714,6.394630144453111,0.005884167932766185,0.03934069015229902,6.3939391497442175,0.004697073497839019,0.041218779296119834,development
2016-09-09,6.439912496943573,6.440675398773621,6.430143582448986,6.434323416694969,17.9829537891173,6.396158565644469,0.005479117497847824,0.03268573355265225,6.395422411503278,0.005001176728882466,0.03389982846280937,development
2016-09-10,6.434429340172708,6.437903591312695,6.433574970743476,6.43536315507269,17.622546333610305,6.397642549443053,0.009412763642905865,0.028307841986731752,6.396892244027476,0.009301043434457432,0.029169867610757017,development
2016-09-11,6.435226883113792,6.443841855845541,6.397772602169848,6.408065741694057,18.11430232564937,6.399074884347666,0.00676458214704171,0.002226275199348926,6.398338824655892,0.0067226003848249154,0.003004316653339778,development
2016-09-12,6.408537036330284,6.41092950571866,6.40590758390158,6.410574441934082,18.10339552360912,6.400450900483292,0.004763212761381037,0.005360328689408611,6.399754049099282,0.004585229401727316,0.006235163433072621,development
2016-09-13,6.410216039671808,6.415412773781363,6.40840520483984,6.4122139657657735,18.280505627732648,6.4017710210440955,-0.002690251273820477,0.013133195995498781,6.401133402126378,-0.002764462235031107,0.013845025874426042,development
2016-09-14,6.411557155462141,6.416653891204514,6.41084895259135,6.414579674830286,17.68416042162823,6.403041778799913,-0.003551300146890444,0.015089196177262565,6.402476840199664,-0.0036789491438459295,0.01578178377446804,development
2016-09-15,6.414422448106757,6.415237699676351,6.408784160921009,6.408784160921009,17.90089175229166,6.404271834416736,0.0010762418689147777,0.00343608463535805,6.403786427521221,0.000297631878448982,0.0047001015213385955,development
2016-09-16,6.408933934183869,6.412246724841706,6.408092098359034,6.4084843460850145,17.989334607742773,6.405471011982441,-0.0005878928635980299,0.003601226966170934,6.405065740416041,-0.0015032029735068996,0.004921808642480485,development
2016-09-17,6.40888789889546,6.409944568274952,6.405545790485489,6.40685359760233,17.430213218325566,6.406648711066978,0.0019308563941730747,-0.0017259698588212302,6.40631919235851,0.00034535654413137516,0.0001890486996884988,development
2016-09-18,6.407346906747857,6.41371797280024,6.406642363945024,6.413252416822975,17.70076652115991,6.407811468324781,0.0012876697215638364,0.004153278776629854,6.407550684252865,0.00019546573852245903,0.005506266831588391,development
2016-09-19,6.413247412990186,6.414985671146252,6.4106188943977935,6.412190923552439,17.81913507457905,6.408962011832423,0.0008295738976378864,0.0023993378223776674,6.408762775676045,-0.00016010067071099568,0.003588248547105266,development
2016-09-20,6.412235304383334,6.412680005338549,6.410072883836903,6.410687927473968,18.102001821230104,6.410099572975978,-0.00306795766591686,0.0036563121639066054,6.40995545095352,-0.00429477249032037,0.005027249010768564,development
2016-09-21,6.402891867021206,6.402891867021206,6.390044331685438,6.392166641386881,18.231651150504046,6.411222691002863,-0.008554945841292032,-0.010501103774690712,6.411128216888584,-0.00952036928480917,-0.009441206216894038,development
2016-09-22,6.3923843270118885,6.394404802957594,6.390598007070865,6.390740497833835,18.02147551684169,6.412330736429175,-0.0001363271784467295,-0.021453911416894123,6.412281251977182,-0.000904351119934998,-0.02063640302341252,development
2016-09-23,6.390574461349838,6.402257134132631,6.389881560144513,6.4016551059996685,17.748649073578612,6.413424927829332,0.000507870484332353,-0.012277692313995558,6.413416180587365,-0.00036836925838117443,-0.011392705329315689,development
2016-09-24,6.4018525155309245,6.404534030360179,6.400332164942489,6.401295112725786,17.38107768364319,6.414511292123387,-0.00480925046589438,-0.008406928931706581,6.414538968905538,-0.006053922580498313,-0.007189933599253351,development
2016-09-25,6.401500896819404,6.402548807169557,6.396447870009623,6.398305356505047,17.34121795757602,6.415603488647841,-0.005185744115018277,-0.012112388027775367,6.415662827611521,-0.006197719245132597,-0.011159751861340439,development
2016-09-26,6.398273762831986,6.410410060559514,6.397511151114631,6.410245652159266,17.895651406679093,6.416720557988864,0.00041787146167668885,-0.006892777291274577,6.416805898431168,-0.00038729558207555893,-0.006172950689826706,development
2016-09-27,6.410211020622368,6.410582670190825,6.40375627639064,6.4071539016863195,17.715914340914,6.417883071733395,0.0027096460790154934,-0.013438816126090991,6.417987936090447,0.0014018234837163425,-0.01223585788784387,development
2016-09-28,6.407280864452711,6.4078531541368005,6.4045786512496585,6.404778815303808,17.701653566640402,6.419112848969502,-5.2629707120843e-06,-0.014328770694982396,6.419230290338706,-0.0005052949848831359,-0.01394618005001469,development
2016-09-29,6.405259832579977,6.408238756581819,6.404977223994875,6.406373245816969,17.83474717899946,6.420433299719308,0.004874610152401535,-0.018934664054740757,6.420556373278654,0.003644124481208719,-0.017827251942893696,development
2016-09-30,6.406409622825602,6.413024412602607,6.403809317311955,6.413024412602607,17.843045595604806,6.4218687684345825,-0.0036882648098713567,-0.005156091022104015,6.4219909559492905,-0.004136518678638283,-0.004830024668044608,development
2016-10-01,6.413342583347006,6.4220075586131316,6.413342583347006,6.419967193560588,17.847217032081456,6.423442401869733,-0.014319239318500744,0.010844031009355604,6.423558151343971,-0.010247922432127441,0.0066569646487444345,development
2016-10-02,6.419910230749344,6.420003079416852,6.412937520915232,6.414920231281182,17.485456932116143,6.425176506500564,-0.001214594563585131,-0.009041680655796469,6.425279990927386,-0.0011527644888766567,-0.009206995157327036,development
2016-10-03,6.415044613448063,6.417659945563927,6.414204608772221,6.416949571975156,17.661357456810087,6.427087109260396,0.015824571393824795,-0.025962108679064677,6.427172706709187,0.016225643352885892,-0.026448778086916924,development
2016-10-04,6.416817249490766,6.416820540218807,6.412604500255787,6.413793293893555,17.723557690072504,6.429184770842812,-0.0029988560139706548,-0.01239262093528648,6.429247393801634,-0.0019704964963682455,-0.013483603411710732,development
2016-10-05,6.413816299214721,6.419691992853199,6.412830898340352,6.417566879074346,18.036157393496733,6.431479533393936,0.002870412498195144,-0.016783066817785297,6.431513643564925,0.0029318404968279527,-0.01687860498740701,development
2016-10-06,6.4174999137884265,6.419700047051836,6.415864249181032,6.418399186736269,17.855259906775,6.4339776196788545,0.0013483226171845325,-0.01692675555977008,6.433977689705284,0.0016946839072746788,-0.017273186876288982,development
2016-10-07,6.417725206393679,6.42634603194349,6.416439729755621,6.425065069030884,17.97550866008442,6.436675011297489,0.006021389304369906,-0.01763133157097485,6.436638004212704,0.006538654610574123,-0.0181115897923938,development
2016-10-08,6.42542155097487,6.42947589837602,6.42542155097487,6.428279685906682,17.561382185712134,6.439560156088281,0.006335892598835874,-0.017616362780434436,6.4394883843036075,0.005847919243491256,-0.017056617640416327,development
2016-10-09,6.428383096931161,6.428425089066156,6.424231859208663,6.424467021233076,17.485293860669163,6.442618598670907,0.004908986512224151,-0.023060563950055624,6.442521415918558,0.00516308044955162,-0.02321747513503425,development
2016-10-10,6.424580524432801,6.4318430172168535,6.423566752492982,6.428095609633062,18.027358190730258,6.445837053698974,0.008306932420817714,-0.026048376486730085,6.44572856257599,0.009056147299006,-0.02668910024193405,development
2016-10-11,6.428489651305707,6.4647129331508015,6.427297191832543,6.4631418086433,18.455951367687724,6.449204398182329,0.006087189085829604,0.007850221375141686,6.449100288659479,0.006968078189475533,0.007073441794345214,development
2016-10-12,6.462828144458988,6.463555020971773,6.45514357267722,6.455500430666677,18.341314984597606,6.452709925381524,0.0013444578846530135,0.0014460474005000279,6.452625321372149,0.0022901311585914667,0.0005849781359366091,development
2016-10-13,6.455245778105991,6.459643086577625,6.453670654070951,6.456433666167011,17.936508427244654,6.456342813847644,-0.0059075606343737454,0.005998412953741372,6.4562909049001815,-0.004880670243109927,0.005023431509939336,development
2016-10-14,6.456782207455712,6.463473933945154,6.456782207455712,6.462058612480747,17.87844358653078,6.460091819367451,-0.007892279224079432,0.009859072337375707,6.46008287142917,-0.006809084844914534,0.008784825896491988,development
2016-10-15,6.461953955375231,6.4647471535337155,6.457381736030592,6.459350304151041,17.479979510315836,6.4639461271481355,-0.00979388222630631,0.005198059229211793,6.4639864941097,-0.008822616715172229,0.004186426756513484,development
2016-10-16,6.460034348601321,6.465986096260289,6.459749514362431,6.464013343104695,17.511814904218564,6.467894290226103,-0.009977352364961143,0.006096405243553704,6.467985210810332,-0.008962076227271173,0.00499020852163401,development
2016-10-17,6.464304763807855,6.465099081164859,6.459376967706564,6.4602064325647,17.87704953668363,6.471923402477732,-0.0016464718403345355,-0.010070498072697553,6.472061191705703,-0.0016831129114290165,-0.010171646229573561,development
2016-10-18,6.460547456840312,6.462617551350387,6.455192229515032,6.4582756199394735,17.99827343891359,6.476019615181947,-0.003428702568029818,-0.014315292674443647,6.476196642479553,-0.0030790446744730594,-0.014841977865606815,development
2016-10-19,6.458548249074738,6.45970728846274,6.442560867687048,6.446544906685195,18.055133658705163,6.480171586826818,-0.005185794132151819,-0.028440886009470923,6.4803772895396445,-0.004642241443984027,-0.029190141410465387,development
2016-10-20,6.446771686455583,6.448758044065117,6.442950903123457,6.447079203892533,17.85781243981612,6.484374347205532,-0.00800503452568311,-0.02929010878731564,6.4845961254564255,-0.007764685456358573,-0.029752236107534635,development
2016-10-21,6.447028505856364,6.4521971991266724,6.44682075234278,6.450198667844754,17.839986883536252,6.488628839382074,-0.019862451127713218,-0.018567720409607524,6.488852949915888,-0.018657410400474903,-0.01999687167065911,development
2016-10-22,6.450685227349927,6.4895043112787025,6.450233388682717,6.48813141656068,18.179328630894116,6.492939435369783,-0.005825439166900705,0.0010174203577983931,6.493151502314758,-0.004458390116968733,-0.0005616956371090609,development
2016-10-23,6.488628734504744,6.493949022466466,6.482933003384839,6.487792055114197,17.81324511430737,6.497310102032778,0.0011397895785078401,-0.010657836497088624,6.497495330567378,0.002575585233724157,-0.012278860686904203,development
2016-10-24,6.487929058018572,6.48806752819259,6.480956677571142,6.482741820285731,17.946158135483135,6.501740970933145,0.0003625561235466386,-0.01936170677096083,6.5018844456094715,0.0007341910106812913,-0.019876816334422287,development
2016-10-25,6.48311043126897,6.498920516761012,6.4826454680470675,6.488578614713292,18.319520295650072,6.5062281003739555,-0.005403038644543723,-0.012246447016119433,6.506315077643558,-0.004065847983348537,-0.01367061494691768,development
2016-10-26,6.488715417155904,6.521692758311936,6.488715417155904,6.519595588765997,18.30276513075797,6.5107638891724875,0.0020505969741732672,0.006781102619336288,6.510780051546502,0.0038539667009944416,0.0049615705185006576,development
2016-10-27,6.519462856579953,6.534651828966881,6.519206250803822,6.5342436593410556,18.3809549920885,6.515336495835548,0.002216994636366439,0.016690168869140543,6.515268407119686,0.004182160936611978,0.014793091284757587,development
2016-10-28,6.5337888379333435,6.537334825024004,6.528194713122295,6.536185673981361,18.211754459139954,6.519930262107683,0.0007460796983216615,0.015509332175356327,6.5197655312810765,0.001763851873262183,0.014656290827022467,development
2016-10-29,6.537110352654787,6.5798093583008095,6.536766959968881,6.57155361121387,18.719013345130865,6.5245257437994315,0.014597566549809782,0.03243030086462895,6.524253108401534,0.00892538517116519,0.03837511764117174,development
2016-10-30,6.571048188184841,6.571048188184841,6.546031863787615,6.553739672583024,18.427308740176525,6.529098781668917,0.007375908050380978,0.017264982863725464,6.528708753656574,0.002425490798795688,0.02260542812765376,development
2016-10-31,6.554844690387639,6.564263061955013,6.539126322256774,6.552467921756674,18.390885244000128,6.53362214635148,0.0072850923554317,0.011560683049762766,6.533108746824556,0.00654498617731671,0.012814188754800782,development
2016-11-01,6.552988477809089,6.601844096510285,6.552988477809089,6.5927609731208925,18.687090667539856,6.538069253723703,0.018948144200010845,0.035743575197178856,6.537432469090807,0.019765864666636882,0.035562639363448945,development
2016-11-02,6.593134912249994,6.607769801762299,6.582508400219602,6.607769801762299,18.25657468504253,6.542415773093755,0.034981633576128594,0.030372395092414628,6.541662772692957,0.03576023342873519,0.030346795640606494,development
2016-11-03,6.609815452938326,6.614421278165241,6.519377358669735,6.534805780265187,18.967691715345655,6.546639715689484,0.011713100788907915,-0.02354703621320553,6.545783912566311,0.0035622953898453527,-0.014540427690969082,development
2016-11-04,6.535421259749402,6.560931640767438,6.530240381433128,6.555691096839877,18.41975728769786,6.550723462812031,0.01802041440540919,-0.013052780377563522,6.5497825856177645,0.00682699855464879,-0.0009184873325365217,development
2016-11-05,6.556103447208225,6.561751777544518,6.547845126968216,6.555951352068502,17.79989703335808,6.554655449954006,0.020551113203410402,-0.019255211088914592,6.553649912327387,-0.004764873780656785,0.007066313521771228,development
2016-11-06,6.556511291664267,6.571244235447946,6.550451562550262,6.567406299273721,17.908223806984903,6.558429821253308,0.01154826669344828,-0.0025717886730349804,6.55738273374882,0.011335961296454965,-0.0013123957715537315,development
2016-11-07,6.566301085054593,6.566301085054593,6.550941775587344,6.555543192236602,17.990622196211028,6.562043114409883,-0.002972923343631936,-0.0035269988296500188,6.560981725924751,-0.00012318114794005125,-0.005315352540209872,development
2016-11-08,6.555483468863463,6.5694631867277264,6.554488826103684,6.565050894305886,18.193288190901967,6.565489661406085,-0.003743955026235921,0.0033051879260366235,6.5644484819627005,-0.00046904846530666875,0.001071460808491409,development
2016-11-09,6.565018477968547,6.606712374129371,6.563305284062256,6.583786758490147,18.70155721826675,6.5687650145996255,1.642038241648396e-06,0.015020101852280199,6.567782441995282,0.003705755705420332,0.01229856078944458,development
2016-11-10,6.583193423080521,6.5834341255831115,6.566967775776448,6.573029112333138,18.0468276831037,6.571869121865054,-0.0007989120916754894,0.0019589025597603893,6.570982107638802,0.002793747767780893,-0.0007467430734440228,development
2016-11-11,6.573058455162491,6.5769123584677,6.571456989571231,6.574254039554768,17.9605434974818,6.574807635604956,-0.006947508447451364,0.0063939123972636125,6.574047853767572,-0.0033045726243136385,0.0035107584115090518,development
2016-11-12,6.574729914944393,6.575282249281935,6.55682803262301,6.558274418458775,17.984073220799544,6.57759022613352,-0.026888530790810734,0.007572723116066271,6.576981824178631,-0.01374450863262932,-0.0049628970872266365,development
2016-11-13,6.558475755527351,6.558562302331694,6.532792705912029,6.5539775709991535,18.201505520897932,6.580230398619597,-0.02661786063541886,0.00036503301497514684,6.579788990331569,-0.020751739169966095,-0.005059680162450064,development
2016-11-14,6.5539291437603255,6.560017418080874,6.55080598798512,6.55822758407093,17.958534182946178,6.582747593283894,-0.027788296624644587,0.003268287411680504,6.582479577900394,-0.023804442124344627,-0.00044755170512011944,development
2016-11-15,6.559323419139371,6.57328625922158,6.558566543046182,6.567542681966292,18.092711214645167,6.585172034288872,-0.029528718261161102,0.01189936593858043,6.585072648575035,-0.02568245385892501,0.00815248725018236,development
2016-11-16,6.566907271705329,6.616888126477231,6.563910534187021,6.612307125771844,18.766353390985614,6.587542095607384,-0.018956233668458146,0.043721263832917856,6.5875963875514705,-0.01605702188451437,0.04076776010488814,development
2016-11-17,6.613217730158748,6.62757171498005,6.605989138429952,6.6079695717774944,18.502988585809828,6.58989897134311,-0.020740094398103346,0.038810694832488224,6.5900842190614695,-0.017649027748969325,0.03553438046499391,development
2016-11-18,6.607602458453844,6.6239085342492,6.602438647131544,6.622184339187469,18.285583611911665,6.592282130620652,-0.014854935904838851,0.044757144471655685,6.592570257544977,-0.011480008573480461,0.041094090215972656,development
2016-11-19,6.622514235194213,6.628354818453487,6.612668499226452,6.622225592218803,18.52150298620812,6.594725005582177,-0.020293946645275087,0.047794533281900975,6.595085150697177,-0.017404099363237776,0.04454454088486415,development
2016-11-20,6.622575444387077,6.62735328301624,6.576391529373682,6.5944490282006605,18.85321613007181,6.597252383502234,-0.02905260256942437,0.026249247267851494,6.5976534761611845,-0.024671154475633957,0.021466706515109735,development
2016-11-21,6.594775931121596,6.6089744895328275,6.593742933766278,6.60563343407551,17.92313983628826,6.599878634150793,-0.009971288569307027,0.01572608849402446,6.600290822798039,-0.005378618325894225,0.010721229603364968,development
2016-11-22,6.606167644658636,6.625219932850092,6.60194586455975,6.621867575553589,18.68232167764845,6.602612014348498,0.004049562991332327,0.015205998213758676,6.603007626661011,0.008856798402429436,0.010003150490148549,development
2016-11-23,6.622391886712613,6.623068715510154,6.605195089138865,6.612839095464642,18.153373697037132,6.605456485148334,0.013211444046303119,-0.005828833729995431,6.605811154601098,0.015067640006121933,-0.008039699142578627,development
2016-11-24,6.6128740145564455,6.615840220338837,6.597813950864153,6.607040652523884,18.26891900666156,6.6084125642286775,0.0021056754660124673,-0.003477587170805485,6.608706765259088,0.006515078582749169,-0.00818119131795303,development
2016-11-25,6.607247327603523,6.608876067625629,6.599313886373464,6.608876067625629,18.032184855771405,6.611479324606684,0.0041810141164839365,-0.006784271097538763,6.611698277653322,0.0094000606650612,-0.012222270692753945,development
2016-11-26,6.6086899777865,6.609637596872473,6.5925307035239555,6.600390117929142,17.822165349503408,6.614658872642849,0.005701735933811947,-0.01997049064751888,6.614789676336056,0.011518068223768874,-0.0259176266306822,development
2016-11-27,6.600464896265399,6.605322285198076,6.594529762151919,6.595828290279021,17.778260916665506,6.617954070766332,0.009810165570086106,-0.03193594605739669,6.6179852245310755,0.011267317542525182,-0.033424251794579085,development
2016-11-28,6.596441509663162,6.603951929445677,6.596441509663162,6.600975994458343,17.940846568838953,6.621367371437546,0.0284799613934813,-0.04887133837268376,6.621289028718316,0.01128928013818314,-0.03160231439815586,development
2016-11-29,6.601677001878031,6.603226776661625,6.5992703477293855,6.600691935755048,18.04250640688127,6.6249038386028785,0.020296666162464963,-0.04450856901029532,6.624707155819257,0.004637229478808139,-0.028652449543017156,development
2016-11-30,6.601615909247795,6.61730807520932,6.601590128102507,6.6143112771183885,18.247169870840565,6.628572827222282,0.017322907260840466,-0.03158445736473414,6.628245283248705,0.012750394883788181,-0.026684401014104964,development
2016-12-01,6.614787287979315,6.6310461488595855,6.614787287979315,6.629064644525352,18.20329440056656,6.632389209534275,0.028358973404119803,-0.031683538413043166,6.631905303666213,0.029740484793103414,-0.03258114393396472,development
2016-12-02,6.630082918986739,6.660954105555707,6.630082918986739,6.656654503204481,18.664450120896916,6.636374869839192,0.050863014064751154,-0.030583380699461316,6.635693103356795,0.05065886124278891,-0.02969746139510221,development
2016-12-03,6.657045221204009,6.657045221204009,6.6396876044785165,6.647889428966421,18.057517611451967,6.640556088299698,0.03335494920182123,-0.026021608535098828,6.639624779383041,0.015437552282735665,-0.0071729026993558875,development
2016-12-04,6.648515528782077,6.651406497254316,6.643999360523277,6.651406497254316,17.91911050665132,6.644955538557756,0.04402690560865663,-0.037575946912097535,6.643722323433945,0.018218805866848962,-0.010534632046478087,development
2016-12-05,6.650788597787866,6.6508843215176885,6.622354619061925,6.631606458424166,18.48236833943559,6.649591415433215,0.062302691826517896,-0.08028764883556683,6.648010204083415,0.005852261399211614,-0.02225600705846098,development
2016-12-06,6.631632764259368,6.640688587505054,6.631632764259368,6.638860938602402,18.57097830432564,6.654479481058024,0.03189885485215112,-0.04751739730777249,6.652511998789167,0.03205507193922498,-0.04570613212599017,development
2016-12-07,6.638843927084056,6.648392444453984,6.6329894317969025,6.643961618114188,18.384287438711507,6.659637825727868,-0.0045408228204440685,-0.011135384793235836,6.657248999619013,0.0018783122689347096,-0.01516569377375987,development
2016-12-08,6.6438886720030625,6.652473273408366,6.6411116501523155,6.6474419068764385,18.198935027711336,6.66508892697124,-0.00253606403819042,-0.015110956056610725,6.662241448035261,0.003825291506139938,-0.01862483266496273,development
2016-12-09,6.6463177455767335,6.652253831055546,6.6459345496126785,6.65001252704525,18.045336857568156,6.670844469940068,0.0023905258270624035,-0.023222468721879608,6.66751006077188,0.00880801222143436,-0.026305545948064335,development
2016-12-10,6.650308815673485,6.655558721739858,6.650162577509975,6.652411345940396,17.801584838224592,6.67689821928667,-0.0023211238791759096,-0.022165749467098372,6.673063933323551,0.00356674503075416,-0.024219332413909278,development
2016-12-11,6.652542996470867,6.652602316144805,6.640414234353154,6.646041126675933,17.864045028686178,6.683229288303607,-0.013869817549079271,-0.02331834407859379,6.6788916768924835,-0.007682773023990426,-0.025167777192559804,development
2016-12-12,6.646442432980479,6.661754987616189,6.646442432980479,6.659405420005707,18.15372898600895,6.689805910112086,-0.0581897094396164,0.02778921933323719,6.684955376323228,-0.026247011956060006,0.0006970556385388349,development
2016-12-13,6.6601230280577655,6.670081703786095,6.656677647791159,6.660006525079066,18.21789849962808,6.696588856959617,-0.05217772719096289,0.01559539531041132,6.691189777892808,-0.039095716207983695,0.007912463394241342,development
2016-12-14,6.659300336201513,6.661898213513392,6.655233107916293,6.6611908605070465,18.14596755744042,6.703529455645662,-0.049499769296578594,0.007161174157962691,6.697512691255537,-0.042415592698011526,0.006093761949521159,development
2016-12-15,6.659383668604801,6.661131969946644,6.656471995644794,6.656839644643783,18.217095880869895,6.7105598559219635,-0.054474974947528065,0.0007547636693479021,6.7038428426562655,-0.048056111941306406,0.0010529139288246725,development
2016-12-16,6.657963564255709,6.665724458863307,6.657963564255709,6.665565217003507,18.24165217132975,6.717600420014024,-0.042396662652216664,-0.00963854035830014,6.710097945341663,-0.03605076807227066,-0.008481960265885213,development
2016-12-17,6.665895180263406,6.675203827075362,6.665510471820779,6.673081736426741,18.184829300831186,6.724571111751547,-0.04220017824836076,-0.009289197076444822,6.716195119741939,-0.03652779526476533,-0.006585588050432634,development
2016-12-18,6.673308075934012,6.678011241682913,6.66953108550641,6.672703643657297,17.91855716400254,6.731396002979104,-0.019294268151762977,-0.039398091170044225,6.722057896493477,-0.013982693895083439,-0.03537155894109745,development
2016-12-19,6.672908532402665,6.6765934456171445,6.672437935972983,6.675462487347288,18.13148286992028,6.738007605291785,-0.026663881278411895,-0.03588123666608478,6.727624116304568,-0.02172598444207253,-0.030435644515207194,development
2016-12-20,6.6748732236191275,6.686281551610605,6.673926100792134,6.6857060993747055,18.416966825888547,6.744354414148479,-0.030107363496822092,-0.028540951276951,6.732853771363999,-0.024018440881461777,-0.023129231107831494,development
2016-12-21,6.6854163812224074,6.72657028313802,6.6838677376009406,6.72657028313802,18.862644922594583,6.750406145375855,-0.017416333493327718,-0.006419528744507019,6.737739502496746,-0.01124510149205962,7.588213333420413e-05,development
2016-12-22,6.726449197658398,6.775117181422176,6.7264120276513015,6.7621975481258385,19.113962960394556,6.75614805342739,0.003597331013509015,0.002452163684939279,6.742299744498618,0.009936780782442525,0.00996102284477729,development
2016-12-23,6.762600019357974,6.829920220756326,6.762356029105232,6.826527879371477,19.434330468107742,6.761577657728001,0.019354359236190628,0.04559586240728564,6.746572726369603,0.021320973452830124,0.058634179549044596,development
2016-12-24,6.8267404243518355,6.828148064026213,6.787095007800624,6.801085041012365,18.740784088256056,6.7666992427960055,0.006407718643205271,0.027978079573153458,6.750605710976112,0.011767766917391618,0.038711563118861037,development
2016-12-25,6.802007996873142,6.802007996873142,6.7597470420676995,6.798144614668988,18.782994709680082,6.771522433604428,0.0015307224021826038,0.025091458662378052,6.754449237403672,0.006651353405393995,0.03704402385992278,development
2016-12-26,6.798949980533813,6.816937416692653,6.798942154702498,6.810814754828418,18.633943650065305,6.776060968322117,0.003662878217473353,0.03109090828882799,6.758149492540734,0.011430016648475278,0.041235245639208884,development
2016-12-27,6.811634174757463,6.845930909706451,6.807111405680036,6.838617394838502,18.935346989081292,6.780332076385474,0.008686560424704347,0.04959875802832325,6.761743544581532,0.00970598237280844,0.0671678678841614,development
2016-12-28,6.8403657575493915,6.883381661519909,6.8403657575493915,6.883381661519909,19.282008301977243,6.78435104421257,0.024913665568611246,0.0741169517387279,6.765255500222402,0.005774374163672426,0.11235178713383487,development
2016-12-29,6.8825656679084775,6.886937048289374,6.861190776424382,6.880894752696595,19.110422136394536,6.788128903766137,0.02016775644419453,0.07259809248626414,6.768697305883347,0.0019422310469436157,0.11025521576630481,development
2016-12-30,6.879906036902537,6.879906036902537,6.840367912054156,6.868222012133038,19.049150732427034,6.791672701573542,0.015351547459705935,0.061197763099790414,6.772074252317798,0.00882678746788604,0.08732097234735381,development
2016-12-31,6.867586211050584,6.8708246418419385,6.853548294339861,6.8708246418419385,18.41199417471599,6.794986420514171,0.023735462023131242,0.05210275930463659,6.775387992185348,0.0238231034371391,0.07161354621945115,development
2017-01-01,6.870736480634166,6.910830562446866,6.865577130508998,6.906078886821661,18.811201465578105,6.798073014627391,0.05433448893206067,0.053671383262209105,6.778635726403661,0.05207063356848386,0.07537252684951667,development
2017-01-02,6.906371326161065,6.938662700553903,6.904451855080604,6.929272122444386,19.219020894635168,6.800936250088867,0.054240401116833245,0.0740954712386861,6.781808882623117,0.03189474585429369,0.11556849396697633,development
2017-01-03,6.929125281225769,6.950891351716907,6.929125281225769,6.950661467420552,19.036774084470498,6.803581370744933,0.06366114565457251,0.0834189510210468,6.784895470768244,0.03493495061215906,0.13083104604014917,development
2017-01-04,6.951197859804675,7.055675197008736,6.951197859804675,7.051621812074477,19.65889839752063,6.806014643861414,0.08911712075597576,0.15649004745708694,6.7878847539225315,0.02795895775304764,0.2357781003988979,development
2017-01-05,7.0533523205269,7.082632508737413,6.813902727740944,6.92104656223733,20.05031142129456,6.8082364592310896,0.054318245941451584,0.05849185706478899,6.790769305625475,0.052607853805475904,0.07766940280637868,development
2017-01-06,6.921894832676257,6.953502779895263,6.784393677936568,6.804837320961281,19.678789401614395,6.810241272989012,0.00929254314343734,-0.014696495171168777,6.793543738273451,0.015976142159499926,-0.004682559471669734,development
2017-01-07,6.806261720886148,6.81188846848769,6.7136315865259615,6.81188846848769,19.448691786248947,6.812024418468247,0.005670405169555647,-0.00580635515011263,6.796203086005301,0.012237871157491288,0.0034475113248984,development
2017-01-08,6.811437077875006,6.848773555805866,6.788125690821577,6.814761286803103,18.88262075569392,6.813589393393156,0.014020303287846259,-0.012848409877898703,6.798739627556738,0.020396526200089412,-0.004374866953725132,development
2017-01-09,6.8170031160782525,6.817486939224609,6.779702572965652,6.805532062295745,18.770470993678366,6.814948180819537,0.001127214891187465,-0.01054333341498026,6.801142023828114,0.0073381565313117994,-0.0029481180636814486,development
2017-01-10,6.805102208662007,6.818785242306726,6.80357184540242,6.810890809605344,18.56744421398059,6.816119599020317,-0.01476832211213269,0.009539532697159459,6.803395350306064,-0.008463912879645511,0.015959372178925513,development
2017-01-11,6.811371011772402,6.823773487795836,6.636950008227683,6.656414160487907,19.555075125746935,6.817127179510858,-0.05891985065661563,-0.1017931683663349,6.805481406441792,-0.019101597796218436,-0.12996564815766565,development
2017-01-12,6.653092652665316,6.716892515753104,6.627718548150246,6.690636025591111,19.219655335657475,6.818002616369373,-0.04839467232529559,-0.07897191845296625,6.807385327830462,-0.03539315326529568,-0.08135614897405574,development
2017-01-13,6.689272100615417,6.720221333180439,6.659297753907056,6.714151122925041,18.945219911764397,6.8187822785665935,-0.04554034609555006,-0.0590908095460021,6.8091035475010315,-0.046524767830698366,-0.04842765674529215,development
2017-01-14,6.715555527638728,6.727533542421762,6.7000617511371,6.707365861768661,18.348790432508835,6.8195084899051395,-0.053016914318060555,-0.05912571381841758,6.810655585747708,-0.06394107432768867,-0.03934864965135798,development
2017-01-15,6.707035950870771,6.713329164896126,6.700572390556554,6.711494590639504,18.07838198003995,6.8202290423886165,-0.05051342607744811,-0.05822102567166443,6.812092414059492,-0.04695189431831705,-0.05364592910167154,development
2017-01-16,6.7114763942743005,6.726868727235759,6.709634768709585,6.72327218366609,18.23139742221009,6.8209951916019405,-0.05643014006205441,-0.04129286787379627,6.813495476880953,-0.05060138178806693,-0.03962191142679572,development
2017-01-17,6.722564791419064,6.814060864635475,6.722384302029003,6.811176081445307,18.859548448389805,6.821860818469957,-0.04089654747089357,0.03021181044624388,6.814969971569568,-0.02819218769823483,0.02439829757397316,development
2017-01-18,6.81275533542957,6.82165151551399,6.754958367846397,6.787414202953483,19.234615300393422,6.822879542461263,-0.03992302773784793,0.00445768823006798,6.816625310392874,-0.03445459913936423,0.0052434916999732906,development
2017-01-19,6.789348948868115,6.807508348522246,6.784839356861586,6.801364230285273,18.475405653109068,6.8241019323534715,-0.03618566555822735,0.013447963490029302,6.818555098220076,-0.030615597156611312,0.01342472922180793,development
2017-01-20,6.800361583480928,6.801725662081547,6.787853996474138,6.7968527692495195,18.27829196596353,6.8255751418435215,-0.02514249132313023,-0.00357988127087161,6.820824184808614,-0.019764873958050048,-0.004206541601043945,development
2017-01-21,6.797436950544702,6.832349392717569,6.797421275009525,6.826316348668253,18.526463179589438,6.827341202948077,-0.00850460569337566,0.007479751413551838,6.823466886043699,-0.002746498147067467,0.005595960771621833,development
2017-01-22,6.8267675601178155,6.843243450181656,6.799684455868135,6.829440132947645,18.57402825275268,6.829434641351415,0.011524215577685511,-0.011518723981454926,6.826490262031862,0.015196247661613649,-0.01224637674583029,development
2017-01-23,6.830333076799597,6.83331832016439,6.820821691075949,6.825473091436103,18.11400069398692,6.831883122743698,-0.0101331986091488,0.0037231673015529765,6.829881188968832,0.011936614037028198,-0.01634471156975703,development
2017-01-24,6.814188281152899,6.828869006837534,6.7937867209842615,6.794236028622768,18.528179979916583,6.834708601717476,-0.008541498373005212,-0.03193107472170276,6.833614077191308,0.00024503770017803483,-0.03962308626871813,development
2017-01-25,6.793380939713532,6.806001599972675,6.79311518726151,6.804106621924597,18.609903441335643,6.837926783703227,-0.005999649472324308,-0.027820512306306,6.837659131097011,0.019398735943577484,-0.052951245115991696,development
2017-01-26,6.805052361557465,6.823640780675706,6.804862825152541,6.821746306871368,18.697994255680058,6.841549279230131,0.003443382817816255,-0.023246355176579137,6.841990346050788,0.00499789704759053,-0.025241936227009987,development
2017-01-27,6.822588391293946,6.827870833159533,6.819848237331914,6.824101893984884,18.648565048118844,6.845585142466524,0.01747270123924982,-0.038955949720889116,6.846590321017587,0.0002714234208576335,-0.02275985045356066,development
2017-01-28,6.824168185997903,6.828615758237463,6.824168185997903,6.826100468376998,18.04932138117094,6.850039197101287,0.016449275951692245,-0.04038800467598147,6.851443016062749,-0.0004659245622783639,-0.02487662312347272,development
2017-01-29,6.826617907032222,6.828082035331695,6.823447165209136,6.823825663066862,17.923950330992316,6.8549055335878,0.009169483611025802,-0.040249354131963955,6.856530125839499,0.0034124468484698356,-0.03611690962110714,development
2017-01-30,6.824537788096721,6.8276812088834715,6.8238017663199315,6.824788821899106,18.175129211102167,6.860165916137608,0.02160894218102673,-0.05698603641952893,6.861836233377503,0.017878921903852662,-0.05492633338224984,development
2017-01-31,6.825415501496005,6.87937533297346,6.825415501496005,6.877711464694263,18.918919490288857,6.865790025866844,0.051981965735428036,-0.04006052690800921,6.867355596911997,0.047670244765210174,-0.03731437698294382,development
2017-02-01,6.878265682715804,6.896809606778074,6.8780607320597005,6.8967175975805715,18.82687892329814,6.871737317298123,0.06606618771890309,-0.04108590743645468,6.873094654468524,0.0423829234601549,-0.018759980348106886,development
2017-02-02,6.897705929592796,6.921184719027004,6.890833925293687,6.919486189997785,18.797890352084835,6.877961608915564,0.07487680321264353,-0.033352222130423215,6.879063576361355,0.048996992300249814,-0.008574378663819715,development
2017-02-03,6.919150132346747,6.941064316989593,6.916506850025628,6.937226731777762,19.12019759998824,6.884417387413898,0.10217280421751543,-0.04936345985365165,6.885265792348429,0.04707203754972851,0.004888901879604113,development
2017-02-04,6.938604467734265,6.952633060706967,6.92280148792391,6.94976059613992,18.859348499337198,6.891072809500934,0.07025881795779916,-0.011571031318813318,6.891690141487161,0.06970994791434423,-0.011639493261585088,development
2017-02-05,6.950354911766854,6.950460304286591,6.9298787355791625,6.934728183388385,18.553531914027978,6.897902605687673,0.02843359325289116,0.008391984447821521,6.898316921401288,0.03340455590722355,0.0030067060798737444,development
2017-02-06,6.935759498728957,6.951427621797337,6.935526108996276,6.945195585074028,18.53188217719078,6.904879249650126,0.014130010965579223,0.026186324458323362,6.9051214433779835,0.018991564407181652,0.02108257728886276,development
2017-02-07,6.947110612881332,6.967843337109312,6.947110612881332,6.967296939077743,18.799165185369635,6.911975099522402,0.026782428375971588,0.02853941117936909,6.912075990716214,0.03140225549833547,0.023818692863193824,development
2017-02-08,6.96821042384993,6.983762134472345,6.944559603865538,6.968916176741626,19.12306022041235,6.91916091663436,0.0071438121971610525,0.042611447910104516,6.919147068932062,0.011801716171158124,0.037967391638405346,development
2017-02-09,6.970448302298205,6.993005930971522,6.8599757977056415,6.902122439889391,19.824864140363673,6.926406204919876,-0.0011291609505980197,-0.023154604079886454,6.926295155224268,0.0031408038937744505,-0.02731351922865155,development
2017-02-10,6.903377730482527,6.906659708363751,6.852972724199618,6.8963646627277315,19.064910757528363,6.9336846799541485,-0.03278870706062781,-0.004531310165789115,6.933481067962905,-0.0021607336445007242,-0.03495567159067292,development
2017-02-11,6.896591202240348,6.917002370541299,6.890436182610406,6.912195418954995,18.44303893634193,6.940963739610211,-0.020563735078234932,-0.008204585576981671,6.940657578123971,-0.01595216264730344,-0.01250999652167284,development
2017-02-12,6.911269118211781,6.912503995956966,6.90467154967254,6.906935973743242,18.02808251635926,6.948210877382235,-0.019849493526821315,-0.021425410112171583,6.947774429600726,-0.03206113390992358,-0.008777321947560424,development
2017-02-13,6.9066396667181245,6.909853053114578,6.883464650140471,6.898353246873736,18.426732405653798,6.9554004469283415,-0.02564350913048554,-0.031403690924119765,6.954790654584703,-0.05647385614432553,3.644843335859349e-05,development
2017-02-14,6.899455919778954,6.9191995527526045,6.894133936586828,6.9122949470785215,18.742372869443344,6.962511965689832,-0.03529315888935488,-0.014923859721955424,6.961680254753843,-0.037658981009176445,-0.011726326666145148,development
2017-02-15,6.913946098254087,6.916556461698617,6.9093340490685335,6.915207422655666,18.312643326365233,6.969526264382022,-0.05247387199176957,-0.001844969734587032,6.96842867802575,-0.04998233335405982,-0.0032389220160240484,development
2017-02-16,6.915376189931292,6.94058058020802,6.915376189931292,6.934825493080521,18.62179952900738,6.976423720495892,-0.05778664169181233,0.01618841427644213,6.9750269329501,-0.035122975864779075,-0.005078464004800054,development
2017-02-17,6.93353997308314,6.959559984376783,6.933072101590941,6.9529293520152535,18.731644685583323,6.9831846196009835,-0.044001141988792104,0.013745874403062075,6.981462802556179,-0.04095631926423574,0.01242286872331011,development
2017-02-18,6.955792741847766,6.967061362261506,6.9536459684965175,6.960746173430987,18.411372607348323,6.989779435083421,-0.03616603570095877,0.007132774048524304,6.987712252228776,-0.034511047874235846,0.007544969076446861,development
2017-02-19,6.9610685413599835,6.963010271520122,6.950297355872151,6.95451480661356,18.16479828810214,6.996162592181091,-0.021095391798774246,-0.020552393768756616,6.993750190142788,-0.01989354028273145,-0.019341843246497348,development
2017-02-20,6.955296988918701,6.985169911674504,6.948599616612783,6.984697782909415,18.511234182927307,7.0022824848372975,-0.022090708119043692,0.004506006191161482,6.999537448586787,-0.02085710050289122,0.006017434825518642,development
2017-02-21,6.984049458000326,7.018625587813561,6.981869729829158,7.0168787499348575,19.045918357110974,7.008092226167816,-0.010819714696551375,0.01960623846359333,7.005027055010025,-0.009436987175310958,0.021288682100143674,development
2017-02-22,7.016430339561865,7.025884934558895,7.003565378351305,7.018795580971871,18.728900474969233,7.013554862547412,-0.04557476937901204,0.05081548780347145,7.010173700137582,-0.008814645588598142,0.01743652642288751,development
2017-02-23,7.018643506650556,7.070401196166634,7.0183659533058895,7.0619516471942365,19.059656814234646,7.018640324868165,-0.03209075276748335,0.0754020750935549,7.014935885611008,-0.02265934868604348,0.06967511026927209,development
2017-02-24,7.06707255550445,7.09040179547097,7.031705887996248,7.067899436840521,19.61690059868363,7.023318513946036,-0.03061583927587297,0.07519676217035798,7.019285692309996,0.012523875429768124,0.03608986910075629,development
2017-02-25,7.065109422806555,7.068895738426474,7.025173773534819,7.042146272294104,18.756874320322847,7.027554404053506,-0.013064749578923104,0.02765661781952211,7.023224973937223,-0.013842083709526325,0.032763382066407054,development
2017-02-26,7.04252217555723,7.06259426844139,7.030149843840584,7.060647983032412,18.573281660659738,7.031314229702456,-0.0033262787331614307,0.032660032063117406,7.0267697539614185,-0.01077708732989903,0.04465531640089271,development
2017-02-27,7.059428631910356,7.074946260428357,7.059084844634796,7.073244268830812,18.69504959494254,7.034572043052134,-0.0052025715867822795,0.04387479736545963,7.029943605959324,-0.013329514942120087,0.056630177813607574,development
2017-02-28,7.073879676312235,7.084435955886006,7.066313328641876,7.073244268830812,19.03562852232355,7.037318310348258,-0.013987756202596038,0.04991371468514938,7.032750151951745,-0.018040030886682164,0.05853414776574972,development
2017-03-01,7.073303648239987,7.108653221349027,7.073006921067356,7.108653221349027,19.249481408282847,7.0395582095677005,0.005674793585003472,0.06342021819632304,7.035176921857174,-0.0014352276642975175,0.07491152715615179,development
2017-03-02,7.110434908457122,7.14055605285094,7.103009509574685,7.131706512033619,19.724340524103535,7.04130470828054,0.03266142017553048,0.05774038357754829,7.037206182829833,0.026962388873497316,0.06753794033028893,development
2017-03-03,7.131466637863116,7.154857561173593,7.131466637863116,7.150693606581315,19.57042650940454,7.04257575437486,0.04836810672332055,0.05974974548313483,7.038822755566014,0.03422227500320377,0.07764857601209751,development
2017-03-04,7.152605568328411,7.15414651577483,7.115184004702533,7.135010385457281,19.02647103875049,7.043393726236369,0.05961281896789891,0.032003840253012505,7.04001953692072,0.05163027642905603,0.043360572107504325,development
2017-03-05,7.134324985517791,7.144636072039769,7.121300964991899,7.144501883808209,18.71429767772277,7.04378057336572,0.07341608559185629,0.02730522485063247,7.040801021562912,0.05626508897836755,0.04743577326692883,development
2017-03-06,7.144778043665952,7.151485463904735,7.14251112664618,7.148998012258878,18.850233358033577,7.043754406125407,0.05967793557360016,0.0455656705598706,7.041185046789309,0.05920893085533403,0.048604034614235125,development
2017-03-07,7.149296518971427,7.151132775541957,7.094068897716279,7.1095036073166265,19.489713166923764,7.043333102799242,0.04274506884248262,0.023425435674901962,7.041200906698139,0.043963787350426824,0.02433891326806137,development
2017-03-08,7.109250163797823,7.116524033384758,7.04584622253782,7.047517221357296,19.622460171585367,7.042534583779346,0.023668585704763392,-0.018685948126813123,7.040883272730153,0.024939224334088923,-0.018305275706945956,development
2017-03-09,7.047821502015762,7.087957893235487,7.039861889586638,7.080438864383628,19.173430890498466,7.041380826488327,0.04189394879719471,-0.0028359109018936124,7.040269863189473,0.04325159408089107,-0.0030825928867361796,development
2017-03-10,7.081170613693271,7.14714216690435,6.982166776495947,7.018151070235594,20.150202986920252,7.0399062371964956,0.02324572227685015,-0.04500088923775181,7.039408475093409,0.025593660625432533,-0.04685106548324747,development
2017-03-11,7.017792791817699,7.084921868400125,7.017792791817699,7.069729522765578,19.462087562379274,7.038159294346794,0.018343386009352508,0.013226842409431505,7.038357033628409,0.01983601573019035,0.011536473406978942,development
2017-03-12,7.070401196166634,7.112311128359382,7.069329749869255,7.10773665009666,19.241235609830685,7.036193577587972,0.014703608892763809,0.0568394636159244,7.037167037481125,0.023460120173233345,0.04710949244230189,development
2017-03-13,7.108064114526339,7.120743434378776,7.10416876729281,7.116329242636762,19.7564104740924,7.034066623559834,0.011784450581120168,0.07047816849580713,7.035880053331385,0.0073533171175798225,0.073095872187797,development
2017-03-14,7.116524033384758,7.126738234207673,7.107196103827008,7.122866658599083,19.318016972851208,7.031836233770685,0.007518838314780937,0.0835115865136169,7.034525175049691,-0.0110451185132486,0.0993866020626406,development
2017-03-15,7.122995709949018,7.132185989551336,7.122665025369243,7.130586769610476,19.51194944435973,7.029555806303863,0.0016180432054808055,0.09941292010113223,7.033122310919175,-0.0351121048773081,0.13257656356860892,development
2017-03-16,7.131962229486955,7.137262522984311,7.049636661582344,7.079866604143309,20.274738728940648,7.027271544905942,-0.017008118482760546,0.06960317772012647,7.031690858594883,-0.024314913347957906,0.07249065889638295,development
2017-03-17,7.073405330297772,7.073405330297772,7.002674424160569,7.003274509661078,20.375973845110178,7.025020379001521,-0.040293555601546516,0.018547686261102925,7.0302470073333,-0.0396341837045441,0.012661686032322095,development
2017-03-18,7.002783547234952,7.015775206666944,6.8644876184447945,6.881224420883298,20.247327861447452,7.022833359925237,-0.05863898819607245,-0.08296995084586545,7.028807970880547,-0.03314687940848108,-0.11443667058876716,development
2017-03-19,6.884210237692372,6.975329843547168,6.884210237692372,6.943836443907466,19.823458506789738,7.020745120754783,-0.037405976472581544,-0.03950270037473569,7.027396782292109,-0.03580889723149887,-0.047751441153144114,development
2017-03-20,6.944318608648214,6.968878627237394,6.943778630248154,6.960565902643183,19.47335374832849,7.018799783729328,-0.029936114972588572,-0.028297766113555944,7.026048786282377,-0.030525217582966332,-0.03495766605622741,development
2017-03-21,6.96163720571802,7.023251304980016,6.96163720571802,7.0215660257574095,19.636753079825407,7.017046880447331,-0.011410803478877242,0.015929948788955706,7.024807988369887,-0.011306509865692285,0.008064547253214371,development
2017-03-22,7.021664174506062,7.021664174506062,6.921865284992237,6.955726074227182,19.757892504772546,7.015529560889763,-0.028970094745692725,-0.03083339191688861,7.023715828042339,-0.027837269570964034,-0.040152484244193154,development
2017-03-23,6.956593107729881,6.964145073621125,6.936274758790913,6.945619270281324,19.33111436036562,7.014278761741511,-0.02087225243966097,-0.04778723902052562,7.022803353607442,-0.01941286284700433,-0.057771220479112984,development
2017-03-24,6.945484448606433,6.9474277852538435,6.8398596316103015,6.843238111749903,20.012032110459998,7.01331334135766,-0.05473838381085302,-0.11533684579690373,7.022090859970566,-0.036209094912314124,-0.14264365330834927,development
2017-03-25,6.8421922097076555,6.883217665336309,6.806511846162435,6.880156915275587,19.892700884994326,7.0126465918711265,-0.028123655762750367,-0.10436602083278856,7.021591292484388,-0.040814533419969865,-0.10061984378883082,development
2017-03-26,6.881426718924129,6.915683787130521,6.860858593854292,6.8739140450735094,19.531445560618916,7.012292776467939,-0.036280006028025634,-0.10209872536640408,7.0213144307410715,0.018679355904285624,-0.16607974157184735,development
2017-03-27,6.879412379711881,6.953111003638714,6.879339352473254,6.952508754293974,19.735841575260295,7.012268345136666,-0.02621504491169244,-0.03354454593099909,7.021265886619979,-0.025722276121315647,-0.04303485620468894,development
2017-03-28,6.9513701276120905,6.970401408175027,6.9351077461428705,6.953827490003873,19.60342582908085,7.012587233682043,-0.027678773934620475,-0.03108096974355057,7.0214513232861675,-0.027258179754109265,-0.040365653528185774,development
2017-03-29,6.952805081474052,6.961419265806435,6.923510515848485,6.946947117680094,19.514139727121346,7.013261191238015,-0.027301435708942886,-0.03901263784897768,7.02187588439675,-0.027493053882117657,-0.04743571283453818,development
2017-03-30,6.949098700095915,6.955869061123476,6.927597099627895,6.93384209385482,19.68189077251263,7.014301996432543,-0.03221974183036324,-0.04824016074736015,7.0225582534184365,-0.030974033423396056,-0.05774212614022023,development
2017-03-31,6.934046627546975,6.980001560121188,6.934046627546975,6.977085463306049,19.91871102483354,7.015725865277974,-0.01579461611761772,-0.022845785854307188,7.023536139768846,-0.019900145982744637,-0.02655053048005218,development
2017-04-01,6.9770107462544635,6.9955096866061215,6.967051928610162,6.985179175946941,19.484128563110023,7.017552417664541,0.009735919780539268,-0.04210916149813926,7.024858787051197,0.00820924500488569,-0.04788885610914129,development
2017-04-02,6.98528096160418,7.009941732028614,6.980494412060119,7.0050362827092645,20.058097587988385,7.019802966389718,0.02626718199082423,-0.041033865671277425,7.0265805198306115,0.019106613554003275,-0.040650850675350014,development
2017-04-03,7.0057436428840285,7.049029112656053,7.0057436428840285,7.042120125812191,20.179303942740273,7.022502584842025,0.03821621751337881,-0.018598676543213344,7.028754819889549,0.036381728136049486,-0.023016422213408383,development
2017-04-04,7.0436139788250705,7.053101548632552,7.021548160105018,7.032844889820959,19.893863596803467,7.025678980490057,0.042089759090185634,-0.03492384975928342,7.031433447696115,0.04248627724515361,-0.04107483512030896,development
2017-04-05,7.033629946683539,7.034467191972421,7.015380233362283,7.0253427657423035,19.84326846318042,7.029359686984382,0.03829404764921502,-0.042310968891293044,7.03466178567618,0.0419656200795914,-0.051284640013467886,development
2017-04-06,7.026258107969579,7.080337895036792,7.026258107969579,7.07553837431398,20.052314529348973,7.03357377899877,0.0447277234507164,-0.0027631281355064985,7.038474130196368,0.041935676338727086,-0.004871432221115413,development
2017-04-07,7.072370958612202,7.078830461721649,7.059093448837114,7.070639162276173,19.574481783688395,7.038350267189597,0.030768937535824745,0.001519957550750739,7.042891926603083,0.01685236091964206,0.010894874753447858,development
2017-04-08,7.067021444374051,7.07748115891175,7.0583969144511585,7.069831568879457,19.159336524520633,7.04370918900669,0.04905480258919184,-0.022932422716424483,7.047916650994113,0.050184207676592166,-0.028269289791247765,development
2017-04-09,7.070358659013865,7.087749096191175,7.066347496276691,7.07991706211631,19.30586467313028,7.04965480868976,0.03644395143342065,-0.006181698006869851,7.0535326965315255,0.037402196606484646,-0.011017831021700175,development
2017-04-10,7.079437141941854,7.0819942310194675,7.072455860096447,7.079293912622461,19.190247193916633,7.056169701366018,0.0409210496635807,-0.017796838407138083,7.059707983295617,0.042788212408690386,-0.023202283081846353,development
2017-04-11,7.079571818287732,7.096779279136366,7.079571818287732,7.094243152944194,19.191631208084903,7.063224365544301,0.06015509209998086,-0.029136304700088544,7.066415469739494,0.055716449011990146,-0.027888765807290383,development
2017-04-12,7.0940772061143615,7.096009216855265,7.0873731925576715,7.090385117419089,19.480905631099926,7.070783855775147,0.03808836956822081,-0.018487107924278767,7.073644933334804,0.018388012565197884,-0.0016478284809124943,development
2017-04-13,7.090926491383182,7.094973174952536,7.053101548632552,7.064143478551174,19.679053641614207,7.0788114270276585,0.025481476820830067,-0.040149425297314245,7.081399042647379,0.013779129461783815,-0.031034693557988824,development
2017-04-14,7.065041001708634,7.082380670290428,7.055994266855708,7.0626542836016855,19.356095476829527,7.087272046469733,0.021521124568283846,-0.046138887436331544,7.089677907939632,-0.008194207849464355,-0.01882941648848213,development
2017-04-15,7.062448710635829,7.080026499922591,7.060441997168856,7.06691057480153,19.13146649132957,7.096135921304427,-0.014536868432994482,-0.014688478069902366,7.098462063321517,-0.016989365444468357,-0.014562123075519295,development
2017-04-16,7.066987299759083,7.0793696942055915,7.066987299759083,7.0757580943041685,19.026258258981358,7.10538681296364,-0.04106524516205412,0.011436526502582645,7.107727541955709,-0.03737960998131483,0.005410162329773982,development
2017-04-17,7.076020168786357,7.085817798941071,7.067021444374051,7.084988942705003,19.34971394858535,7.115015537645616,-0.05804930736869285,0.028022712428080077,7.1174545714296675,-0.03492229364752121,0.0024566649228567883,development
2017-04-18,7.084871662334942,7.1046123038198745,7.084871662334942,7.09975488864088,19.41587138059565,7.125005731571785,-0.03133961409700392,0.006088771166099072,7.127602078100735,-0.031890195085031665,0.0040430056251761215,development
2017-04-19,7.100134425728282,7.102919029016386,7.094301197250428,7.098615311519828,19.478682796927735,7.13533754664928,-0.025172325006087747,-0.011549910123364704,7.138115489924089,-0.02300152312155275,-0.016498655282707553,development
2017-04-20,7.099267766146468,7.12350358394487,7.097060753019917,7.114021165220415,19.5684259983442,7.145996804425701,0.0005327830335242897,-0.03250842223881012,7.148944396380087,0.00344314802165445,-0.03836637918132624,development
2017-04-21,7.114297828228078,7.119587045413087,7.102960203477497,7.108285095521318,19.42192643951361,7.15698107127083,-0.022976339305681062,-0.025719636443830574,7.160060088551423,-0.019534475140961766,-0.03224051788914295,development
2017-04-22,7.108824953841422,7.119279635335812,7.097110351675942,7.116158695111295,19.334247773915834,7.168301687047378,-0.01278773473872292,-0.03935525719735988,7.1714557129943675,-0.009677597830662188,-0.04561942005241004,development
2017-04-23,7.116329242636762,7.116556428814198,7.093354741734208,7.096067158744979,19.3721494473317,7.179979112328654,-0.03481494507144846,-0.04909700851222709,7.183141834294682,-0.023724197884209552,-0.06335047766549362,development
2017-04-24,7.098069810838512,7.131650500521487,7.098069810838512,7.131018842294619,19.278519995277215,7.19202815623646,-0.00387418823169322,-0.05713512571014778,7.195131880616262,-0.036698421720987986,-0.027414616600654362,development
2017-04-25,7.131258726326001,7.144864815132579,7.130874806807785,7.143214670036866,19.306743173639894,7.2044593539134985,-0.02904553919501674,-0.032199144681615444,7.2074334772928985,0.024447641988295264,-0.08866644924432698,development
2017-04-26,7.143609695879814,7.166134657403866,7.143562351572751,7.15545871681071,19.613484432278163,7.217282858592265,-0.02797316957818399,-0.0338509722033713,7.220033905548272,-0.024759448536099765,-0.039815740201462724,development
2017-04-27,7.156083033255883,7.1851596798931325,7.15563050475794,7.1836658230568275,19.92297208668327,7.230512521762977,-0.04946147747660733,0.002614778770458237,7.232917717970121,-0.04590706813943429,-0.0033448267738593884,development
2017-04-28,7.183673419424924,7.193896186198635,7.1642330171843955,7.18271677183251,20.08363855674608,7.2441593282495615,-0.04061756124071304,-0.020824995176338845,7.246084133622706,-0.03707203946032994,-0.02629532232986609,development
2017-04-29,7.183749285838933,7.190826701956403,7.181751598026276,7.186742187072112,19.86218742441478,7.258221733637946,-0.03797883853668797,-0.03350070802914562,7.259540815397445,-0.03345906921187895,-0.039339559113454214,development
2017-04-30,7.186802675939059,7.206310548888933,7.18153113972146,7.2062956968972145,19.839236584314097,7.2726812518624655,-0.036042369093472186,-0.030343185871778644,7.2732921563940875,-0.03432081570577943,-0.032675643791093556,development
2017-05-01,7.206599854982088,7.268446110638669,7.206599854982088,7.259538259958055,20.385866772352816,7.28751144153026,-0.01360973363753528,-0.01436344793466926,7.287342809594019,-0.010128323119260207,-0.017676226516703863,development
2017-05-02,7.259137260175013,7.295667244126042,7.255372282056285,7.281261737103002,19.983735361881003,7.302680744832761,0.0033346954364903087,-0.024753703166249252,7.301693312263279,0.0009643625802694717,-0.021395937740545712,development
2017-05-03,7.281922359853415,7.308388746826031,7.277586294051909,7.3065917769824855,20.185062111598544,7.318150686259153,0.02222207767254427,-0.03378098694921139,7.316335299144151,0.019052699599364974,-0.028796221761030694,development
2017-05-04,7.307014484248428,7.3833122311966815,7.307014484248428,7.338023591288773,20.65450400269687,7.333882732611145,0.027134884530296964,-0.022994025852669076,7.331256461652264,0.0281583908615445,-0.021391261225034874,development
2017-05-05,7.340102467711951,7.388964656778724,7.333225646796324,7.349520140313781,20.667791148492057,7.349840878177036,0.022335675105548333,-0.022656412968803608,7.346440243501186,0.028167568884236948,-0.025087672071641975,development
2017-05-06,7.350394172741802,7.364420374824921,7.341159755779543,7.364420374824921,20.182891218474115,7.365990175875572,0.04507169792275934,-0.0466414989734103,7.361863943784744,0.034919109013965985,-0.03236267797378911,development
2017-05-07,7.3648446083488475,7.375706785939509,7.352287248665446,7.375700516818086,20.80025461195721,7.382299073239247,0.049643498409053154,-0.05624205483021427,7.377505499104239,0.009811045160863499,-0.011616027447016286,development
2017-05-08,7.375832080587197,7.452025336041119,7.375832080587197,7.452025336041119,21.016174229115865,7.398741085006464,0.05133724545947527,0.0019470055751797943,7.393344992185678,0.04926883852081463,0.009411505334626646,development
2017-05-09,7.4523386527848485,7.513976527992796,7.447926118492379,7.470429234523925,20.87849022671222,7.415296826482295,0.05403536630189426,0.0010970417397357934,7.409364683128254,0.050715728521189524,0.010348822874481911,development
2017-05-10,7.471089869306741,7.48909897748105,7.449556163086655,7.488366262932942,20.63522448498735,7.431954476260635,0.05592345829759712,0.0004883283747103562,7.425550171742632,0.06444593416902418,-0.0016298429787138247,development
2017-05-11,7.484576484045294,7.535793137662092,7.470423532543351,7.522167616989983,20.49948456358071,7.448702075671708,0.07043749680160778,0.003028044516667272,7.441886779082932,0.0749053066502905,0.005375531256761157,development
2017-05-12,7.520646401194242,7.526259741975976,7.43485378428545,7.452541646871902,20.423489591934153,7.4655247305972665,0.0418517955288431,-0.054834879254207713,7.458356331422402,-0.012542984055994622,0.006728299505494917,development
2017-05-13,7.4518918771673865,7.502732689504088,7.409184871578502,7.498266026865515,20.177909168588055,7.4824065310050285,0.01630149112310258,-0.0004419952626157908,7.474937285893641,0.031168944876325596,-0.007840203904451393,development
2017-05-14,7.496019599233219,7.5128469252462615,7.482467958915969,7.5004797517097295,19.895892167381277,7.499332475080117,0.013144917201517177,-0.011997640571904888,7.491604487304937,0.02427954050575494,-0.015404276100962733,development
2017-05-15,7.500219841551246,7.502627917303751,7.443394506457803,7.46073771710387,20.410647456379582,7.516282899073787,-0.03631972727771048,-0.019225454692207045,7.508323707374052,-0.02024874141705383,-0.027337248853128493,development
2017-05-16,7.462616898604306,7.4877001332114475,7.430434395103381,7.458445610992049,20.681448548326934,7.533225103261005,-0.0657425452362217,-0.009036947032734055,7.525028990517027,-0.03743077887771368,-0.029152600647264215,development
2017-05-17,7.453984713866834,7.530506845206961,7.415722842782981,7.517026144560521,20.785987068751048,7.55011957266568,-0.06469643170491608,0.03160300359975743,7.541626547906033,-0.020769639596719274,-0.003830763748792876,development
2017-05-18,7.505877212190651,7.551964273918015,7.499489694032186,7.543617579823309,20.61157535704788,7.566923884484993,-0.026971831861459836,0.0036655271997760863,7.558002474683564,-0.060838315674186724,0.04645342081393178,development
2017-05-19,7.548223993088613,7.603159919560748,7.5444643744383795,7.5947384817036125,20.869346889017795,7.583596287891039,-0.025490637041859634,0.03663283085443325,7.574032435326832,-0.029292906875747874,0.04999895325252801,development
2017-05-20,7.592991243231033,7.642394619851072,7.588283192465088,7.642394619851072,20.68383454266248,7.600098568129026,-0.0075568630819834596,0.04985291480403031,7.589601510495359,0.016295288716941365,0.03649782063877183,development
2017-05-21,7.633868087394334,7.658737348021459,7.619478845115018,7.621293125184329,20.86116514918084,7.6163924287553835,0.0046304838240692515,0.0002702126048763631,7.604652525714082,0.005117649784478151,0.01152294968576939,development
2017-05-22,7.622267562106407,7.742358575559507,7.609797776142585,7.6840479955381085,21.387097502663032,7.632436299064047,0.007171080495241504,0.04444061597882065,7.619156926869445,0.004773089659998183,0.06011797900866611,development
2017-05-23,7.692368924913413,7.749675879788079,7.686391845557496,7.749503449143745,21.04444309444314,7.648187820558514,0.009410850053292692,0.0919047785319389,7.6330836153835415,-0.02116436345176191,0.13758419721196535,development
2017-05-24,7.749912858016309,7.833489270992613,7.749912858016309,7.801243966145708,21.268713135057503,7.6636015965938675,0.029851044897253366,0.10779132465458652,7.646414443931316,-0.013632584814369828,0.16846210702876174,development
2017-05-25,7.802307426724397,7.924329244866354,7.734252607180225,7.742827269926653,21.601522365214354,7.6786262926048785,-0.004484891335922764,0.06868586865769721,7.659155311891152,0.014892400661867094,0.06877955737363362,development
2017-05-26,7.749705965683402,7.853134814898994,7.636264772286623,7.6973119993741195,21.290555003351933,7.69320598853204,-0.023076451205652167,0.027182462047731448,7.671337005915803,-0.023644772289175622,0.04961976574749194,development
2017-05-27,7.694515754997609,7.723208562246553,7.526087290614429,7.620151009346067,21.254176401683736,7.707284202445098,-0.058886364024502,-0.028246829074528357,7.683007867447292,-0.05767495607829391,-0.005181902022930451,development
2017-05-28,7.627583376096617,7.726362656018381,7.627583376096617,7.675917186076909,20.86053769816291,7.720810717557163,-0.03876823200734952,-0.006125299472905077,7.694214085756408,-0.03664551594776967,0.018348616268270668,development
2017-05-29,7.67759954547473,7.7437249523467555,7.653101056969148,7.721175772770656,20.717876364797075,7.733745966014308,-0.026832167455346754,0.014261974211694728,7.705009226086382,-0.024796950607637407,0.04096349729191129,development
2017-05-30,7.7210649318701865,7.741516195994162,7.661324739947698,7.684999998801851,21.090662135512183,7.746058941111316,-0.04249335348909748,-0.018565588820366408,7.7154462396634065,-0.0395512353471519,0.009104994485596762,development
2017-05-31,7.690372866928385,7.745470260474574,7.671160562019964,7.7347381423656465,21.158179678455596,7.757726439074431,-0.026727380681606714,0.003739083972821966,7.725565906867375,-0.024148615697224693,0.033320851195496104,development
2017-06-01,7.735577606954654,7.803185900966434,7.735577606954654,7.786501922709457,21.225966562740382,7.768734939647949,-0.01311325579311326,0.03088023885462121,7.735393517418847,-0.015891326731968917,0.06699973202257947,development
2017-06-02,7.784901786841642,7.819455510212095,7.772045126396448,7.819455510212095,20.998645051399226,7.779079669137335,0.0001728343756909951,0.040203006699068844,7.744942297501864,-0.007745973487993642,0.08225918619822448,development
2017-06-03,7.821530838861411,7.856284680015551,7.79299696677176,7.830167276822008,21.138648283284287,7.788758045933016,0.007653624000686338,0.03375560688830603,7.7542077752881,0.007025529647606343,0.06893397188630246,development
2017-06-04,7.842981611020504,7.857824980312413,7.804879517096264,7.828758911273834,21.027155848980343,7.797768546748497,0.008277910025161492,0.02271245450017556,7.7631701861385665,0.023588550716278894,0.0420001744189884,development
2017-06-05,7.828993711573697,7.896109917244567,7.828125666134463,7.896109917244567,21.03757276595347,7.806115914017901,0.03134604714747037,0.05864795607919593,7.771802182921974,0.023728149814314637,0.10057958450827797,development
2017-06-06,7.897608724212022,8.006337537866024,7.897608724212022,7.959695142338097,21.460243275461462,7.81381027638938,0.055908575049095355,0.08997629089962178,7.78007115804014,0.008200876452138803,0.17142310784581838,development
2017-06-07,7.96185121676636,7.96185121676636,7.9012144597412055,7.9128477519205935,21.140468425858298,7.820863949054226,0.04335370669344541,0.048630096172921355,7.787936105631116,0.03396472987369934,0.09094691641577857,development
2017-06-08,7.908567286448525,7.942824124236357,7.890189475008533,7.939379869102514,20.971039598123493,7.827292585163613,0.05860995957494862,0.05347732436395258,7.79535596181757,0.04621586171977118,0.09780804556517264,development
2017-06-09,7.940028294041838,7.973055483928326,7.935809227527863,7.9458423367902,21.022592361595304,7.833114294024723,0.052468577728785215,0.060259465036692106,7.802296751684873,0.05865650452734177,0.08488908057798561,development
2017-06-10,7.947374492907574,7.9898959828667016,7.918100875445696,7.988783863462321,21.42581368494603,7.838349663714396,0.048959690970656326,0.10147450877726794,7.808733927881082,0.049801043697524174,0.13024889188371436,development
2017-06-11,7.986984222523012,8.005233624312774,7.9517459436716305,7.992305866039768,21.284252114474665,7.843021025777227,0.020699940325789055,0.12858489993675182,7.814657560973078,-0.01708195452179357,0.1947302595884839,development
2017-06-12,7.990651369657066,8.00545382031027,7.831442612032596,7.885942250365313,21.66698888372855,7.8471429729304445,0.005139813277990174,0.03365946415687837,7.820080515100138,0.05018899287890217,0.015672742386273697,development
2017-06-13,7.893911535284217,7.933452743566034,7.882458260781813,7.907290977820254,21.300553131973242,7.8507227654934635,0.005106196710801338,0.05146201561598929,7.825033999949193,0.06489493907640498,0.01736203879465581,development
2017-06-14,7.907239399026926,7.932660056121977,7.788601175551497,7.826590816888962,21.25186850908451,7.8537647512762465,-0.04537653751014336,0.018202603122858818,7.829555119923389,-0.009946983050467631,0.00698268001604152,development
2017-06-15,7.823878027947953,7.837834495672818,7.702086247252943,7.809776718212406,21.429457550928028,7.856272157995998,-0.08070465074879266,0.034209210965200576,7.833681932402549,-0.03293978982627639,0.00903457563613319,development
2017-06-16,7.811799352933094,7.839887832743949,7.777017253338952,7.831442612032596,20.90157101973097,7.858245078027967,-0.07926837742331196,0.05246591142794088,7.837443316827549,0.026995911001409443,-0.03299661579636215,development
2017-06-17,7.829634370844732,7.895506745967903,7.818011826127283,7.884531284799557,21.15147691815487,7.8596794566302846,-0.022620904028493087,0.04747273219776549,7.840852514567092,-0.11509245005365537,0.15877122028612067,development
2017-06-18,7.884331788636276,7.886870600802569,7.830556800789396,7.843177840276699,20.88764401062805,7.860557781215381,-0.02063570112856384,0.0032557601898810518,7.843920746152411,-0.06231372023093784,0.0615708143552256,development
2017-06-19,7.843468185005037,7.887152293579911,7.843468185005037,7.859258740455716,21.092647749806986,7.860857281820729,-0.019641349013405588,0.018042807648392944,7.846657321070307,0.047059788918106964,-0.03445836953269765,development
2017-06-20,7.8598995267430105,7.924235160380168,7.859343680465633,7.909045045409035,21.340713754613144,7.860564517617079,0.03623826405449882,0.012242263737456405,7.849052152486056,0.03054821318001746,0.029444679742961277,development
2017-06-21,7.904493534549997,7.9273279714143845,7.8862317295737,7.896961880566734,21.20974546897708,7.859674689943586,0.024869193164923767,0.012417997458224583,7.851062871562747,0.013766133636374626,0.03213287536761289,development
2017-06-22,7.897679309713325,7.909761211171764,7.879427776702548,7.903008718431926,20.81670150549723,7.858196849818304,0.044420988111682366,0.00039088050194013846,7.852634071817219,0.01756008204799491,0.03281456456671261,development
2017-06-23,7.9037219145270035,7.924857366679389,7.903363575800456,7.917503534461544,20.683816833816955,7.8561726800650655,0.052295664037233465,0.009035190359245604,7.853745710122698,0.019067127311806716,0.04469069702703887,development
2017-06-24,7.915172914768535,7.9222392818289755,7.856780325429051,7.866614947448303,20.705865339564642,7.853676471184522,0.01939119436676465,-0.0064527181029836456,7.8544461556992875,0.02356026917835597,-0.011391477429340213,development
2017-06-25,7.8660513050013225,7.894415005451359,7.844679711146996,7.859185295531023,20.872633697018557,7.8508095108426845,-0.014036560697282928,0.022412345385621535,7.854847545728922,-0.031735041672100936,0.036072791474201615,development
2017-06-26,7.859633233949271,7.86911497422387,7.7732957433187595,7.815388623994688,21.23205739400063,7.847686787733573,-0.055399377087145,0.02310121334826043,7.855094452463237,-0.07538587553744408,0.035680047068895604,development
2017-06-27,7.815388623994688,7.844808942011129,7.754905981399281,7.844808942011129,21.121900975825476,7.844423491619432,-0.02705203124531307,0.027437481637010208,7.855323907546039,-0.03824471676076783,0.0277297512258583,development
2017-06-28,7.84503617941281,7.8647963151268625,7.817794479490543,7.853523271520985,20.892054530382456,7.841125583413639,-0.006845857355338157,0.019243545462684253,7.855653293374981,-0.012837079080012437,0.010707057226015948,development
2017-06-29,7.850711333544703,7.858961345307185,7.828229240935894,7.839651634413503,20.671950446525273,7.837890202276715,-0.03358845925945546,0.035349891396243116,7.856174628045818,-0.04207703037396416,0.025554036741649355,development
2017-06-30,7.83962009870295,7.84746952579988,7.815380546736222,7.81635252695913,20.57276036775883,7.834803668039137,-0.02267463229133606,0.0042234912113290335,7.856948081165211,-0.03824730310206777,-0.0023482511040127108,development
2017-07-01,7.821081660708652,7.8301354405878545,7.791204578434882,7.797517233636946,20.47469419592608,7.831942398374603,-0.009861984382253754,-0.02456318035540317,7.858007864500447,-0.026285523689697315,-0.034205107173803206,development
2017-07-02,7.798276778739049,7.8297417707751915,7.781071738513563,7.826630656180964,20.504795112202803,7.829372649723502,-0.009572746551906616,0.006830753009369417,7.859363484464,-0.03808576076627894,0.005352932483243755,development
2017-07-03,7.823469868518164,7.861341795599989,7.8162033256408145,7.849347241713182,20.686718029435987,7.827151568212036,-0.0015203990824082065,0.023716072583553682,7.861010285695628,-0.027468570867600416,0.015805526885153576,development
2017-07-04,7.848153086199526,7.875343538674882,7.84750863727493,7.8638972532611415,20.70867595332375,7.82532500358197,-0.0019517722709111356,0.04052402195008309,7.862933351199562,0.0462041582665697,-0.04524025620499028,development
2017-07-05,7.8643700063236,7.871940498598752,7.839348350167092,7.8640318120243125,20.66305502256237,7.82391654121764,0.017674554334137185,0.022440716472535094,7.865091858625386,0.046505972265007856,-0.047566018866081805,development
2017-07-06,7.866377303444976,7.86967689298366,7.8561994793778585,7.866553646540884,20.4514006724256,7.822930274727207,0.05036940527948021,-0.0067460334658031584,7.867424668714055,0.011528126141429017,-0.012399148314600872,development
2017-07-07,7.86656515818964,7.978016066257656,7.823593955494662,7.8314822581074495,20.637067186695827,7.8223628085288315,0.028767206088449095,-0.01964775650983075,7.8698613375028454,0.029873215123948544,-0.06825229451934423,development
2017-07-08,7.832121325558884,7.8521824770087205,7.820965293917198,7.8521824770087205,20.413106342723058,7.822206965801638,0.05386131149516783,-0.023885800288085512,7.872349387755818,0.052054805207648686,-0.07222171595474691,development
2017-07-09,7.852676268347152,7.876824398147279,7.831057408659511,7.831394917770129,20.08433407909542,7.822460145386286,0.047329446354611907,-0.03839467397076923,7.874886269024794,0.06770804442458653,-0.11119939567925119,development
2017-07-10,7.834095346709294,7.838800589540327,7.749809364639803,7.771724844810669,20.828706350304337,7.823123129200536,0.02321499704912948,-0.07461328143899681,7.877500395369755,0.04168199669351594,-0.14745754725260163,development
2017-07-11,7.7773274544849205,7.788820812926604,7.7392765083688415,7.756961334321065,21.008264312521007,7.824205538489215,0.00881220848686203,-0.07605641265501273,7.88023311572606,-0.013794471082041118,-0.10947731032295493,development
2017-07-12,7.754811690222842,7.793054686977402,7.729796820923102,7.7827406028438935,20.83427938814738,7.825730989553173,0.0037833554786195532,-0.04677374218789865,7.883123870757452,0.05396779790850211,-0.15435106582206082,development
2017-07-13,7.784348363604022,7.79367750894843,7.7582608796364845,7.765526629814594,20.543863995631884,7.827727422603584,0.014561914431164023,-0.07676270722015399,7.886209095302424,0.07224908770117712,-0.19293155318900723,development
2017-07-14,7.766666904053678,7.767793069305494,7.688556116933822,7.711253541183986,20.598272720137142,7.830225188520515,-0.021031022603048604,-0.09794062473348042,7.889523966651202,-0.008834896506194047,-0.16943552896102254,development
2017-07-15,7.709810727129105,7.7102678966352425,7.596095943729902,7.6003322895260474,20.7168533216473,7.833259772393429,-0.05492644419120371,-0.1780010386761779,7.8930988214114235,-0.04591951128435175,-0.2468470206010247,development
2017-07-16,7.596884387893237,7.629864005791867,7.519166251080221,7.5651819853189615,20.891209540166233,7.836876474887954,-0.08962365431872607,-0.18207083525026668,7.896952349724939,0.09319597166135085,-0.42496633606732903,development
2017-07-17,7.566631871677474,7.709976566775241,7.566631871677474,7.709043566171232,20.90705298673409,7.841138299628791,-0.012703082992912887,-0.11939165046464595,7.90107829303429,-0.1559903979378962,-0.03604432892516218,development
2017-07-18,7.711334104262187,7.778048189406661,7.680069408466229,7.748839539018813,21.136996721869373,7.846129596625645,-0.016263959021151023,-0.08102609858568144,7.905462436620914,-0.13053838664921583,-0.026084510952884443,development
2017-07-19,7.750649203979973,7.782044121366986,7.723221848150973,7.729044953348747,20.942481711426534,7.8519431088660445,-0.031012556427724762,-0.09188559908957306,7.9101104242415525,0.0891679027245537,-0.27023337361735944,development
2017-07-20,7.727486604012685,7.9727073492651375,7.727486604012685,7.943640772523315,21.533867124849532,7.858665094823604,0.04952356810150966,0.035452109598201,7.915021625660303,0.025703810631896085,0.0029153362311156172,development
2017-07-21,7.950999284217393,7.950999284217393,7.871635491827392,7.888994451715293,21.121672751171836,7.866366464076682,0.020597231713247156,0.0020307559253636143,7.9202039350995115,-0.009470812756927668,-0.021738670627290624,development
2017-07-22,7.889320467252069,7.95942267262403,7.885220114056647,7.940982507677541,20.886345096679875,7.875092096437418,0.031418668142423604,0.034471743097699736,7.925690135649316,0.04976523693777393,-0.03447286490954937,development
2017-07-23,7.940263411946244,7.948801988106062,7.883800585020425,7.912203361700319,20.793575175776514,7.884850798670477,0.024796007979405774,0.0025565550504369483,7.931529234743587,0.05490715886887731,-0.07423303191214448,development
2017-07-24,7.91304539248789,7.9292201127401505,7.900706985125009,7.921121942439337,20.57994264358787,7.895617447400433,0.0054925042441055436,0.02001199079479843,7.937787960812884,0.04015255695408003,-0.05681857532762713,development
2017-07-25,7.922079751127658,7.9259092462323935,7.816400845310873,7.854179397507157,21.10176390432903,7.907335588147321,-0.010821862659553691,-0.0423343279806101,7.944546243899594,-0.06614548038455763,-0.02422136600787894,development
2017-07-26,7.854679970830895,7.867396649499583,7.804169800844971,7.835757147412503,20.658624945769205,7.919930275554704,-0.04181663375090121,-0.04235649439130018,7.9518909427609525,-0.1029189837764043,-0.013214811572045626,development
2017-07-27,7.839411341623011,7.898529937587377,7.835713712915648,7.890500206791643,20.4864086838117,7.933318115500848,-0.013640443320452087,-0.0291774653887531,7.959901081486891,-0.05866537300595616,-0.01073550168929227,development
2017-07-28,7.893471314697561,7.971586301898201,7.893471314697561,7.94058739064364,21.04542177479613,7.947415462563623,0.0025528680752008558,-0.009380939995184079,7.9686268831094855,-0.03712686325518415,0.009087370789338856,development
2017-07-29,7.939878708506025,7.940498387356117,7.898336841633214,7.910755657696625,20.504793838169256,7.962140403128731,-0.01140048995973797,-0.03998425547236817,7.978074976034311,-0.048715119338596,-0.01860419899908905,development
2017-07-30,7.909999789552618,7.922453218641995,7.880369668962376,7.921963672586634,20.375045023073703,7.977408911543674,-0.004348369313422719,-0.05109686964361693,7.988202163652948,-0.055252499648426115,-0.01098599141788803,development
2017-07-31,7.924159179638588,7.968880325061666,7.90861143818177,7.963926237713826,20.573111301720164,7.9931304693077525,0.001244055016296493,-0.030448286610222475,7.998916704940124,-0.0474128297378816,0.012422362511583351,development
2017-08-01,7.9625201849354115,7.979801150734569,7.895663209063569,7.907747252387403,21.004429173280542,8.009205105059388,0.001911911088879891,-0.10336976376086504,8.01008962098086,-0.058547972489150384,-0.0437943961043068,development
2017-08-02,7.911005010240906,7.923902215993172,7.889305554994295,7.904951087013986,20.813974552597696,8.025530446567194,0.013845088398777374,-0.13442444795198494,8.021592520622365,-0.047594151532690136,-0.06904728207568844,development
2017-08-03,7.904541560842808,7.942117026020374,7.895488107261698,7.939062549508521,20.50610062097076,8.042008674394383,0.004661116703456051,-0.10760724158931811,8.033322763723158,0.07798746952934815,-0.17224768374398458,development
2017-08-04,7.939846614169317,7.972234981701996,7.917069932253339,7.971047732409886,20.725383593915296,8.058556158486764,0.01301333204639067,-0.10052175812326869,8.04520375573448,0.07576529830584883,-0.14992132163044314,development
2017-08-05,7.97164840009364,8.098645886307981,7.963748848180434,8.087305232268783,21.388887630509036,8.075104474887073,0.02543153458131149,-0.013230777199602528,8.05718580387846,0.0265056705424543,0.0036137578478694365,development
2017-08-06,8.088749109502201,8.099642355934762,8.056933962276835,8.0752528594396,20.823138336253056,8.091591438922897,0.013203465309349788,-0.029542044792647104,8.069233589944677,0.02660679454765492,-0.020587525052732758,development
2017-08-07,8.074891893964828,8.130848104740695,8.064916277192193,8.125317312362778,21.116847237345603,8.107956766357916,0.04335514006223809,-0.025994594057374698,8.081290508076394,0.05965657621246852,-0.0156297719260845,development
2017-08-08,8.122733294509967,8.156180308783147,8.115470096635002,8.137378268791341,21.284457562439655,8.124139300944409,0.03778134917379457,-0.02454238132686193,8.0932492827348,0.0683704264691222,-0.024241440412581028,development
2017-08-09,8.13751275363018,8.138202525058563,8.085693071117399,8.114465324941726,21.10782050504042,8.140084485491155,-0.0031026237120854,-0.022516536837343892,8.104964402170728,0.02412364768120799,-0.014622724910209328,development
2017-08-10,8.11427685881843,8.14712899616978,8.107560401876393,8.126009623590475,21.138753891752998,8.155748289924913,-0.0057588443274147,-0.02397982200702309,8.116281472456999,-0.012091864685918557,0.021820015819395522,development
2017-08-11,8.123800932697506,8.210591933430662,8.123296940373423,8.202652327214498,21.42695229222477,8.171099264289063,0.0002466673522609226,0.03130639557317316,8.127052674088304,0.04134742942135019,0.03425222370484349,development
2017-08-12,8.202655002372861,8.281450584778277,8.192487443632436,8.264803603901585,21.52058828108036,8.186118731445585,0.01324721204690827,0.06543766040909205,8.137192609165687,0.059576824019407774,0.06803417071649065,development
2017-08-13,8.263600751893971,8.344835463285346,8.25785236449168,8.31219894307713,21.873549823381815,8.20079814375957,0.009190340171106998,0.10221045914645188,8.146701561635611,0.0028329354241040296,0.16266444601741448,development
2017-08-14,8.310439612183348,8.37219744966651,8.291335939344561,8.37219744966651,21.624682464147575,8.215132308790954,-0.02190115810607904,0.17896629898163496,8.155645375857748,-0.033810449973796126,0.25036252378255774,development
2017-08-15,8.372627483231351,8.40200009733882,8.270315175915835,8.338528183531642,21.904394708886723,8.229105356428729,-0.09436110362931137,0.20378393073222334,8.16413566874725,0.1745142924890537,-0.00012177770466159643,development
2017-08-16,8.342920716236094,8.385084781300277,8.292653646656438,8.384034274099887,21.543943915555754,8.242677423284293,-0.011283105476357781,0.15263995629195115,8.172302844835102,-0.1351841877374053,0.34691561700219076,development
2017-08-17,8.38581717509845,8.408426926104747,8.353193156446592,8.37371303145961,21.66067592610211,8.255779205279516,-0.014291503545573797,0.13222532972566725,8.180279806055639,-0.07090392466494577,0.26433715006891667,development
2017-08-18,8.3720147704903,8.382548009158258,8.297892223413442,8.333419408732528,21.802256909402356,8.268306770705122,-0.04057625742088657,0.10568889544829219,8.188197332018348,0.08280346149831096,0.062418615215868556,development
2017-08-19,8.327907440820649,8.353087065576728,8.28665991546927,8.34133872464351,21.813785479306446,8.280137386888358,0.04760586549235939,0.013595472262792896,8.196123488235187,0.007889661701540023,0.1373255747067823,development
2017-08-20,8.340291335634474,8.341956089863261,8.311368765224717,8.31572793664209,21.46984476664382,8.29115132636775,0.011824631772415928,0.012751978501924555,8.204088984522194,-0.029335286804743094,0.14097423892464,development
2017-08-21,8.31641759667457,8.320969073193552,8.291195595689146,8.294484543018044,21.753203101108866,8.301243512249242,0.01719954149866248,-0.02395851072986055,8.212093352614641,0.05342239122352744,0.02896879917987505,development
2017-08-22,8.293637079510608,8.325732342067022,8.209194140628457,8.31886907879597,22.048811784853655,8.310337931406007,-0.006587454954979628,0.015118602344943,8.220089916915326,0.056637645006501626,0.04214151687414258,development
2017-08-23,8.31605816839295,8.356033287436563,8.313462463983747,8.331229816043823,21.58607979975463,8.318386214649115,-0.012832815954564496,0.025676417349272285,8.228018838313368,0.04257372828639028,0.06063724944406523,development
2017-08-24,8.327871212262766,8.383979493921272,8.326095581313686,8.374403109330343,21.435112103281377,8.325363369046372,-0.015157551087521124,0.06419729137149233,8.235837372580068,-0.07918791516622485,0.21775365191649954,development
2017-08-25,8.373973838599783,8.401939498149742,8.36807816756439,8.38288437621994,21.270213174423432,8.331254941093116,-0.04316937795179387,0.09479881307861682,8.243512966829517,-0.11903041535718217,0.25840182474760454,development
2017-08-26,8.382989586393292,8.38463955720156,8.359256692410328,8.378482673560544,21.136441135001277,8.336056145185243,-0.01394564376704596,0.05637217214234802,8.251015179967634,-0.07499144141470886,0.20245893500761802,development
2017-08-27,8.376804074948517,8.393123148783664,8.37038317861252,8.385461294841363,21.153397520883228,8.339779216252062,-0.004756365407053097,0.05043844399635411,8.258307630976327,-0.055768237101166025,0.18292190096620153,development
2017-08-28,8.385819513820875,8.390252643039318,8.34868936148915,8.385411160565765,21.395868440023197,8.342460473208124,-0.0034418628424838227,0.04639255020012456,8.265365233674876,-0.05870243030651098,0.17874835719739934,development
2017-08-29,8.386904526548134,8.439378704214597,8.37842063252978,8.42924028478119,21.63397301012857,8.344161331786692,0.00045879630968280634,0.08462015668481548,8.272176733386743,-0.06881655855457018,0.22588010994901708,development
2017-08-30,8.427347225427004,8.43956024892494,8.405459108997997,8.426239465571376,21.384844940298155,8.344966065900035,0.007235589085721917,0.07403781058561876,8.278741369563338,-0.05483172495612591,0.20232982096416308,development
2017-08-31,8.424110295053607,8.462958692766993,8.42275061357646,8.456038833426868,21.38849184884566,8.344986359757439,0.0071572754537319525,0.1038951982156977,8.28506239315652,-0.06510457475004026,0.23608101502038714,development
2017-09-01,8.455692135918984,8.495358493125593,8.45073919105244,8.495358493125593,21.678423348962333,8.344346573701095,0.02172228953105393,0.12928962989344406,8.291103975947205,-0.05384426669232859,0.2580987838707163,development
2017-09-02,8.497280222120603,8.512188697600509,8.404973703138701,8.429185686455838,21.724684137724076,8.343168573398188,0.010201644990204572,0.07581546806744655,8.296763051493954,0.07635759649198684,0.05606503846989774,development
2017-09-03,8.430604274995755,8.45830907062375,8.393349542187373,8.430100348053767,21.382437333945045,8.341569116310716,0.010106828525478301,0.07842440321757316,8.301933933402491,0.08926589692080128,0.03890051773047354,development
2017-09-04,8.43199033435903,8.43199033435903,8.320788913438081,8.351447900218226,21.817645865221877,8.339656813795763,0.006325247360949639,0.005465839061512767,8.306581808187929,0.04363009924963366,0.001235992780664219,development
2017-09-05,8.349552944211553,8.395667124249394,8.293577055201371,8.384011402815963,21.715765446041214,8.337537270082004,0.009481254454040692,0.03699287827991782,8.310734461326394,0.0487019666522354,0.02457497483733384,development
2017-09-06,8.384025125694787,8.43755456875602,8.384025125694787,8.4331853248971,21.498960323131165,8.335309444602077,0.03337428200554141,0.06450159828948188,8.314469221678536,0.07722817876779715,0.041487924450766656,development
2017-09-07,8.431447951518459,8.445705790963114,8.409904168048907,8.433785469744947,21.335539149056046,8.33306067236564,0.024377026616568587,0.07634777076273913,8.317894197817841,0.12246294354857584,-0.006571671621470543,development
2017-09-08,8.434932726803426,8.446985296372741,8.31267017979218,8.349661720094918,21.716847227108474,8.330862383286092,-0.007711827828072181,0.026511164636897178,8.32111439824758,0.0035901065352754594,0.024957215312062075,development
2017-09-09,8.349912367722448,8.368419322863684,8.32217777452333,8.349025409859209,21.04985368137617,8.328764394984924,-0.0015964375639505746,0.021857452438235114,8.324205182269099,0.003623197238355742,0.02119703035175391,development
2017-09-10,8.349801194612649,8.353600730831287,8.281734124250198,8.324321765780526,21.241517846123,8.326792939636938,0.001304904471333244,-0.0037760783277445142,8.327208997506968,0.015092523554968571,-0.01797975528141116,development
2017-09-11,8.324207829422814,8.35741636292079,8.31859587661409,8.333575599932033,21.166238684855085,8.324956815450502,0.004370964745550823,0.004247819735979874,8.33014568954002,0.025589282218680932,-0.022159371826667495,development
2017-09-12,8.335402665520414,8.376700459539466,8.315130854314338,8.326228806915811,21.34627487383837,8.323253055122239,0.02734676343922578,-0.024371011645653695,8.333041066161565,-0.0005347384432185026,-0.006277520802536074,development
2017-09-13,8.326511985116465,8.326511985116465,8.240100169093362,8.264257758359566,21.520507196147808,8.321673749129177,0.007761659845183217,-0.0651776506147943,8.335954322467579,-0.06533092717214968,-0.006365636935862895,development
2017-09-14,8.262396451290785,8.274000007292498,8.056382412385853,8.056727911458047,21.722540184826936,8.320222667990013,-0.05475983023550852,-0.20873492629645796,8.338979152871843,0.0628905993231557,-0.345141840736952,development
2017-09-15,8.060319008218196,8.225088005002215,7.988414069440609,8.19905741524467,22.145908976014567,8.318935199645415,-0.002384970533521524,-0.11749281386722288,8.34221231901159,-0.055442003582666446,-0.08771290018425404,development
2017-09-16,8.199120637640387,8.24507998292469,8.157023587976239,8.195620612469156,21.32122283105254,8.31788488866555,0.0009150747193684304,-0.12317935091576082,8.345754598586755,-0.02543718881810633,-0.12469679729949235,development
2017-09-17,8.19043205715415,8.206531787329734,8.14486491162737,8.183922192601226,20.937691459711672,8.317179663271023,-0.021865724208339245,-0.11139174646145733,8.349678450040875,0.08536372026647038,-0.25111997770611794,development
2017-09-18,8.186211081073756,8.313663519194229,8.186211081073756,8.310218209210085,21.387607074070488,8.316944454373338,0.02605767895908625,-0.03278392412233977,8.354039864081845,-0.009127022675046757,-0.03469463219671276,development
2017-09-19,8.312329058639833,8.317294880876927,8.26071778396385,8.275113979486605,21.170499712363995,8.317299942945223,0.0012068748783769564,-0.043392838336995254,8.35887623878707,-0.0375939407852313,-0.04616831851523351,development
2017-09-20,8.272917957287705,8.301866482081513,8.257834201384352,8.270256297990477,20.917046500834516,8.318348202409245,0.006746090934697155,-0.05483799535346634,8.364197198717724,0.044475418511847026,-0.13841631923909503,development
2017-09-21,8.269108676743906,8.2729332302814,8.192468053898851,8.19727439834335,21.06790468228497,8.32016393944282,-0.017207001262719783,-0.10568253983674936,8.369986563625096,0.04918898793356112,-0.2219011532153079,development
2017-09-22,8.196442329411644,8.231714029441138,8.175696762772963,8.197180732637687,20.901269713459687,8.322801095804579,-0.025060677490907596,-0.10055968567598406,8.376207753846305,0.04617561588694349,-0.22520263709556154,development
2017-09-23,8.196965866960474,8.247798863718995,8.187182456100384,8.240754317202647,20.648665111871445,8.32630150729696,-0.018664821044533045,-0.06688236904978062,8.382813224392255,-0.07756022162329486,-0.06449868556631344,development
2017-09-24,8.241742648412723,8.241742648412723,8.207101870725754,8.211439496550494,20.45931979222388,8.330701476394816,-0.05688317412001885,-0.06237880572430399,8.389744288497937,-0.1260106501030241,-0.05229414184441872,development
2017-09-25,8.211097308032215,8.281534147031609,8.211097308032215,8.275394221849842,21.04114489315276,8.336033544500914,-0.03080745465389411,-0.029831867997177852,8.396935271855538,-0.0859902629082359,-0.035550787097459846,development
2017-09-26,8.275990020445084,8.286493638535916,8.260983920573041,8.266768392497756,20.766076284862187,8.342317205761589,-0.022912043490840903,-0.0526367697729917,8.404326559706812,-0.06694662016682303,-0.07061154704223327,development
2017-09-27,8.266919920057596,8.345229756772722,8.264831947186082,8.342999296789946,21.246146506385724,8.3495498055457,-0.013055618081692297,0.0065051093259391735,8.411877427310852,-0.06266268133747899,-0.006215449183427424,development
2017-09-28,8.342156209483298,8.361547074413313,8.32110535957417,8.336804959744308,21.261115013671215,8.357707162593146,-0.008206731574328394,-0.012695471274509984,8.419574042926882,-0.07022989303372877,-0.012539190148846302,development
2017-09-29,8.336059756605744,8.346317057090559,8.303824222591565,8.334008019574135,21.03592095949156,8.366745739006433,0.0044771959259394395,-0.03721491535823773,8.42743247437214,-0.05020177801741144,-0.04322267678059255,development
2017-09-30,8.334737992812613,8.379867220132873,8.333477029732792,8.375332338899478,20.911776522343303,8.37659819760377,0.006019420794386379,-0.007285279498677966,8.435495339434667,-0.06006352291071421,-9.947762447559683e-05,development
2017-10-01,8.375871488396642,8.39020951199758,8.359324622563499,8.39020951199758,20.912405802965893,8.38718202669872,0.02758347837078555,-0.024555993071924576,8.443826343786155,-0.047165044626569605,-0.006451787162005118,development
2017-10-02,8.388407106901225,8.405195135948555,8.384223917573346,8.391475721624829,21.082149374445848,8.398414154175482,0.023250924891906073,-0.030189357442559128,8.45249056897072,0.08452763925414826,-0.1455424866000392,development
2017-10-03,8.391280692258324,8.396712318241635,8.356763874098604,8.370427173067409,20.976371968390378,8.410211434306081,0.023300298606772876,-0.06308455984544459,8.461552113875573,0.09597671327012725,-0.18710165407829216,development
2017-10-04,8.370864864357392,8.378462031172594,8.345317665645323,8.349805927964272,20.83370647102393,8.422494630775851,0.005897170989057707,-0.07858587380063753,8.471068840100862,0.05085326740658353,-0.17211617954317404,development
2017-10-05,8.349928875183236,8.380832689089303,8.334243390518276,8.372955584058293,20.873210528277635,8.435184206442186,0.018789179009982355,-0.08101780139387493,8.481071774286818,0.06347280520485875,-0.17158899543338357,development
2017-10-06,8.372042547061087,8.392371194798535,8.371133309135715,8.382703639103296,20.790868380108034,8.44820618749628,0.03244283060803739,-0.09794537900102185,8.491560134613474,0.08123534340281337,-0.1900918389129913,development
2017-10-07,8.382369558036736,8.399283121366327,8.371253662132574,8.395452615844128,20.625573623451135,8.461498576635963,0.0319902685947868,-0.09803622938662038,8.502497033601125,0.1602483005419726,-0.26729271829896994,development
2017-10-08,8.396080350556648,8.439045716337619,8.390640848357108,8.43608724770754,20.99624278179131,8.475014170323492,0.036661838023686485,-0.07558876063963815,8.51380772244353,-0.009866130314792138,-0.06785434442119787,development
2017-10-09,8.436963137194432,8.492636111645878,8.42600948599362,8.470524978514957,21.400659565414127,8.488712922486858,0.040743938707936175,-0.05893188267983618,8.52539838341308,0.005804377497303561,-0.06067778239542676,development
2017-10-10,8.471402615789568,8.501504753313245,8.469073822793158,8.472612105774445,21.19148034729799,8.502550767971675,0.012572504326023894,-0.04251116652325315,8.537178562820744,-0.024673812003497848,-0.03989264504280143,development
2017-10-11,8.474129101945211,8.491614832568443,8.46624297143509,8.481872698346782,20.923983752475497,8.516479900902258,-0.004274180115160793,-0.030333022440315105,8.549067902057272,-0.06548057082157843,-0.0017146328889108275,development
2017-10-12,8.482514802494414,8.602803783030643,8.480944058741116,8.602803783030643,21.749884367754383,8.53046396892981,0.021753122365693423,0.05058669173513941,8.561003343361325,0.048308166722118295,-0.006507727052799339,development
2017-10-13,8.605965711948443,8.672537410977204,8.600955146046696,8.638916889962694,22.008490481803882,8.544481807731383,-0.002471039168655246,0.09690612139996624,8.57295273162305,0.07248763549645741,-0.006523477156813229,development
2017-10-14,8.638264997134922,8.672092196035786,8.629027928659772,8.671079271497213,21.235508466485353,8.558512372068817,-0.04138335783661581,0.1539502572650111,8.584920060605178,-0.055855031007996,0.1420142419000303,development
2017-10-15,8.671794048926886,8.674620778598856,8.608606673126172,8.644387788569215,21.404360647100237,8.572507057603175,-0.014804557283578188,0.08668528824961719,8.596915438094102,0.054049309757646616,-0.006576959282533323,development
2017-10-16,8.6460383399311,8.661506496262001,8.62050941190587,8.652700852634915,21.420439907191888,8.586394969488607,0.0065352397321564335,0.059770643414150726,8.608947298513284,0.05036606161387637,-0.006612507492246067,development
2017-10-17,8.655489726345317,8.665673556436953,8.607531068879771,8.631505279809595,21.322964630439852,8.600101070842731,0.010921139656587744,0.020483069310275326,8.621018328240972,0.021487575897485775,-0.011000624328863395,development
2017-10-18,8.631203755619547,8.631203755619547,8.547031554771106,8.628857982683279,21.59843031510151,8.613554214785696,0.025101171057835308,-0.009797403160252571,8.633125823207493,-0.03333326995222947,0.029065429428015932,development
2017-10-19,8.627614123660994,8.655972059079586,8.618134768550803,8.64971507816112,21.30018254456301,8.626705203864303,0.010929915746100097,0.012079958550717862,8.645276622057828,-0.04636867852146401,0.0508071346247565,development
2017-10-20,8.649643225608418,8.709483208106949,8.635372589399584,8.701421295426805,21.579564476939886,8.639532151139893,0.011872165096262464,0.050016979190649735,8.657486526830333,0.015643280418827565,0.028291488177643487,development
2017-10-21,8.698979611550108,8.73147840452902,8.6936760400796,8.704767610739403,21.514945230527694,8.652033465231506,-0.01632779288343423,0.06906193839133046,8.669768724852045,0.01889215898722154,0.016106726900137147,development
2017-10-22,8.705606183688612,8.712144615599682,8.664291607068016,8.700917084809769,21.43357982948355,8.664215675852919,-0.03684707502641985,0.07354848398327007,8.682129980803687,0.017846244258443014,0.0009408597476383562,development
2017-10-23,8.700514248543275,8.712034357158016,8.653901818905217,8.687833423758338,21.599501000937035,8.676089022872263,-0.044294878713996066,0.05603927960007127,8.694567304380199,-0.06433108004286339,0.05759719942100361,development
2017-10-24,8.688709922413517,8.688709922413517,8.613263114542502,8.617335339708086,21.72965317024035,8.68766834705793,-0.08355010765729681,0.013217100307453933,8.707066473772624,-0.12372572107099711,0.0339945870064593,development
2017-10-25,8.616966143313874,8.65770790742969,8.59376154119995,8.657094220640111,21.399770268561944,8.6989707404904,-0.06657383029773695,0.02469731044744705,8.719603423262733,-0.09306292689622744,0.03055372427360581,development
2017-10-26,8.656598582408419,8.695640554035437,8.65193738592415,8.683525952264844,21.367768843204885,8.710020479051197,-0.055427517223909685,0.028932990437557038,8.732149817109255,-0.07261842077809608,0.023994555933684936,development
2017-10-27,8.68266360078895,8.697577896556759,8.6532648240973,8.662314641935165,21.259835256615954,8.720843470447242,-0.02477859919550334,-0.03375022931657412,8.744680394639243,-0.054123178626277364,-0.028242574077800953,development
2017-10-28,8.663510958033955,8.67875409870725,8.646323151607609,8.657492353636885,21.062534161581915,8.731472495614101,-0.023834013787937685,-0.05014612818927944,8.757183525987598,-0.05296383167799266,-0.046727340672720885,development
2017-10-29,8.657726999478593,8.741249919417672,8.652524476911323,8.724833197119276,21.773751741444393,8.741950129282644,-0.019319244499112823,0.0022023123357453045,8.769663732034779,-0.0357960942444425,-0.009034440671060295,development
2017-10-30,8.718475534002325,8.734719432583963,8.706300025727241,8.721036450155053,21.295459345252414,8.752326427475419,-0.02275964749003372,-0.008530329830332306,8.782144853319885,-0.03768719510098835,-0.02342120806384429,development
2017-10-31,8.721279504826558,8.77499787307453,8.716589815630561,8.77468404655321,21.56111057229172,8.762663733504185,-0.015042282915103292,0.027062595964128633,8.794667536991957,-0.025514710675827963,0.005531220237081413,development
2017-11-01,8.770434462254254,8.819858954452542,8.760591014372904,8.819858954452542,21.777689403703036,8.773035886099539,0.0066623480199317735,0.04016072033307161,8.807275251876977,0.05074143960807742,-0.03815773703251324,development
2017-11-02,8.82140342122841,8.904810650620055,8.818588833806533,8.864817299834552,22.26094353253739,8.7835233866139,0.0012298523404911791,0.08006406088015972,8.820001856352969,0.062346249613921836,-0.017530806132338483,development
2017-11-03,8.866092150496312,8.917483605727465,8.854085331437105,8.882913469931426,21.938137066205616,8.794211869153541,-0.003441732150019714,0.092143332927904,8.832875318170323,0.05594552170596998,-0.005907369944868179,development
2017-11-04,8.876890759819583,8.921705827800523,8.858124014466748,8.90652216892676,21.633055508647786,8.805187975877816,0.009860561665832405,0.09147363138311171,8.845917124353873,0.0725026422536971,-0.01189759768081089,development
2017-11-05,8.909845906235129,8.938200882697565,8.90016588998117,8.910236150585776,21.590538626171586,8.816533131819757,0.015105996148212687,0.07859702261780654,8.85914002607163,0.07437722775823363,-0.02328110324408783,development
2017-11-06,8.909670348724974,8.915401367573718,8.8547091772845,8.856911548824703,21.858499278542194,8.828315588362232,0.04945115255412527,-0.020855192091653763,8.872546293766412,0.2022330185222752,-0.21786776346398362,development
2017-11-07,8.856960008940833,8.889214549800036,8.856960008940833,8.874081296254571,21.567562095745686,8.840585961644464,0.10340359740494134,-0.06990826279483464,8.886133507847155,-0.02088049815761531,0.008828286565030652,development
2017-11-08,8.873661297585514,8.958851346997017,8.869822766673684,8.917269129465414,22.24980030110443,8.853380799172927,0.08745202279846695,-0.023563692505979006,8.899897603860818,0.009338702563746668,0.008032823040847958,development
2017-11-09,8.915543727939916,8.915543727939916,8.86806412743993,8.87396934115349,21.894586304347737,8.866737497873343,0.03130041172151574,-0.0240685684413684,8.913826883683868,-0.020517889735817658,-0.01933965279456018,development
2017-11-10,8.878181018688586,8.897272113133987,8.769797694281856,8.797569663385806,22.373509716316324,8.880700074334259,0.002524099626371871,-0.08565451057482498,8.927898044162136,0.011410485859379389,-0.14173886663570912,development
2017-11-11,8.797640636396581,8.835377781155843,8.732985019314443,8.757406242040592,22.314270942823367,8.89529949142351,0.03647430477003332,-0.17436755415295124,8.942091802090598,0.07793183930234236,-0.26261739935234907,development
2017-11-12,8.747582460204045,8.798613168562014,8.6159537329614,8.69115823359687,22.915740248867323,8.910551790256477,0.005878360615666119,-0.22527191727527374,8.956401197219662,0.04246693075517598,-0.30770989437796814,development
2017-11-13,8.689169756155202,8.82632211824052,8.67322040185808,8.788668170686986,22.557965044052462,8.926472115818948,-0.00033365368056325825,-0.13747029145139855,8.970832992851987,-0.17429039162716298,-0.00787443053783754,development
2017-11-14,8.788971463200086,8.819514581250916,8.773655457923272,8.800226977303511,21.885513119006305,8.94309144696717,0.004963732438963278,-0.14782820210262138,8.985398780750087,0.06472151601642451,-0.2498933194630002,development
2017-11-15,8.800077739027168,8.901400614144462,8.800077739027168,8.897756136976637,22.15855989480606,8.960452160058614,0.0372526469502221,-0.0999486700321981,9.000110828053522,0.05955636102773866,-0.16191105210462275,development
2017-11-16,8.898808163930603,8.983110970307125,8.878578236313286,8.97102805038016,22.357164099487846,8.97859066281163,0.06640856537570568,-0.07397117780717721,9.014977887022013,-0.03913089576935446,-0.0048189408725001215,development
2017-11-17,8.968723462056577,8.987770386641554,8.93077061804289,8.950142489627483,22.260492135509967,8.997526905664555,0.03895547335312811,-0.08633988939020121,9.03000134516203,-0.050474044170493136,-0.029384811364053576,development
2017-11-18,8.948613199452515,8.972716260842155,8.917771705012044,8.960615381555133,22.022691542800533,9.01726259319344,0.030675213899682977,-0.08732242553798919,9.045179516129034,-0.05922378325793382,-0.02534035131596646,development
2017-11-19,8.95751434559201,8.999855134587353,8.94820909310544,8.991747728802833,21.870452373459827,9.037787438210053,0.026326177349935743,-0.07236588675715616,9.06051100995518,-0.020835742760803886,-0.04792753839154251,development
2017-11-20,8.99206866194766,9.028441967880495,8.98084668402908,9.011967436063705,21.972723362479407,9.059086822789139,-0.00021279776590930367,-0.0469065889595246,9.075994810549838,-0.01759811489238533,-0.046429259593748995,development
2017-11-21,9.01258921688324,9.02985634461048,8.957086773991882,8.996064853913616,22.176660275848924,9.081142012600733,-0.01796105008561032,-0.06711610860150685,9.091630477726738,0.027931513773146732,-0.1234971375862699,development
2017-11-22,8.996893430593087,9.024283017692253,8.996586377355253,9.018398666179033,22.01347049558811,9.103921940439177,-0.06493888369806154,-0.020584390562081722,9.107419060985176,-0.03337438861910005,-0.055646006187043184,development
2017-11-23,9.015830423557984,9.020075396522103,8.992031367882918,8.992031367882918,22.164327677914088,9.127377346087611,-0.09334580769111124,-0.042000170513581736,9.123369970211987,-0.11035337559997899,-0.0209852267290902,development
2017-11-24,8.996406780973844,9.032906071784307,8.979785698009305,9.018415704157277,22.34435761394039,9.151432257060414,-0.0929530209956958,-0.04006353190744072,9.139506766866333,-0.09414970179810536,-0.026941360910949896,development
2017-11-25,9.016963120913152,9.081474640720849,9.010809570166115,9.081474640720849,22.19161473442393,9.175988072128877,-0.07185350885756156,-0.022659922550467115,9.155864701174803,-0.044902287160813605,-0.029487773293141117,development
2017-11-26,9.081260774135108,9.161457820779201,9.07972926476445,9.141049220829705,22.423564025761443,9.20093976284448,-0.02713458053293178,-0.03275596148184157,9.17248784279131,-0.04877742201595254,0.017338800054346848,development
2017-11-27,9.143422459878426,9.192008322967514,9.143422459878426,9.192008322967514,22.45550885428794,9.226168522628685,-0.028210676591552575,-0.005949523069618934,9.189410446522585,-0.04327528320830482,0.04587315965323313,development
2017-11-28,9.19252559577019,9.22283204513916,9.183616427640256,9.216203132361471,22.571534800928628,9.2515394369036,-0.03136056944945839,-0.003975735092671684,9.206628963669818,-0.005086296341332813,0.01466046503298557,development
2017-11-29,9.218050610546538,9.351614248194423,9.169625691801704,9.199138904329685,23.171577634222814,9.276915821949418,-0.037785469789549435,-0.03999144783018416,9.224099659282604,-0.014698446785644675,-0.010262308167275691,development
2017-11-30,9.200975663551722,9.287394001418473,9.127181543111112,9.233431665089823,22.840808449950057,9.302154789529107,-0.056999398763873325,-0.011723725675411245,9.241714921873013,-0.033558640081940566,0.025275383298749787,development
2017-12-01,9.230005696709542,9.309887037914354,9.179329506273582,9.303429870619546,22.63770299131796,9.32710121782722,-0.021738734402531185,-0.0019326128051435632,9.259188195254751,0.010660472543949372,0.0335812028208462,development
2017-12-02,9.303675857900728,9.334344037113155,9.296985812936056,9.31240944166388,22.360027063906507,9.351589614699952,-0.025853039970154222,-0.013327133065917707,9.275993632043072,0.01394399888387993,0.022471810736927722,development
2017-12-03,9.313140630972176,9.380817071267469,9.29302573859479,9.334609014984371,22.61159374873106,9.375449129050368,-0.011898387468894971,-0.028941726597102146,9.291430929338325,0.05324593365257707,-0.010067848006531932,development
2017-12-04,9.333919943212676,9.363679311002434,9.313059383932947,9.363679311002434,22.536853634763446,9.398522528352933,-0.0029715189798051878,-0.03187169837069348,9.304939163847408,0.0689016638110186,-0.010161516655992742,development
2017-12-05,9.366121168155825,9.39532504618962,9.359156816605376,9.3856960734361,22.65410007931451,9.420678065485673,0.00815223972162657,-0.043134231771199794,9.316356702769644,-0.0015139004172370321,0.070853271083692,development
2017-12-06,9.38625816755572,9.572835319489958,9.38625816755572,9.567420233924551,23.2614209544701,9.441824866110872,0.05864357835913384,0.06695178945454572,9.326011555963824,0.23849540799793797,0.0029132699627894,development
2017-12-07,9.56564134514923,9.792539188335713,9.550897098556854,9.792539188335713,23.610894921650615,9.461906056526331,0.10849614812476997,0.22213698368461188,9.33457866586819,0.05035331346322546,0.4076072090042988,development
2017-12-08,9.787116666264792,9.817570143672377,9.570591939464581,9.71531292328427,23.774243536325546,9.480889295539102,0.08877257671079669,0.14565105103437048,9.342803957924625,0.0861549603568067,0.28635400500283836,development
2017-12-09,9.712526832201338,9.72812174830818,9.52331734316859,9.627615480020498,23.355967303431516,9.498774401548786,0.02281857930888328,0.10602249916282958,9.351120288310522,0.04079601995172647,0.23569917175825061,development
2017-12-10,9.62696962116645,9.670962608873792,9.48998520290938,9.64571376105691,23.321002533530585,9.51559471214004,0.0007714910607811796,0.12934755785608942,9.359787788762938,0.04226730888369743,0.2436586634102742,development
2017-12-11,9.643900453522296,9.770750152615957,9.64243441516573,9.737244094408293,23.220915945596953,9.531402265707918,0.034314253632327305,0.1715275750680476,9.368896032670493,0.10210905420552814,0.26623900753227225,development
2017-12-12,9.73623985885922,9.785930785154148,9.715445642273028,9.765110173635437,23.404547575159437,9.546245825969411,-0.007216857161397307,0.22608120482742322,9.378373571358393,0.041710451404911766,0.3450261508721315,development
2017-12-13,9.769956159911606,9.778666662240331,9.682822190472763,9.705536441316733,23.286436698205353,9.560152712494885,0.0024654994878054014,0.1429182293340432,9.388000793110487,-0.1852338290942986,0.5027694773005447,development
2017-12-14,9.70409712445961,9.746003033805124,9.691895795952934,9.714986944665458,23.34629539162119,9.57312905248286,0.015546510803712133,0.1263113813788852,9.397521413694394,0.0919390406597511,0.22552649031131367,development
2017-12-15,9.717236331515595,9.806651688016546,9.717236331515595,9.781709695131536,23.38422440375027,9.585159111814772,0.0401007319116232,0.15644985140514045,9.406740865104979,0.06810065631239885,0.3068681737141574,development
2017-12-16,9.784720952213563,9.889221231793696,9.770830108193245,9.878036422331492,23.268059566751393,9.596220010615092,0.08945229469500564,0.19236411702139478,9.41560279438728,-0.07091006340388016,0.5333436913480938,development
2017-12-17,9.87692798825048,9.90792768056215,9.850830149754579,9.859577502167287,23.312127009722612,9.606287613215347,0.032465896920199425,0.2208239920317414,9.424062732907606,-0.06890009517963193,0.5044148644393136,development
2017-12-18,9.857778656854487,9.871532381294577,9.817706348936479,9.858186752498606,23.4205583663682,9.615329201189155,0.025300121594985167,0.217557429714466,9.432126201685842,-0.07598270912325926,0.5020432599360234,development
2017-12-19,9.85840131131719,9.861508679715152,9.757038825791302,9.785643846164314,23.55025395270879,9.623293930198194,0.02718968045075941,0.13516023551536094,9.439903496988471,-0.0408303514284648,0.38657070060430776,development
2017-12-20,9.784720952213563,9.794492619265398,9.685188510116221,9.718638781625017,23.82108977059163,9.630105286560452,0.006294961816398593,0.08223853324816588,9.447502511195568,-0.03634891770634843,0.3074851881357983,development
2017-12-21,9.719708958178293,9.773817223261053,9.638395082898992,9.667948771155675,23.527631761155085,9.635672945647082,0.015810413115148837,0.016465412393444012,9.45504434342479,0.035376153792912125,0.17752827393797332,development
2017-12-22,9.673948594133059,9.676800253935085,9.37864751738456,9.534725553574171,23.823268014422393,9.639907067214075,-0.048151087499266235,-0.05703042614063847,9.462754832164515,-0.018932035661784204,0.09090275707144002,development
2017-12-23,9.543141607281154,9.655231313224727,9.534508638535803,9.595548363123385,23.294808803251822,9.642739518839019,-0.07045165414911937,0.02326049843348521,9.470985355218122,-0.0907445642400625,0.21530757214532414,development
2017-12-24,9.589338307560116,9.590556045830896,9.453106157846191,9.541498499411794,23.171880129099804,9.644135446065366,-0.08738027607954489,-0.015256670574027353,9.480183090282992,-0.09079055707319107,0.15210596620199368,development
2017-12-25,9.546519736428815,9.588297240667746,9.506652626297496,9.548710778076162,23.090205050170976,9.644085646281212,-0.05606763726581592,-0.03930723093923483,9.490781453664841,-0.034303277879381686,0.09223260229070185,development
2017-12-26,9.549423455226393,9.70876132819926,9.548874794401314,9.686562116112633,23.322564606468937,9.642604171825944,-0.014053235277686621,0.058011179564374515,9.502956436259312,-0.0455492860328038,0.22915496588612427,development
2017-12-27,9.69051089278254,9.73689565681992,9.623396581297659,9.670198963914679,23.248001999227274,9.639731737860059,-0.013078376642900175,0.04354560269752028,9.516277073792136,-0.03878301099253589,0.19270490111507854,development
2017-12-28,9.67181394917639,9.673344586747882,9.542323963973748,9.589221914101325,23.23582816145861,9.63553694090547,-0.013423363499720774,-0.03289166330442406,9.529463090464969,0.008383165559885348,0.05137565807646993,development
2017-12-29,9.59531700404768,9.634234615552714,9.568504206966335,9.592618746755113,23.29017482392535,9.630111880170439,-0.00911701662713459,-0.028376116788191297,9.540473744603819,0.009628815070518984,0.04251618708077487,development
2017-12-30,9.594370748149688,9.594370748149688,9.42141940761064,9.469020952310279,23.39414015289948,9.623568298886427,-0.047182535999217776,-0.10736481057693048,9.547268756095573,-0.027272713350554992,-0.050975090434738135,development
2017-12-31,9.464804295386394,9.573412835377507,9.453725639271065,9.557922125185174,23.219466759060534,9.616040001924889,-0.025102334227095673,-0.03301554251261862,9.548950370493124,-0.03609428302680519,0.04506603771885587,development
2018-01-01,9.554794964653881,9.554794964653881,9.484534403400943,9.522022148720135,23.054554998165983,9.607684756355688,-0.02685232598520774,-0.058810281650345075,9.546161685741493,-0.04058844066262482,0.01644890364126539,development
2018-01-02,9.519661619531444,9.64501468141679,9.485210694073473,9.614611408130767,23.54741470442526,9.598671872748264,-0.019184242278790918,0.03512377766129404,9.540383917613209,0.06517988223066574,0.009047608286891773,development
2018-01-03,9.614351102990515,9.653281068829324,9.60538470525643,9.62911649414402,23.548915362668204,9.5891580777027,-0.016692753097053287,0.056651169538373125,9.533018866338905,0.08698543750226076,0.009112190302854373,development
2018-01-04,9.633691251778282,9.66394147477602,9.58343380582506,9.654974922692547,23.804404855736003,9.579272540951306,0.005247539734803778,0.0704548420064377,9.524987154885691,-0.09408073179387151,0.22406849960072783,development
2018-01-05,9.647123265152482,9.781613616671345,9.629234887240537,9.765919451929346,23.894668391226073,9.569096248105152,0.04320011645646268,0.15362308736773045,9.51681463570854,0.21954991932838727,0.02955489689241908,development
2018-01-06,9.767788074741151,9.782020260271056,9.727024776121848,9.771497828073176,23.63096441743281,9.558671393466883,0.050311924888934295,0.1625145097173597,9.508621909320235,0.01882200425122689,0.24405391450171443,development
2018-01-07,9.771514988877604,9.77449439566695,9.685810296271395,9.709757138121772,23.48744431609195,9.548025223189782,0.0378106307696069,0.1239212841623818,9.500432386316687,0.007812861663476094,0.20151189014160842,development
2018-01-08,9.70967214700994,9.713410019165654,9.561574555785832,9.627081638570196,23.636371639036312,9.537156855903344,-0.01885795806192914,0.10878274072878114,9.492264044499734,0.01869792776131302,0.1161196663091495,development
2018-01-09,9.624018342016148,9.648433999576074,9.576648764883153,9.588461716279518,23.536276458378985,9.52602643803819,-0.018205944700510943,0.08064122294183917,9.48412796044922,0.0975659749022435,0.006767780928054634,development
2018-01-10,9.587988826087573,9.614023880644808,9.524508584271713,9.614023880644808,23.6410798390675,9.514577058246948,0.029862143703840667,0.06958467869401908,9.476027168981197,0.13468441950120066,0.0033122921624109125,development
2018-01-11,9.613683243064905,9.617058015334463,9.480817819234835,9.50344271319458,23.52869075002691,9.502754046335621,-0.009216959737679598,0.009905626596639294,9.467958865259329,0.03241256000166874,0.0030712879335830223,development
2018-01-12,9.507024334812046,9.563100691059399,9.484792787916726,9.545425905425967,23.21363254022592,9.490523318304875,-0.018102086935503782,0.07300467405659461,9.459916556744757,-0.08410895146139699,0.16961830014260748,development
2018-01-13,9.543406843414743,9.592843868447,9.543406843414743,9.572215784009211,23.269863196782673,9.477863608533033,0.006504034702226231,0.08784814077395176,9.451891707983672,0.1177820844548615,0.002541991570678803,development
2018-01-14,9.572953635144284,9.582717376780156,9.493110400066943,9.530392824458414,23.128777448479138,9.464755641925237,0.012340070848170731,0.053297111685006726,9.443875142463822,0.08426064493919687,0.002257037055393596,development
2018-01-15,9.530051479538262,9.57813822635459,9.520886571723366,9.533857610964926,23.268859841720335,9.451177621513564,0.07168428532042342,0.010995704130939643,9.435858100481482,-0.08677542587580792,0.18477493635925235,development
2018-01-16,9.535036369366212,9.535542164356421,9.229642912485101,9.34927588599696,23.65998031869403,9.437120328385097,0.024887755403100866,-0.11273219779123878,9.42783336483225,-0.07403319065123971,-0.004524288184049041,development
2018-01-17,9.344092956011082,9.365462008843483,9.14870855975749,9.322650646915058,23.658749053403834,9.4225975305475,0.024359579767672047,-0.12430646340011542,9.419799955016085,-0.07673373941638927,-0.020415568684638785,development
2018-01-18,9.323561890826781,9.401563838935225,9.300409569065051,9.347917354281048,23.432675088587597,9.407662784697191,0.04324732638076349,-0.10299275679690645,9.411780779106694,-0.034556092653173304,-0.02930733217247372,development
2018-01-19,9.343979241324876,9.392061732021432,9.32117484306542,9.359398138336687,23.097278181292175,9.392415090859528,0.02273438686188848,-0.05575133938472909,9.403836715141226,-0.03172992886629387,-0.012708647938245221,development
2018-01-20,9.36359352343104,9.480596490604585,9.36359352343104,9.464920588427685,23.191509455748818,9.376987459888404,0.05611836831325953,0.03181476022602148,9.396071084076953,0.059956471750051685,0.008893032600679973,development
2018-01-21,9.464145045908868,9.464664740616083,9.331513229023852,9.358768964126552,23.01934780810605,9.361529687567268,-0.0026559840837342506,-0.00010473935698129822,9.388620137452211,0.01197763885735084,-0.04182881218300949,development
2018-01-22,9.36160972848964,9.389858034028657,9.234076449183634,9.299394696476734,23.078196700775315,9.34618425943701,-0.019513805611172275,-0.027275757349103813,9.381629280725242,-0.052563990927365474,-0.029670593321142746,development
2018-01-23,9.30059232595321,9.339401754851373,9.223227001543181,9.29361481105275,22.991322582248497,9.33109035540226,-0.04950884561494051,0.012033301265431007,9.375223023378537,-0.06864815185098802,-0.01296006047479814,development
2018-01-24,9.29682998195241,9.350224079981084,9.272356946929143,9.33780090831167,23.019932445512996,9.316383092576103,-0.020717898568624313,0.04213571430419272,9.369469080381004,-0.012515625783412766,-0.01915254628591967,development
2018-01-25,9.343270351287968,9.37464222811523,9.310855201336544,9.32895864894363,22.906297944959984,9.302181114791535,0.004833251357878628,0.021944282794216008,9.364352214271754,-0.03460019264158978,-0.000793372686535676,development
2018-01-26,9.328656598794225,9.363636418136675,9.256297937647565,9.321112254840637,23.00014325653262,9.28859214279715,-0.0022851555640597604,0.03480526760754721,9.359769080677262,-0.03395924367251764,-0.004697582164107317,development
2018-01-27,9.32142550579551,9.3600440691884,9.304668269499192,9.344932469354466,22.74921032735455,9.275716674446404,0.008718982147387916,0.06049681276067531,9.355561673366392,0.016408428242273006,-0.027037632254199195,development
2018-01-28,9.347952160949115,9.39601461888503,9.347952160949115,9.374693102033449,22.845570496436356,9.263638117459623,0.01783911613311611,0.09321586844071028,9.35156317262265,0.04583263305909312,-0.022702703648294076,development
2018-01-29,9.372076495161028,9.382241121101774,9.321810205688553,9.332239404395223,22.68439666791449,9.25241957361671,-0.031214864368650314,0.11103469514716302,9.347641200645837,-0.0023765889250001995,-0.013025207325615185,development
2018-01-30,9.333159575932559,9.333194987624434,9.213953855473878,9.220914250957062,22.87942068549081,9.242098231489333,-0.015510110157556743,-0.00567387037471434,9.3437116278862,-0.10026811167017716,-0.022529265258961928,development
2018-01-31,9.22110227440613,9.247790249856557,9.187830916568005,9.232209451903348,22.807839212338607,9.232689093456573,-0.015801369590828035,0.015321728037603677,9.33972719949382,-0.10212598318862962,-0.005391764401842636,development
2018-02-01,9.233793172414558,9.238811184513263,9.083901513249394,9.123751455446657,23.02178271084754,9.224183294446638,-0.004789118208810316,-0.09564272079117053,9.335668442921785,-0.023113549310245417,-0.1888034381648822,development
2018-02-02,9.120665116155289,9.120665116155289,8.961428941410803,9.085995227703346,23.266983678063564,9.216557527202259,0.0003108666772763443,-0.1308731661761886,9.331541622321698,0.00919132662932006,-0.2547377212476718,development
2018-02-03,9.0884122705547,9.15173090586892,9.018166021391766,9.124227880613246,22.706167579287083,9.209778554362355,0.016802625750447935,-0.10235329949955663,9.327373339167938,-0.20007238831397098,-0.0030730702407204546,development
2018-02-04,9.124313985542225,9.141512142327876,8.99109175243262,9.021237042780797,22.679628287734687,9.203805601113562,0.018872274604569934,-0.20144083293733495,9.323195037742147,0.18520490887948293,-0.48716290384083294,development
2018-02-05,9.020455086853074,9.031792467272306,8.818286950183928,8.847254927471637,22.95169726281966,9.198597842643196,-0.025949057576556512,-0.32539385759500306,9.319045780680527,0.060877183632324486,-0.5326680368412156,development
2018-02-06,8.861031091953457,8.968358003613941,8.707525867664526,8.955964118230874,23.36230890367424,9.194121977550072,-0.025344773227516458,-0.21281308609168192,9.31495396001744,0.009138894730522876,-0.36812873651708955,development
2018-02-07,8.956156288828632,9.048892674621968,8.886933022285533,8.938702212217894,22.939124603338286,9.190349942740898,-0.05614193563539506,-0.19550579488760889,9.310913095419295,0.07404917678395963,-0.4462600599853612,development
2018-02-08,8.94087272027491,9.054711712424782,8.94087272027491,9.019856374193836,22.958294575989378,9.187253753020064,-0.05370459035375367,-0.11369278847247521,9.306894179319565,0.0364282923944136,-0.3234660975201429,development
2018-02-09,9.020612235342211,9.075319924860091,8.97268071508078,9.075319924860091,22.63795363393528,9.18479762900782,0.002976314704466315,-0.11245401885219408,9.302861736965133,0.09540535856809904,-0.3229471706731406,development
2018-02-10,9.07338370011774,9.118504627873666,9.023464828748802,9.062060802352384,22.77494559386992,9.182937258186914,-0.030266448212243693,-0.09061000762228666,9.29878325316218,0.027709382906401948,-0.2644318337161966,development
2018-02-11,9.061391293351202,9.061391293351202,8.978547031110722,9.00331253894351,22.535185684012774,9.181616422780323,-0.025696839462731616,-0.152607044374081,9.294636651128071,0.11824441073394057,-0.40956852291850154,development
2018-02-12,9.004721140860921,9.103414178172637,9.004721140860921,9.096787536605431,22.556877139668483,9.180784752024781,-0.01352796670162568,-0.07046924871772475,9.290401537691391,0.03709073518552442,-0.23070473627148402,development
2018-02-13,9.09680427458478,9.100354701985484,9.042561770623266,9.059320901292923,22.46315638526856,9.180410559711804,-0.021502598832576374,-0.09958705958630532,9.2860744456992,0.021217129902686552,-0.2479706743089629,development
2018-02-14,9.059508170802898,9.160996758777086,9.059508170802898,9.158481642286533,22.791370850451607,9.180478342627584,0.02769964548828445,-0.0496963458293358,9.281672608663117,-0.11655819087770879,-0.006632775498873755,development
2018-02-15,9.157816880469513,9.233548937571891,9.147994653209224,9.226843482436859,22.92741530280008,9.180976759182943,-0.013494614547523081,0.05936133780143926,9.277215705282615,-0.06985262578650359,0.01948040294074893,development
2018-02-16,9.223819143820846,9.242236209184055,9.19266714781704,9.233461056075535,22.710613984352655,9.181884269045955,-0.00572955749029996,0.057306344519879815,9.272725929603425,-0.06519732211187633,0.02593244858398691,development
2018-02-17,9.23087802319373,9.318252629170578,9.225169907848096,9.31584389540791,22.882082215439066,9.18315722268255,0.03791317453150301,0.09477349819385772,9.268217387188946,-0.014773987982427128,0.06240049620139132,development
2018-02-18,9.316806311527824,9.336955383987464,9.242420265439595,9.26405172151057,22.891634700468703,9.184728533290173,0.03433899757193476,0.044984190648463596,9.263673717391145,-0.00829643002383645,0.008674434143262744,development
2018-02-19,9.264127517081421,9.33023671081133,9.260386908484021,9.32592542049433,22.75824463139849,9.186518312391495,0.08623308877298998,0.05317401932984467,9.259040938232129,0.06070754079670628,0.006176941465495744,development
2018-02-20,9.326504302032667,9.38919760157892,9.326504302032667,9.341693160665605,23.01847784432485,9.188447981659587,0.050227604662760134,0.10301757434325687,9.254232192050054,0.028430499016388597,0.05903046959916125,development
2018-02-21,9.338927077258914,9.342990126071646,9.257138039107785,9.277101457948179,22.964543412710267,9.190439017957342,0.0311889239288116,0.05547351606202611,9.249126982466398,-0.00875319964806158,0.03672767512984265,development
2018-02-22,9.274291257051999,9.30919875943991,9.20423073046835,9.210840247017833,22.807704854540678,9.192399820074982,0.005829197545186404,0.012611229397665014,9.243595082685694,-0.03227480221969259,-0.0004800334481682711,development
2018-02-23,9.204027519084361,9.257920261201123,9.183437674872222,9.240005926771898,22.769602927242047,9.1942286792622,0.034602375320494594,0.011174872189204876,9.237543422132248,-0.004050995392198236,0.006513500031848807,development
2018-02-24,9.2387043053063,9.268345113135666,9.163979077049254,9.191470481471764,22.657382426710548,9.195823907737587,0.019414440699537617,-0.02376786696536115,9.230953631919947,-0.030921384211971735,-0.008561766236210744,development
2018-02-25,9.189772283833586,9.202632716871745,9.149215704470238,9.176238503928172,22.464948798394726,9.197081600043429,0.00932090162542939,-0.030163997740686455,9.22389462525256,-0.05175940545501758,0.0041032841306289924,development
2018-02-26,9.176724609252052,9.25674674479034,9.15922921563207,9.246354044220672,22.709452493393783,9.197893279075153,0.033249361901450225,0.015211403244068222,9.216498331905711,0.004306706891276336,0.025549005423684434,development
2018-02-27,9.248974412108959,9.294543643258256,9.234652386294561,9.280388649925749,22.6643328255251,9.198154074590702,0.03314898124669229,0.04908559408835522,9.208913600268401,0.061172718564192353,0.010302331093155814,development
2018-02-28,9.276802061389578,9.313781027882099,9.248897365878102,9.249359179170904,22.660018462583672,9.197771392859762,-0.0034051792404487247,0.054992965551591055,9.201268510084306,0.03364463303102612,0.014446036055572264,development
2018-03-01,9.248117736310213,9.310393811987375,9.245002653556815,9.301186055275759,22.713504476316462,9.1966735112147,-0.0022213788212001495,0.10673392288225969,9.193648958750128,-0.03084870381333874,0.13838580033896974,development
2018-03-02,9.303593928379673,9.322686431807721,9.291929539571624,9.313474446051353,22.754119642098207,9.194799063563796,-0.0008180050269100498,0.11949338751446703,9.186092111973238,-0.033436403768480026,0.16081873784659528,development
2018-03-03,9.314871578952605,9.352551503940777,9.30586874524731,9.349206278248259,22.62396494527165,9.192103823644228,0.005586005118831357,0.15151644948520016,9.178599482950899,-0.09153625688191802,0.2621430521792778,development
2018-03-04,9.349876235754023,9.35119733286055,9.317947327397702,9.35119733286055,22.52895282658948,9.18856100119188,0.02090868145596834,0.14172765021270273,9.171166562360204,-0.049779853566468635,0.22981062406681474,development
2018-03-05,9.352915778065388,9.367694453429294,9.345212150007688,9.356455982636541,22.59021624843051,9.184162585149869,0.01715955195116267,0.15513384553550935,9.163791031083289,-0.09260557229354986,0.28527052384680296,development
2018-03-06,9.350110976052958,9.350110976052958,9.27746614952754,9.285438604160557,22.644908173831592,9.178930484472817,-0.014227950501405363,0.120736070189146,9.156470846810958,0.15837156258178858,-0.029403805232188773,development
2018-03-07,9.287662495136573,9.299220834470058,9.17906847527687,9.206891462619867,22.897780032155257,9.172905621690283,-0.08540895913318369,0.11939480006276781,9.149211295412112,0.06263545352681922,-0.004955286319065166,development
2018-03-08,9.205472586509103,9.224972832453984,9.141619261808778,9.147933951336116,22.69541304782485,9.166121260078858,-0.069125221889801,0.050937913147057756,9.142014758633183,0.011034176597323862,-0.00511498389439069,development
2018-03-09,9.150026560040851,9.155498642913276,9.049353241968419,9.141799163295657,22.887070409288413,9.158609203341243,-0.07695760516331025,0.0601475651177239,9.134879287766598,0.03315952980258481,-0.02623965427352637,development
2018-03-10,9.14319470521275,9.16233852986425,9.085736974728649,9.089979015305,22.407128219286392,9.150407992908008,-0.07944357817029474,0.019014600567286877,9.127802129264257,0.04104437508451306,-0.07886748904376972,development
2018-03-11,9.088486843806825,9.181106150796506,9.0603450602858,9.167289842260796,22.56323914191762,9.141573608777977,-0.03734341785838558,0.06305965134120584,9.120784538496215,0.07387524061955572,-0.02736993685497424,development
2018-03-12,9.169823506732588,9.204070758962587,9.100126954236355,9.127515142685787,22.58849256736675,9.13217917725963,-0.06148230707195876,0.05681827249811633,9.113836497566359,0.01931894332309194,-0.005640298203664074,development
2018-03-13,9.124024030375306,9.155924299736705,9.10032352463462,9.126398781167852,22.513547521621884,9.122305048807256,-0.03650556477595528,0.04059929713655208,9.106979617545104,0.009764289415657434,0.009654874207090103,development
2018-03-14,9.128549930263219,9.143757053290996,8.995734005474645,9.020366761150445,22.585519497205922,9.112025402802388,-0.03405030188566958,-0.057608339766273886,9.100247901826114,-0.01949629249108355,-0.06038484818458478,development
2018-03-15,9.022896892422033,9.039356255909958,8.959703546142306,9.024114445280157,22.645238902473807,9.10141598185757,-0.04053884661381711,-0.036762689963596884,9.093687324561262,-0.023793466778473386,-0.04577941250263251,development
2018-03-16,9.026767251022447,9.057789291058162,8.987860357847476,9.028620587161145,22.38896684361923,9.090556527189246,-0.0018039967863501347,-0.06013194324175153,9.087359817884709,-0.06297272246519034,0.0042334917416262385,development
2018-03-17,9.0266470935221,9.02960119531816,8.963521230678742,8.976752453021476,22.210795943568947,9.079528063901781,-0.024593330730280576,-0.07818228015002582,9.081349442298746,-0.05810748974936918,-0.046489499527901046,development
2018-03-18,8.973417320413281,9.017424060371738,8.908963652305019,9.014773038492857,22.616255807602364,9.068420019906037,-0.019934957995201712,-0.03371202341797819,9.075763447243737,-0.05324744564974007,-0.007742963101140532,development
2018-03-19,9.029312392190608,9.068300901456654,9.009740773119942,9.063075145200672,22.629708730699424,9.057330311903222,0.03081141975099863,-0.025066586453547757,9.070726517142038,-0.004969358968419987,-0.002682012972945458,development
2018-03-20,9.061802070813208,9.11063268570795,9.034782646573799,9.095318864077178,22.573575613852817,9.046362056494946,0.03483406071552404,0.014122746866709335,9.06634981735905,0.003274283045312751,0.025694763672815313,development
2018-03-21,9.098009001713162,9.12449596294178,9.087757971546283,9.097091074093914,22.522187902925,9.035613529144777,0.08420874440911243,-0.022731199459975926,9.062684658137233,0.05285078891933048,-0.01844437296264978,development
2018-03-22,9.09822827448602,9.116107707154027,9.055427780918265,9.074345344465298,22.433524177480145,9.02517703177634,0.07409273141655366,-0.02492441872759521,9.059696834260325,0.040272561867309216,-0.025624051662337166,development
2018-03-23,9.075236314791338,9.091514055454025,9.031287880002434,9.091514055454025,22.507349286269395,9.01514872771763,0.05182188643979069,0.02454344129660413,9.05728073216243,0.021041015054317106,0.013192308237277572,development
2018-03-24,9.094025654749993,9.104555287090484,9.067128006155604,9.067407220082154,22.457502131405572,9.005629362824722,0.027349102834243823,0.034428754423188934,9.055307171243278,-0.004277526876558065,0.016377575715434745,development
2018-03-25,9.061005858942988,9.06900832071493,9.041815159525887,9.047324880741444,22.24275279752565,8.996716801852704,0.057437467463065835,-0.006829388574326245,9.053661109753156,-0.005538053868730885,-0.0007981751429806394,development
2018-03-26,9.047641394153034,9.051354028249397,8.977327046284046,9.013035165796415,22.501777924639903,8.988502121446162,0.011674059069893343,0.012858985280360002,9.052260073606245,-0.019514699843145886,-0.019710207966683768,development
2018-03-27,9.011889433252344,9.015879058371892,8.961530206339004,8.966105968933391,22.405628924205182,8.981066971765953,0.006534291593579307,-0.021495294426141953,9.05105025689641,-0.05368619124312972,-0.03125809671988833,development
2018-03-28,8.966589704796625,9.002441298030277,8.96305395319031,8.981490568427745,22.319677243061435,8.974478157131022,0.025570317010837954,-0.018557905714114753,9.049981877296206,0.0007688891521983668,-0.0692601980206593,development
2018-03-29,8.98457712024129,8.98648782913687,8.86522406642629,8.87706105984206,22.573487564315815,8.968780701245878,0.01655617352060549,-0.10827581492442384,9.049029774592864,0.051272592489330054,-0.22324130724013358,development
2018-03-30,8.877863171859005,8.892427266143459,8.807461443221461,8.83790183576051,22.56214898554501,8.963999759860718,0.00203528264200966,-0.12813320674221806,9.048176626714948,0.04488096366261093,-0.2551557546170482,development
2018-03-31,8.838186238287276,8.882926002457049,8.833975711566604,8.849876800959056,22.23911144061045,8.960138603453467,0.004256381630293688,-0.11451818412470516,9.047434377840316,-0.007817141366791302,-0.1897404355144694,development
2018-04-01,8.854102483800379,8.862334909957976,8.783682799096026,8.83116123760356,22.234451266584944,8.957187996300059,0.003436911854149375,-0.1294636705506491,9.046831575772238,-0.00956266422683364,-0.20610767394184393,development
2018-04-02,8.83125326461305,8.872833430332308,8.827113170228273,8.86556573833965,22.189627521052262,8.955128209192841,0.018090079586741838,-0.10765255043993349,9.046398856018204,-0.1740319717318379,-0.006801145946717213,development
2018-04-03,8.868168289291466,8.926775139165821,8.863967922333483,8.916789091101291,22.427959423153954,8.953929325621326,0.04726222536336616,-0.08440245988340145,9.046156699463536,-0.12267646844897179,-0.006691139913272082,development
2018-04-04,8.916829365045555,8.918634198077902,8.825248299479851,8.832564335368433,22.319821123752092,8.953551388443453,0.030876781499036783,-0.1518638345740566,9.046106287163768,-0.006799987877968531,-0.20674196391736643,development
2018-04-05,8.831806817232039,8.844166141482793,8.801589843530232,8.826363266444591,22.453029339337874,8.953949584642714,0.004864153915836553,-0.132450472113959,9.046220351930941,0.12591309660596725,-0.34577018209231625,development
2018-04-06,8.827022194225465,8.833096798676584,8.791029857045965,8.800312845447351,22.0494943563688,8.955080606656928,-0.04098316620156377,-0.11378459500801341,9.046460818166244,0.08131028612892222,-0.3274582588478143,development
2018-04-07,8.799436968006999,8.860859494149182,8.799436968006999,8.84088262415159,22.103695546818205,8.95690758482903,-0.03787724649649611,-0.07814771418094502,9.046798520619198,0.0446395648276638,-0.2505554612952725,development
2018-04-08,8.842168155543947,8.869476916309642,8.842168155543947,8.8570197986976,22.01867769310179,8.959396845931673,-0.03694061551780989,-0.06543643171626279,9.047220421373577,0.042169015393725286,-0.23236963806970223,development
2018-04-09,8.859976872333249,8.878791377107282,8.804173552826402,8.820364185795173,22.3112880685447,8.962514710376242,-0.04768326719165866,-0.09446725738941097,9.04772165284922,0.02421239215208512,-0.25156985920613195,development
2018-04-10,8.824007069301752,8.835270146981959,8.810482001995469,8.829776600917826,22.175523503950235,8.966221370776953,-0.025501618361310874,-0.11094315149781586,9.048285566545186,0.057228916360238746,-0.27573788198759885,development
2018-04-11,8.831050223336742,8.849129416445718,8.827261293070752,8.849129416445718,22.258387403241514,8.970478263085067,-0.05637088826875283,-0.06497795837059606,9.048886854428467,0.006084351877461262,-0.2058417898602105,development
2018-04-12,8.847270722995322,8.97452056281844,8.825634751756464,8.973256352287493,22.910019141474983,8.97525689721793,-0.0199998425351041,0.017999297604665898,9.04950921067296,-0.005552332123820529,-0.07070052626164802,development
2018-04-13,8.974755983876914,9.009931415268566,8.956599739755635,8.974106510305122,22.772822752558636,8.980534975675763,-0.032688052181024524,0.026259586810382984,9.050159860411629,-0.054548125458025815,-0.021505224648480592,development
2018-04-14,8.971406548148723,9.004632673989317,8.967759126769497,8.985475369064028,22.370275053968598,8.986281530730961,-0.03285400685325127,0.03204784518631776,9.050859065956848,-0.05219966470827489,-0.013184032184545558,development
2018-04-15,8.987113076905562,9.028629019609632,8.987113076905562,9.02751192897712,22.380441932030415,8.992454424419341,-0.007731877858773408,0.04278938241655261,9.05163844771379,-0.030015960420340774,0.005889441683670782,development
2018-04-16,9.028527123531648,9.032546596213644,8.97786970554453,8.994503799798665,22.451607903015876,8.999002831650365,-0.028242159690992252,0.02374312783929078,9.05255226265155,-0.05046860795542485,-0.007579854897461047,development
2018-04-17,8.99611445956142,9.022317790499194,8.972301460423582,8.974882540686503,22.654914758246004,9.00586306035062,-0.027587100878794416,-0.003393418785323732,9.053644418144316,-0.048588364078678704,-0.03017351337913432,development
2018-04-18,8.980226355316296,9.011621080785627,8.972845552833965,9.007418468245124,22.599658960996845,9.012957750046493,0.00942843547069608,-0.014967717272064363,9.054935022573755,-0.012510412383060695,-0.035006141945570945,development
2018-04-19,9.006909985623183,9.02385300181812,9.004395544197271,9.023324964681763,22.67816545721584,9.020199890072403,0.023357472259205623,-0.020232397649845524,9.056418340669643,0.0027370875409370573,-0.0358304635288178,development
2018-04-20,9.022428806113851,9.09158278936564,9.017306446778985,9.087701449335798,22.856024211596683,9.027496023944476,0.05990110248992911,0.0003043229013925952,9.058066130925587,0.03842730717877835,-0.008791988768567904,development
2018-04-21,9.088036009898051,9.104709854648965,9.065563169145644,9.093309811914015,22.744621347991664,9.034743878237245,0.057178627530096345,0.0013873061466735948,9.059816543043647,0.0344008293643006,-0.0009075604939337012,development
2018-04-22,9.096618281135369,9.10516202283614,9.080187306601104,9.082786502424714,22.614855524438674,9.041832215332782,0.04225882600482559,-0.0013045389128940599,9.061577242831076,0.02022795026875265,0.00098130932488516,development
2018-04-23,9.081869257151252,9.100363640748972,9.081234551473617,9.09727020014769,22.658431346404587,9.048651468956225,0.010141035035941413,0.038477696155524654,9.06325718612351,-0.014789826153758175,0.04880284017793812,development
2018-04-24,9.09765754058863,9.183237417925339,9.096928651957894,9.179623399314123,23.09152634066783,9.055100330405615,0.03633004270756073,0.08819302620094582,9.064786251777617,-0.02603287641004367,0.14087002394654924,development
2018-04-25,9.179987372562538,9.184542480872995,9.082488800755229,9.087691292634226,23.128687277053597,9.06108286522934,-0.004752772073462676,0.03136119947834892,9.066115160011764,-0.03059599285404364,0.05217212547650618,development
2018-04-26,9.090127922895809,9.135779502849338,9.074187242057036,9.135779502849338,22.91721388442761,9.06651233079755,-0.005186052008282286,0.07445322406007016,9.067210580622778,-0.0628423081182273,0.13141123034478852,development
2018-04-27,9.13676163176991,9.14585195379677,9.103539909536863,9.103539909536863,22.746968681349873,9.071315614455775,-0.0032275336910907726,0.03545182877217812,9.068047234371438,-0.024819595339415336,0.06031227050484134,development
2018-04-28,9.09820915688745,9.149750295488051,9.097394519587306,9.142969092390974,22.778091879990644,9.075438800208092,-0.020134417787225356,0.08766470997010778,9.068598838694403,0.016166956387814922,0.05820329730875606,development
2018-04-29,9.142747608023935,9.162356357350873,9.126274829316472,9.150492706538456,22.90402224337584,9.078840823436272,-0.021219511666716147,0.09287139476890083,9.068842668082791,0.02621227606693863,0.055437762388725886,development
2018-04-30,9.151238814608018,9.156637824826438,9.123344584319584,9.131356665571142,22.88358665946716,9.08149058890545,-0.013259046442769422,0.06312512310846152,9.068763482571345,0.05261139247955884,0.00998179052023751,development
2018-05-01,9.132537707290291,9.133014291585331,9.092800409837539,9.118116498883854,22.76617563460284,9.083367208693282,-0.012398948111885666,0.047148238302456846,9.068357236616555,0.042950785090481836,0.006808477176816652,development
2018-05-02,9.116535016345802,9.133083396403778,9.106660626144173,9.130855500233249,22.745893594468196,9.084464496302898,0.007252314034120113,0.03913868989623026,9.06763559221,-0.1021964488654524,0.16541635688870215,development
2018-05-03,9.13064432463401,9.189967249934817,9.12566993187268,9.184392658155682,23.046368946872676,9.084792940649676,0.04519046601135976,0.05440925149464704,9.06661885755659,-0.061780171062385925,0.17955397166147868,development
2018-05-04,9.179417139322673,9.188012980032374,9.16805480289049,9.179959487815875,22.82957200738808,9.084381656616264,0.026406445729193463,0.06917138547041723,9.06532799067005,0.1100185002513641,0.004612996894460153,development
2018-05-05,9.179910058197759,9.206784055773406,9.179377957182261,9.19605384288034,22.758225026627333,9.08326807537524,0.018728851348861875,0.09405691615623901,9.063789671953476,0.08919130053068146,0.043072870396184015,development
2018-05-06,9.194750434966876,9.2043363486465,9.155382476395502,9.175210459795236,22.700436556196692,9.081492063755068,0.0051634076514054696,0.08855498838876308,9.062026618772087,0.07130314013743606,0.04188070088571294,development
2018-05-07,9.174264380885228,9.176354293521317,9.13038010714581,9.145589536674887,22.72393738084919,9.079095996401772,0.004644425104619278,0.06184911516849567,9.060043061980958,0.052768810669229865,0.032777664024699504,development
2018-05-08,9.146427800704446,9.15511831747596,9.11907664264735,9.130736435270252,22.72688812905297,9.076125353757678,0.00970936950347226,0.04490171200910176,9.057820513640278,0.05353680880763075,0.01937911282234417,development
2018-05-09,9.129534840901844,9.145776225550287,9.10848704526826,9.140473513816978,22.701074661778943,9.072631232151103,-0.0028149659117771737,0.07065724757765324,9.055319283508226,0.05422440685714821,0.03092982345160422,development
2018-05-10,9.140557184092913,9.14804360705112,9.109471921978233,9.109850246688861,22.655757759625274,9.06866327083284,-0.0028295707906563403,0.04401654664667731,9.052485161905333,0.05235063213912445,0.005014452644404699,development
2018-05-11,9.110847050732865,9.110847050732865,9.03532723879446,9.040914140013186,22.86198052207766,9.064260095688898,-0.052461029741895794,0.02911507406618341,9.049263943044224,-0.01529067621833453,0.006940873187296859,development
2018-05-12,9.040908240089648,9.067031085689774,9.014751188181323,9.048396529789878,22.643327648593637,9.059450926238616,-0.010859573472717652,-0.000194822976020248,9.045622246150181,-0.018989288875058387,0.02176357251475558,development
2018-05-13,9.049642164428372,9.079496770288939,9.0354058775689,9.07382629900843,22.492503547478957,9.054264382272349,-0.026760015280394876,0.04632193201647716,9.041544506732551,-0.05071991713233254,0.08300170940821161,development
2018-05-14,9.072582874393646,9.091682967333124,9.032166568587835,9.073006334338565,22.719889437019738,9.048728028846284,-0.03065423761834056,0.054932543110622234,9.03702831176716,-0.058376463702548134,0.09435448627395182,development
2018-05-15,9.071674727896387,9.086611115914838,9.042684765844339,9.049041860171572,22.626225251279266,9.04286927419022,-0.010799507878062931,0.016972093859415338,9.03208831884215,-0.02249896542115934,0.039452506750579985,development
2018-05-16,9.04834014980885,9.048812679041083,9.008895961429252,9.032269378086758,22.63432129466622,9.036715503770756,-0.03444070619831156,0.02999458051431425,9.026758478432152,-0.045882012339980696,0.0513929119945864,development
2018-05-17,9.032415113883978,9.04139377497708,8.993939055255986,8.998917838369026,22.49184709633467,9.030294749546265,-0.03370072555197526,0.0023238143747370543,9.021086774345944,-0.041421141565907475,0.019252205588989213,development
2018-05-18,8.998610199302947,9.020887864319896,8.984044334795948,9.018086015087796,22.474930514018745,9.023638056180891,-0.006786597777250106,0.0012345566841549527,9.015129580092792,-0.02048559094867386,0.0234420259436785,development
2018-05-19,9.018662840507227,9.032655198925191,9.009856893187896,9.017626564882644,22.273463142386063,9.016776935833255,0.012158084561761944,-0.011308455512372362,9.008944541768647,0.003903317794891375,0.004778705319104404,development
2018-05-20,9.017603592644464,9.055136989785504,9.012528282071804,9.049379052303559,22.370203746219477,9.009740990214189,0.0425401357577899,-0.002902073668419547,9.002583693446466,0.03273652869680744,0.014058830160285751,development
2018-05-21,9.050445065766946,9.054565652727181,9.031825972791827,9.038245175341743,22.363231030262174,9.002555970518307,0.03918059241209632,-0.0034913875886601886,8.996087556601056,0.03387192673763772,0.008285692003049405,development
2018-05-22,9.038349681582956,9.038751018511254,8.98776916659079,8.992405703968641,22.359737069546963,8.995244133591637,0.026091475179374806,-0.028929904802369677,8.989480466009805,0.017261522528380143,-0.014336284569544944,development
2018-05-23,8.991821121831117,8.994006104280313,8.923708399043525,8.930338044514402,22.593700945836197,8.987821972962838,-0.014362827721921727,-0.04312110072651443,8.982767567645263,-0.040790165266895634,-0.011639357863964861,development
2018-05-24,8.930774621822772,8.953976084334093,8.899886326714054,8.934236327270185,22.523195191092828,8.98030612665193,0.014989283026267189,-0.061059082408013055,8.975945665174683,-0.043970619103098754,0.0022612811986011394,development
2018-05-25,8.93488982910438,8.943655002778371,8.908241529099673,8.920006805686075,22.30591404042486,8.972719114445932,-0.0048365081689436965,-0.04787580059091212,8.969016912525262,-0.038999476812813044,-0.01001063002637359,development
2018-05-26,8.9208540034274,8.935266501838486,8.902335873068044,8.903255256471803,22.12236288505149,8.96507868915687,0.0001630543448969601,-0.06198648702996401,8.961982823959953,-0.05625655187095167,-0.0024710156171980913,development
2018-05-27,8.904097791087091,8.90676469386215,8.89164360596456,8.904931465517821,22.12359128461537,8.957398934924218,-0.01342493424629414,-0.03904253516010314,8.954852541106764,-0.040105882938010845,-0.009815192650931337,development
2018-05-28,8.905350725017659,8.911806269335884,8.86797542657952,8.872906305705097,22.34079097245842,8.949689044623543,-0.015688102587534468,-0.061094636330912166,8.947641679040643,-0.020251838298689376,-0.05448353503685688,development
2018-05-29,8.871990768744556,8.9261747657701,8.866536549480461,8.918996917371194,22.457159600556768,8.941961133151269,-0.012943329122554968,-0.010020886657519767,8.940372607478373,-0.014724609061830055,-0.006651081045349727,development
2018-05-30,8.918614130217845,8.93244624359619,8.897490920977173,8.910115975049575,22.317090501100655,8.934233879223356,-0.0036175807749692585,-0.020500323398811915,8.933071774588534,-0.0032344326013161923,-0.01972136693764348,development
2018-05-31,8.910066001884436,8.937073880879058,8.903968716652393,8.921880653502765,22.35781190742479,8.926527776203162,0.003493838848533635,-0.008140961548932069,8.92576009607833,0.00961147865952456,-0.013490921235089104,development
2018-06-01,8.922751654500024,8.936525698474627,8.910226658424248,8.928169776062651,22.316871117115276,8.91885799858601,0.008155621196096214,0.0011561562805457726,8.918448315786419,-0.036540503589577236,0.04626196386580972,development
2018-06-02,8.927542381620682,8.948433912839837,8.922292868229185,8.941604376425877,22.320489425510136,8.91123645701356,0.03971342779923956,-0.009345508386923385,8.911151258243416,-0.0016121088629410711,0.03206522704540227,development
2018-06-03,8.94011698507141,8.95607890877915,8.937617850585697,8.951602025914179,22.302607389254614,8.903675033672101,0.03078338030704135,0.017143611935036773,8.903890248940364,0.07013023051719548,-0.02241845354338068,development
2018-06-04,8.95189728169692,8.955940881437817,8.919190967135709,8.924585802696056,22.331336799730394,8.89618831643023,0.02919947550247319,-0.0008019892366473158,8.896684514262745,0.0685791655824216,-0.0406778771491112,development
2018-06-05,8.922778279259878,8.941575565068867,8.908829791587868,8.940335763855341,22.32502227767275,8.88879716229655,0.023568610098838736,0.027969991459952936,8.889553946037683,0.06591587883293115,-0.015134061015272593,development
2018-06-06,8.939314834692599,8.946430837073077,8.922926232427177,8.94298105035641,22.269180145786514,8.881527140021523,0.024321743374266375,0.03713216696062105,8.882517477713058,0.0610647669351557,-0.0006011942918036084,development
2018-06-07,8.942568087614607,8.954321038394575,8.942568087614607,8.946145663688092,22.22418267485868,8.874405036822484,0.02998219102073776,0.041758435844871045,8.875593882223187,0.06449392429870579,0.006057857166199554,development
2018-06-08,8.947043890939815,8.948740507610479,8.930414793597281,8.93917709938768,22.164895539800252,8.867456618272664,0.02240430816480132,0.0493161729502134,8.868802423210864,0.06380987864145063,0.006564797535364875,development
2018-06-09,8.94017334759937,8.946840873514352,8.926913231780945,8.926913231780945,22.07009668065845,8.860708558611908,0.005480312334284033,0.06072436083475452,8.86216374755501,0.0461939734785879,0.018555510747347626,development
2018-06-10,8.92259827172277,8.92259827172277,8.811215595021027,8.822619895531394,22.481957878417234,8.854187645397468,-0.05073102433393153,0.01916327446785715,8.85569965640861,-0.023844525289629753,-0.009235235587587098,development
2018-06-11,8.824573479684098,8.840750991096161,8.810851850888378,8.840279075276289,22.280414119025608,8.84791601008882,-0.03320747299743205,0.02557053818490118,8.849431221054067,-0.021619095710251696,0.01246694993247388,development
2018-06-12,8.840119787832588,8.840429643216188,8.78601044862262,8.79214860181608,22.261074555776794,8.84190750817294,-0.043873617508522665,-0.005885288848336501,8.843380256038584,-0.043375610932546396,-0.007856043289956816,development
2018-06-13,8.79435207123537,8.799610452438229,8.746021336050386,8.756194328297926,22.34311930922561,8.836169888952432,-0.05096410189716007,-0.029011458757345565,8.83756748571246,-0.053971287240269804,-0.02740187017426443,development
2018-06-14,8.755067707330442,8.810927930021908,8.753759842239118,8.806176931031619,22.360067915460128,8.830709249879567,-0.03589165555916949,0.011359336711221246,8.832011745160742,-0.02548153118091873,-0.0003532829482040256,development
2018-06-15,8.805986657740986,8.807034941783897,8.769331520619769,8.772855056904753,22.09834503077717,8.825526969406997,-0.04973164130474704,-0.0029402711974970686,8.826728571223724,-0.03937577180773328,-0.014497742511236922,development
2018-06-16,8.772680044458376,8.793686436845988,8.764411023939708,8.787244779628079,21.88459314549629,8.820620994865,-0.03788681627616257,0.004510601039243056,8.821730381554827,-0.02441583236767782,-0.010069769559070352,development
2018-06-17,8.786537620064312,8.793173544473404,8.779445144961707,8.779445144961707,21.855963872558547,8.815985299753677,-0.008852310086728193,-0.027687844705241105,8.817024138711236,-0.014230561118076433,-0.02334843263145281,development
2018-06-18,8.781105460797937,8.821900528596242,8.771320575890238,8.815046336296566,22.119312489756553,8.81161388484479,0.009980406974887232,-0.006547955523112492,8.812615447702067,0.01797323248568715,-0.015542343891187471,development
2018-06-19,8.816169760776575,8.827981252582493,8.811342295766348,8.820247494522805,22.123716988410035,8.807507258670533,0.028595945009684678,-0.01585570915741208,8.808507810843997,0.028797618680283025,-0.01705793500147479,development
2018-06-20,8.820368585015725,8.827843472332711,8.796623292260476,8.821223373093343,22.08132531930868,8.803678679342683,0.025637916484159484,-0.008093222733499772,8.8046968246828,0.03723135774428242,-0.02070480933373986,development
2018-06-21,8.821745632174077,8.826285413260875,8.812124413477086,8.814291823676903,21.98431721434177,8.800152110769293,0.011751003975555596,0.0023887089320542287,8.801179626023536,0.01397889911025266,-0.0008667014568857212,development
2018-06-22,8.815500597004393,8.816865109239371,8.700614159968879,8.713366689062774,22.34853970590857,8.796957802270002,-0.02711711949197528,-0.056473993715252746,8.797953767685899,-0.05029254229912195,-0.03429453632400303,development
2018-06-23,8.714419797022067,8.736299776978282,8.711412037130328,8.726234569664127,21.956222521287483,8.794126713139104,-0.004174982248866387,-0.06371716122611026,8.795022011083121,-0.051031319411052024,-0.017756122007941855,development
2018-06-24,8.726526585578625,8.73613268364488,8.670156336002558,8.727977477491265,22.242102654072912,8.791690359267994,0.010487371105306969,-0.07420025288203647,8.79238785365278,-0.041266944567408356,-0.023143431594107255,development
2018-06-25,8.727773387645096,8.752639965460281,8.719265115317302,8.740205562286668,22.428161234880275,8.789682909006231,0.01172790084839581,-0.06120524756795831,8.790049792734731,-0.03815056383645738,-0.01169366661160609,development
2018-06-26,8.740904550297216,8.746741811373514,8.715005793654685,8.715005793654685,21.9110360472113,8.788141412392797,-0.0030132752540371582,-0.07012234348407453,8.788007009873239,-0.03634381322911044,-0.036657402989442645,development
2018-06-27,8.713483381330823,8.729073550451737,8.70828453067507,8.725366019864932,21.91604216551804,8.787107496070215,0.00363462575734239,-0.06537610196262555,8.786261753062012,-0.03624371665677629,-0.0246520165403048,development
2018-06-28,8.724721075330722,8.727520590540903,8.678129335820293,8.683290500838991,21.966786242818717,8.786617185360528,0.009580510876023945,-0.11290719539756111,8.784814674794081,-0.017306692745715502,-0.08421748120937522,development
2018-06-29,8.682390610665474,8.742200629573649,8.671758071165149,8.735251805120562,22.101081862588664,8.786700290402033,0.026158810947647364,-0.0776072962291181,8.783668416578399,-0.0040175866106584,-0.044399024847178836,development
2018-06-30,8.734595527850972,8.77423713821346,8.734595527850972,8.764678074116606,22.237042757548842,8.78738190014939,0.03641008365175082,-0.059113909684533894,8.7828280261533,0.010998210316242898,-0.02914816235293749,development
2018-07-01,8.765876633508528,8.76917296910313,8.746603471940885,8.761835158658096,22.28943289238432,8.78868013207784,0.02662067215809138,-0.05346564557783573,8.782302389117712,0.012973967654825776,-0.03344119811444202,development
2018-07-02,8.760982917356202,8.807450923457193,8.749209296158446,8.796971134779401,22.204172418217084,8.790601899363104,0.04313443550525228,-0.03676520008895423,8.782108078828514,0.048156112113436025,-0.03329305616254885,development
2018-07-03,8.794318762964902,8.805580532657508,8.771486511722664,8.784099409271748,22.264919381858387,8.793138729002509,0.04372114902155292,-0.05276046875231266,8.782269392092623,0.07003475043248586,-0.06820473325335996,development
2018-07-04,8.787353162096618,8.820539918316012,8.7719067190302,8.794453617420602,22.15278488484835,8.796264591935987,0.03982718382903341,-0.04163815834441742,8.78281634958262,0.06298207570651977,-0.05134480786853679,development
2018-07-05,8.794780981745863,8.817229639174409,8.78670873244277,8.800737736645203,22.33255177643321,8.799933578199195,0.031025530034778218,-0.030221371588769586,8.783785078842403,0.05180952467282657,-0.03485686687002598,development
2018-07-06,8.800669924962492,8.81000308524087,8.784705689419967,8.805899738914206,22.18512209812941,8.80408421198768,0.034723590461464095,-0.03290806353493814,8.785211164262002,0.055651389624358547,-0.03496281497215392,development
2018-07-07,8.805181711058282,8.834044218381239,8.791674551695209,8.83301512435371,22.09978256871187,8.80864259977344,0.031302045797000966,-0.006929521216731516,8.787112241895633,0.05284780428056939,-0.006944921822492844,development
2018-07-08,8.833141941141552,8.837232596470917,8.81699847685648,8.82082930115673,21.942977153287337,8.813523847825387,0.017346416346588636,-0.010040963015246263,8.789456953322338,0.038839168896108736,-0.007466821061717255,development
2018-07-09,8.821006465309047,8.830350035272906,8.813489035190628,8.816074814121619,22.036486669422125,8.818638726944952,-0.007032252137140413,0.004468339313806524,8.792142222942408,0.01705053857429445,0.006882052604916922,development
2018-07-10,8.815697980567123,8.819922519048289,8.751588438717796,8.7530476470188,22.122582558124833,8.823901183983613,-0.05041657463831337,-0.020436962326499497,8.794989496583863,-0.02848338168755709,-0.013458467877505598,development
2018-07-11,8.753177153869473,8.771053702941268,8.753129795949635,8.763226358957835,22.016583766826145,8.829227282039021,-0.054773814241368596,-0.011227108839817035,8.797770571687677,-0.03288232029947924,-0.0016618924303610783,development
2018-07-12,8.76354998412725,8.763600056975049,8.721996776494258,8.736940591772688,22.0503859602,8.834536185943644,-0.06544364851808386,-0.03215194565287227,8.800266849221483,-0.04736394757689762,-0.015962309871897062,development
2018-07-13,8.737938635167682,8.749978084069093,8.73105221199758,8.738422881265404,22.059686964651565,8.839754338484775,-0.07171685477011723,-0.0296146024492554,8.802339040700678,-0.05606360663123212,-0.00785255280404229,development
2018-07-14,8.739936662709107,8.748017560145543,8.734273633575851,8.744507252771111,21.79610551918236,8.844810006126217,-0.058460116319502146,-0.04184263703560376,8.803944652734717,-0.03678701464893588,-0.022650385314669563,development
2018-07-15,8.743962194032578,8.76459374217226,8.741377763240518,8.757727072500629,21.912772500085524,8.849640430262964,-0.06470345348914781,-0.027209904273187036,8.805129539580195,-0.04343654796843473,-0.0039659191111312,development
2018-07-16,8.75731338319447,8.816074814121619,8.75731338319447,8.816074814121619,22.276302682398665,8.854194430092477,-0.0415872884345009,0.003467672463642657,8.805996595860991,-0.0194075448141016,0.02948576307472983,development
2018-07-17,8.81576325923381,8.907509498185803,8.80749731159442,8.89850767869329,22.50866348077527,8.858430391454606,-0.014850850006900316,0.0549281372455841,8.806661345207852,-0.01586372737742756,0.10771006086286583,development
2018-07-18,8.897726034166267,8.927312814974819,8.892950729077416,8.90527878487812,22.532113497327842,8.862309917895441,0.007159582357074196,0.03580928462560529,8.807220192310599,0.018743358743655215,0.0793152338238663,development
2018-07-19,8.906285011835667,8.921919354705249,8.895007510511373,8.918229823349211,22.35478413844978,8.865797532729415,0.007129848775775564,0.045302441844020436,8.807740090415862,0.009031472630550413,0.10145826030279892,development
2018-07-20,8.918302145514318,8.93520195417763,8.898810831052442,8.903017323249992,22.319997341612133,8.868861269048358,0.008197518495317866,0.0259585357063159,8.808259181884846,0.02268816167887578,0.07206997968627071,development
2018-07-21,8.902825621016689,8.914308891625957,8.890467030137001,8.911838649508132,22.038764788966247,8.871479124331971,-0.001516500301496894,0.041876025477657564,8.808793696020276,0.0012265462926660444,0.10181840719519109,development
2018-07-22,8.911637769952819,8.927705566615018,8.907046375018243,8.911730842951348,22.030370902403956,8.873642932811078,-0.022963824386947187,0.061051734527216794,8.809345953685373,-0.0425025220281012,0.14488741129407678,development
2018-07-23,8.911221138635065,8.958218474922953,8.910464266650674,8.950417407299874,22.358854810308124,8.875353491469086,-0.007843844564466906,0.08290776039525483,8.809907398611225,-0.03835233523625776,0.17886234392490685,development
2018-07-24,8.951117437939775,9.03887204890975,8.949689638575432,9.03887204890975,22.70807932146087,8.8766157329735,0.024164266615431366,0.13809204932081975,8.810465847790557,-0.028597104945765034,0.25700330606495925,development
2018-07-25,9.033562638477175,9.037993318060082,8.997933953662562,9.009617358556582,22.488920875208212,8.877438205341432,0.025665129800007156,0.10651402341514249,8.811014650134817,-0.014638933082295247,0.21324164150406055,development
2018-07-26,9.009062281842786,9.022845063741997,8.971919458916897,8.98112593984951,22.3123152944048,8.877829696536656,0.012494552291929795,0.09080169102092484,8.81155140673917,-0.021125591314090454,0.1907001244244313,development
2018-07-27,8.980977508521633,9.01950186745166,8.966963470783138,9.007613201484682,22.371131828674866,8.877800092874663,0.016460941975464417,0.11335216663455405,8.812076467343822,-0.027135630139366526,0.22267236428022663,development
2018-07-28,9.00810913337752,9.014672095736397,9.000948089581318,9.010931705387145,22.106743755863842,8.877363844436475,0.019927080695138495,0.11364078025553148,8.812592643469447,-0.012928060234942609,0.2112671221526412,development
2018-07-29,9.012598975735822,9.020662999301567,9.004690433253895,9.01413811782112,22.136004937468535,8.87653429861551,0.04496704736508768,0.09263677184052277,8.813102867531246,0.00985279347398849,0.19118245681588597,development
2018-07-30,9.01451769317861,9.016209357222731,8.976830778412795,9.009506105136964,22.43731598532689,8.875323001259869,0.05115777256734709,0.08302533130974865,8.813605743907408,0.020097163766590178,0.17580319746296702,development
2018-07-31,9.009594141939145,9.009634427392788,8.948576849906837,8.959368163260052,22.388617055250702,8.873743198312562,0.034478443058540524,0.05114652188894908,8.814092965344646,0.02356450067077954,0.12171069724462669,development
2018-08-01,8.957901888624875,8.957901888624875,8.923318107803038,8.939175818586522,22.291385798769365,8.871810490081543,0.042434801127696896,0.024930527377280853,8.814543163025272,0.05577343367751002,0.06885922188373961,development
2018-08-02,8.94039211392308,8.950632678297703,8.925778751313345,8.931571776462626,22.16170425568966,8.869543158308174,0.043789846280827764,0.01823877187362477,8.81491453007758,0.06542884288975677,0.05122840349528879,development
2018-08-03,8.930909516016802,8.930909516016802,8.899546589921462,8.913871829571637,22.25520696497558,8.86696090728411,0.04164297199582396,0.005267950291703016,8.815143571846978,0.06211446053872591,0.036613797185932384,development
2018-08-04,8.914447337920443,8.922323608054793,8.851387095178511,8.858347321990154,22.174502544139983,8.864085446474778,0.02820954192201506,-0.0339476664066396,8.815148826462986,0.046335005710765535,-0.0031365101835980624,development
2018-08-05,8.858095611410366,8.868240130605129,8.845157941062826,8.863400740019,22.025936712323066,8.860943115340902,0.036455951414085634,-0.033998326735988016,8.81484223296635,0.053630715540702464,-0.0050722084880536755,development
2018-08-06,8.86261666604557,8.877179619035626,8.837904741052254,8.846755869781457,22.090861461513477,8.857566155622308,0.019466535807441093,-0.030276821648291374,8.814150556109528,0.038614004785281694,-0.006008691113352782,development
2018-08-07,8.847693319587984,8.87438640928783,8.817037043802765,8.817759916622338,22.267162058783338,8.85399558194207,-0.002955554642960003,-0.033280110676773944,8.813049827654105,0.016318893982854847,-0.011608805014621026,development
2018-08-08,8.816831022802429,8.816831022802429,8.736524720597693,8.74922509285194,22.34550743149299,8.850279383985447,-0.02695621945828925,-0.0740980716752162,8.811594457327612,-0.003440725078577446,-0.05892863939709336,development
2018-08-09,8.749187072209818,8.798715830444806,8.740187903494437,8.789999665744581,22.174186215610327,8.84646689738842,-0.05051886216971461,-0.005948369474124249,8.809929400744917,-0.02900378128398459,0.00907404628364894,development
2018-08-10,8.79048521019766,8.793499772504875,8.72005566826067,8.72983538979009,22.233696343471166,8.842606367603977,-0.06019566805862307,-0.052575309755264144,8.808252796060962,-0.039429216952755496,-0.03898818931811654,development
2018-08-11,8.730010011349888,8.77272497277101,8.717523248231268,8.747626901629893,22.121451713156087,8.838745583576719,-0.06604739391346022,-0.025071288033366557,8.806755680219483,-0.046473249169544796,-0.012655529420046108,development
2018-08-12,8.74570628522007,8.765591163993841,8.738334740059774,8.75190002016483,22.457616861255822,8.834928875221228,-0.07323186379012835,-0.009796991266268762,8.805564806293145,-0.05356996465849097,-9.482146982264794e-05,development
2018-08-13,8.754848513863879,8.785241242522057,8.73644441182926,8.747919095739732,22.13033784032205,8.831198253519942,-0.06599911901766531,-0.01728003876254469,8.804718445010703,-0.046036586882392545,-0.01076276238857865,development
2018-08-14,8.746344286210823,8.746388782695742,8.694678037661092,8.73225778945507,22.39129336097929,8.827590802921565,-0.06337297573975381,-0.03196003772674061,8.80417447236007,-0.04304112455056291,-0.028875558354437558,development
2018-08-15,8.735753442960306,8.793079501704478,8.735753442960306,8.749656382858838,22.31157203944917,8.82413828787884,-0.04177832365870317,-0.03270358136130014,8.803848250721483,-0.021275763910401698,-0.03291610395224431,development
2018-08-16,8.747388616518286,8.775472199498703,8.744553464808645,8.753802468326706,22.188468416527165,8.82087031576881,-0.013971613022646542,-0.0530962344194581,8.803652871432964,-0.014299449571592512,-0.035550953534666974,development
2018-08-17,8.754777594856554,8.792169891370465,8.752260604493724,8.791885746637531,22.331300765859233,8.817820572266188,0.001570559665650503,-0.02750538529430635,8.803517590518098,0.013875581990554645,-0.02550742587112076,development
2018-08-18,8.792311191831445,8.797450281483524,8.756797317861007,8.767758858601061,22.10568269049082,8.815022686097654,-0.011399618739050195,-0.035864208757542926,8.803395239575996,-0.00806792828866095,-0.027568452686274725,development
2018-08-19,8.767573600703843,8.785383525180967,8.758027306680457,8.780490839222862,21.920567438500303,8.812504877098359,-0.008555179492800604,-0.023458858382696235,8.803257966233412,0.006110801959674213,-0.02887792897022301,development
2018-08-20,8.779635878347069,8.785221373575942,8.747976314905323,8.749657930764275,22.02212145731524,8.810282557409142,-0.014519164047641083,-0.046105462597225255,8.803094215292106,-0.009815835287492984,-0.04362044924033803,development
2018-08-21,8.748474711296305,8.779691311078569,8.748025545423802,8.777826692206768,21.94030687897257,8.808354635352426,-0.010959639448973801,-0.019568303696685163,8.80290258549735,-0.029204189736815916,0.0041282964462343585,development
2018-08-22,8.77743983068195,8.827143971269868,8.749908366318714,8.760407563236082,22.2640201160031,8.806706080114093,0.003911312240791382,-0.050209829118802674,8.802686001467789,-0.025259725173575227,-0.01701871305813185,development
2018-08-23,8.759565063026281,8.786691950741673,8.759565063026281,8.784909245323215,21.95471177516462,8.805312626586089,0.03384562732922583,-0.05424900859209991,8.80245168883093,-0.013585149384938967,-0.003957294122775679,development
2018-08-24,8.787452365828722,8.812837475314922,8.779348224304021,8.812837475314922,22.13372096217717,8.804151700210443,0.03547178081735219,-0.026786005712873262,8.802213485793033,0.0012980465154771373,0.009325943006411208,development
2018-08-25,8.812836022031396,8.82315170993599,8.810006072876973,8.819249942497722,21.920999216784207,8.803203410875458,0.023882387721926482,-0.007835856099662308,8.801992874228828,-0.005016067797296219,0.022273136066189636,development
2018-08-26,8.817984975400082,8.820957744698063,8.79796393556524,8.810945765929718,21.915823738760494,8.802444484986996,0.02373107776801159,-0.01522979682528991,8.80181445687548,-0.012897064680508802,0.022028373734746864,development
2018-08-27,8.811473418838606,8.837048142113384,8.808325798071845,8.837048142113384,22.114298952662292,8.801849894308896,0.0303726656126464,0.004825582191841704,8.80170021330592,-0.0014861045015779428,0.03683403330904156,development
2018-08-28,8.837983111954324,8.869195644511557,8.836713966713319,8.867325951763426,22.26226840967919,8.801394799609103,0.05290822916150813,0.013022922992815822,8.801664049120607,0.02351948223860444,0.042142420404214676,development
2018-08-29,8.866681769713702,8.869721522727604,8.849488118645414,8.860379999902886,22.145380907222272,8.801054768509577,0.052225253526266946,0.0070999778670426394,8.801707078693108,0.0263307570930806,0.03234216411669699,development
2018-08-30,8.8598973642645,8.863996159089401,8.829766384705543,8.850550579071205,22.219143037381397,8.800807785970283,0.03301564630473296,0.01672714679618892,8.801816078057799,0.026330219011247668,0.022404282002158382,development
2018-08-31,8.84993995636327,8.86179938921456,8.842194192274535,8.859019651139869,22.226376099754916,8.800635786520314,0.03558505022858049,0.022798814390975863,8.80196709725763,0.04936298961386703,0.00768956426837164,development
2018-09-01,8.860046462862154,8.887692739095565,8.859086394440748,8.88089836527617,22.138159802803614,8.800523174479004,0.03791087549766366,0.042464315299502786,8.802133340456315,0.057436813662678866,0.021328211157175758,development
2018-09-02,8.880388045393401,8.896493645409006,8.872369434703979,8.891885670419677,22.188727137982564,8.80045711391431,0.038231975750136975,0.05319658075523037,8.802290625908533,0.05616767155845023,0.03342737295269416,development
2018-09-03,8.892752861018115,8.898084138521698,8.8829675956868,8.890143380374155,22.13126297995417,8.800426781676284,0.023313139361803695,0.06640345933606717,8.80241832021399,0.03790033348398874,0.04982472667617621,development
2018-09-04,8.890548245606167,8.907647501231605,8.889506803176538,8.904040750960949,22.1757317603005,8.800418427527514,0.032816942357633334,0.07080538107580026,8.802495622674888,0.045883961026152414,0.055661167259907884,development
2018-09-05,8.904013556317636,8.907670565936984,8.823622934599035,8.823622934599035,22.481203061871113,8.800413092852095,0.011512138763510262,0.011697702983429537,8.802500266255846,0.02621215084776503,-0.005089482504576637,development
2018-09-06,8.818058995848984,8.818058995848984,8.764790531097267,8.784035096579322,22.432272123104074,8.800388650444724,-0.007721518208949665,-0.00863203565645243,8.802410246709991,0.006824533175084847,-0.02519968330575395,development
2018-09-07,8.783996806139752,8.788027642205964,8.763564105507887,8.774478398357534,22.173632986001376,8.800323006237189,-0.025765280556503237,-7.93273231511904e-05,8.802205972774518,-0.010273401342660088,-0.01745417307432362,development
2018-09-08,8.773410900145882,8.784812852830964,8.73190449423894,8.736486135448681,22.067450917275572,8.800193761422632,-0.027917283208663785,-0.03579034276528681,8.801871063316474,-0.011651894662786795,-0.05373303320500611,development
2018-09-09,8.736068427700424,8.771255360353356,8.732501360539825,8.748441389256708,22.023972353101275,8.799984828533242,-0.03870461010887484,-0.012838829167659327,8.801396332035205,-0.025481010593426272,-0.027473932185070993,development
2018-09-10,8.748554059752538,8.76013622962954,8.747155008000863,8.753008151457339,22.035402224931783,8.799684641466664,-0.036910900570106354,-0.009765589439219013,8.800777150288816,-0.025277847982057768,-0.02249115084942055,development
2018-09-11,8.753352450985219,8.763884492918322,8.741969003627535,8.751664373383521,22.071315608609236,8.79928714232938,-0.04692412698623066,-0.0006986419596284321,8.800014778371063,-0.04911388149167859,0.000763476504136662,development
2018-09-12,8.751001236884525,8.758391980229925,8.742748207849848,8.756493485585217,22.12549014035542,8.798793069830902,-0.043178800757894736,0.0008792165122102347,8.799118561015124,-0.047446432717256806,0.00482135728734967,development
2018-09-13,8.756877622424472,8.78499038705744,8.756877622424472,8.782217002153219,22.1609446135397,8.798206472204708,-0.03658837840296033,0.020598908351471934,8.798104083312039,-0.04054740958289826,0.02466032842407806,development
2018-09-14,8.781925443218151,8.794233859125288,8.77279152961581,8.781510925234834,22.128435925580433,8.797529133208684,-0.02435628670065285,0.008338078726803033,8.796991627881715,-0.031937273151641486,0.016456570504759682,development
2018-09-15,8.78100255000131,8.789008075458751,8.7785646254984,8.786181651222696,21.891497467805493,8.796760212547907,-0.009651211209433165,-0.0009273501157771591,8.795804853066956,-0.010271222082655402,0.00064802023839583,development
2018-09-16,8.78518469722081,8.786354316802715,8.77340009170304,8.782197073027083,21.90919584487101,8.795895682522614,0.0002626180537989046,-0.013961227549330602,8.794569867071568,0.005256903942711634,-0.01762969798719638,development
2018-09-17,8.781718205781393,8.785724548064358,8.741539222661578,8.745316355055822,22.087002679795255,8.794934429448771,-0.01626780524971256,-0.03335026914323613,8.793314020857055,-0.01821393047699891,-0.029783735324233618,development
2018-09-18,8.745270178260371,8.761578361789025,8.74284718269745,8.759558778771039,22.153598614590994,8.793886022583408,-0.01119653885389869,-0.02313070495847036,8.792064840410038,-0.01190993598111081,-0.02059612565788882,development
2018-09-19,8.759645145643363,8.771596615544308,8.733648803277088,8.763825124418437,22.211967858560318,8.792771492514424,-0.013887763936416228,-0.015058604159570166,8.790848387802633,-0.025548741360806024,-0.0014745220233898237,development
2018-09-20,8.763873581017283,8.784048856886212,8.763420287025465,8.782579028179065,22.193007105103387,8.791618828366094,-0.012371934064058007,0.003332133877028909,8.789687311822377,-0.017361224102979356,0.01025294045966696,development
2018-09-21,8.781689046583049,8.823843731290745,8.778997277936432,8.815065693865376,22.599969826617464,8.790459394436471,-0.010548686152168432,0.035154985581073106,8.788603564591487,-0.013582604892451517,0.04004473416634191,development
2018-09-22,8.815080483768867,8.826816787241306,8.797367118907257,8.813138030000342,22.229487599814316,8.78932156930577,0.009953208739324905,0.013863251955246625,8.78761575615158,-0.006056435380686748,0.03157870922944994,development
2018-09-23,8.81214673611801,8.819687504282934,8.8067864247361,8.811448097840179,22.157754947154206,8.788229094815057,0.010433760185636092,0.012785242839486344,8.786735651803193,0.0034138398147957145,0.021298606222190486,development
2018-09-24,8.810574495351242,8.811884649477067,8.79192677819001,8.794129255181184,22.15293333589143,8.787202249193731,0.00712942897939807,-0.00020242299194528357,8.78596711087044,0.0013355580384084203,0.006826586272337565,development
2018-09-25,8.79537631188358,8.79537631188358,8.76121484843352,8.771288006503601,22.276383102374734,8.78625754911652,-0.008452567526455578,-0.006516975086462651,8.785308248557019,-0.005152018331768311,-0.00886822372164886,development
2018-09-26,8.772267880446948,8.792687821179126,8.7637235489022,8.7787879291047,22.21331192053507,8.785406266948723,0.00660617331150479,-0.013224511155527807,8.784752216958125,0.004192121892223804,-0.010156409745649242,development
2018-09-27,8.778832583842844,8.81166716132547,8.774150587386647,8.806386621191947,22.250801480677918,8.784656307954428,0.019666107658212417,0.002064205579307199,8.784289557528204,0.027761933458810013,-0.005664869795067418,development
2018-09-28,8.806686123271982,8.822473962089843,8.794570323484322,8.801489019458423,22.335585593077127,8.784014467217938,0.02021923001044778,-0.002744677769962678,8.78390851191265,0.0255645903119463,-0.007984082766173017,development
2018-09-29,8.8013340157438,8.8013340157438,8.781348144259262,8.795121847717377,22.19658386687622,8.783482292640313,0.01852293510118269,-0.006883380024119035,8.783596087518628,0.014213868089842853,-0.0026881078910943046,development
2018-09-30,8.795538303955928,8.801436325241074,8.789742342471028,8.798690184488901,22.110130035927863,8.7830546176953,0.023387820847322202,-0.0077522540537202644,8.783335739794278,0.02264538760708498,-0.007290942912462128,development
2018-10-01,8.797828004868032,8.80286822185599,8.78707987265895,8.793250980463219,22.10980266891787,8.782718202902096,0.02294569820587359,-0.012412920644750969,8.783106821703205,0.0235205578593068,-0.013376399099293224,development
2018-10-02,8.793800196186455,8.796617236626988,8.785371276980353,8.788151207898474,22.10436170955876,8.782449160946266,0.033156421556096306,-0.027454374603888,8.78288578060385,0.03148621306893266,-0.026220785774308197,development
2018-10-03,8.787809447125984,8.790491303078424,8.77245998756872,8.779955814067032,22.080983238916538,8.782218140804684,0.02697914592183958,-0.029241472659490952,8.782650341508228,0.022606738625160102,-0.025301266066357186,development
2018-10-04,8.779235889725335,8.795326326384252,8.779235889725335,8.791286849267783,22.068324055559025,8.78199933104426,0.03076724271906872,-0.021479724495545582,8.782385392662567,0.03289238177364319,-0.023990925168426713,development
2018-10-05,8.79090055621549,8.798397344933836,8.788351010694063,8.798225198114098,22.02386613512831,8.781775568550781,0.01649313321940555,-4.350365608907225e-05,8.782086278358735,0.01312198765632719,0.003016932099036751,development
2018-10-06,8.798220700544144,8.79913985365213,8.791455592263379,8.793052154397696,21.904913274850006,8.7815347386942,0.002384235457040292,0.009133180246456263,8.781754679961251,0.018397275112950404,-0.007099800676504842,development
2018-10-07,8.793411835523987,8.801091650120524,8.788294566543588,8.79527182738254,21.91919538110635,8.781267142566685,-0.006973632327092,0.020978317142947844,8.78139364116252,0.018688022253716685,-0.004809836033695447,development
2018-10-08,8.794853706539804,8.806133480830969,8.791188025373199,8.802707412775918,22.104411968896944,8.780966205804601,-0.006495732423110263,0.02823693939442684,8.78100877981228,0.024520204047304678,-0.002821571083666541,development
2018-10-09,8.802835196044018,8.80408647625685,8.795875881781214,8.80126477443815,21.998854869029277,8.780626374629172,-0.00695012185064631,0.027588521659625442,8.780602887446983,0.02190607643710555,-0.0012441894459378489,development
2018-10-10,8.8009109220888,8.8009109220888,8.785533404435022,8.792630064244149,22.055011611222096,8.780244810289869,-0.000895225914182919,0.013280479868463146,8.78017540722358,0.020706741094178957,-0.008252084073609112,development
2018-10-11,8.792813851700929,8.792813851700929,8.739334678271517,8.74133468206331,22.368387445619458,8.779820841158239,-0.01323345623345726,-0.02525270286147041,8.779721566579239,-0.04047848341119928,0.0020915988952712183,development
2018-10-12,8.738615261832107,8.752818520232504,8.73816963063838,8.744261841920114,22.053915344363155,8.779353576924304,-0.00914191345461974,-0.025949821549570373,8.779234431400669,-0.04195593563047472,0.006983346149919356,development
2018-10-13,8.744819492656644,8.749654757436662,8.741905121621036,8.746078663745106,21.842996880225908,8.77884179007854,0.0012718523609177206,-0.03403497869435057,8.778707583244616,-0.04527182800750592,0.012642908507995543,development
2018-10-14,8.746476294492444,8.758288239859542,8.74514912892259,8.746864220478074,21.849921216963278,8.778289714072828,0.002218260296365136,-0.03364375389111984,8.778141914969115,-0.03269418978980337,0.001416495298760978,development
2018-10-15,8.747135997242218,8.848661509148732,8.741724607360633,8.79430055403936,22.72078801543786,8.777708039347221,-0.006270519306791397,0.02286303399893086,8.77754489883639,0.018492058273601588,-0.0017364030706321643,development
2018-10-16,8.79503856519247,8.805913201624213,8.790477631137225,8.794235339544418,22.128087502925595,8.777110370843605,-0.002880376067202559,0.020005344768016187,8.776926614887966,0.019613727932667212,-0.0023050032762146344,development
2018-10-17,8.793387534853695,8.79500823863634,8.782238504044665,8.78636961206339,22.13142442454107,8.776507013378067,-0.014903073074485228,0.024765671759809038,8.77629129855219,0.007276486250208738,0.0028018272609919848,development
2018-10-18,8.786048662037981,8.789894618077083,8.77184161736745,8.775967938343927,22.09039776605638,8.775892344662832,-0.00033874222523848363,0.0004143359063331076,8.77562071697466,-0.011510765330652737,0.011857986699920886,development
2018-10-19,8.776177878308566,8.778584702296948,8.77110802267228,8.774221731730302,21.998312945354773,8.775243875397399,0.00951591617032195,-0.010538059837418956,8.774870251276448,-0.033411720974238605,0.03276320142809119,development
2018-10-20,8.773526989424711,8.779206658207572,8.771680359010377,8.777892985421007,21.940884117155417,8.774526162433169,-0.012201332976444828,0.015568155964283292,8.773978911592009,-0.02201094042333191,0.02592501425232996,development
2018-10-21,8.77803165305378,8.788193882510821,8.775858314797526,8.776838393042098,21.903030986378482,8.77369509384751,-0.014028096340885542,0.017171395535473977,8.7728881221492,-0.006200264242657948,0.010150535135556638,development
2018-10-22,8.777408965684527,8.786273285669157,8.773845787625419,8.777580141670432,22.02423648734829,8.772702269823148,-0.004123706262837269,0.009001578110121145,8.771543750751968,-0.014586830272847278,0.020623221191311103,development
2018-10-23,8.775296060251867,8.7804816081081,8.77203229273268,8.775818201886775,22.035954023337343,8.771485081943023,-0.007615421485112692,0.0119485414288647,8.769867724444426,-0.011266133771634289,0.017216611213983768,development
2018-10-24,8.776304499522736,8.782934858954706,8.774755152955732,8.778917226980935,21.95427095394564,8.769964869173656,-0.006790899630090306,0.015743257437369707,8.767773204221648,-0.013347765226172523,0.024491787985459368,development
2018-10-25,8.777193109479843,8.780272569667368,8.771374805278233,8.77590310054571,21.89591823863253,8.768058483382152,-0.036212102819222276,0.04405671998278038,8.76514961700976,0.0034101968856002987,0.0073432866503502225,development
2018-10-26,8.774690236472926,8.779294350351426,8.771774921603855,8.775665275783743,21.91901996055029,8.765681346952018,-0.024735980379799058,0.034719909211522904,8.76188122566529,-0.013838439246185852,0.027622489364638625,development
2018-10-27,8.776605386503801,8.780696830549825,8.772382513589609,8.77653441154776,21.94505400143705,8.762749604721773,-0.02317764977782439,0.03696245660381159,8.75787035028929,0.010108735150894211,0.008555326107575922,development
2018-10-28,8.776886223008136,8.779908130544028,8.771511350466561,8.777461435690418,21.96024489257623,8.759180809839997,-0.0221088177745605,0.040389443624981425,8.753082903788892,-3.873270119496199e-05,0.024417264602721644,development
2018-10-29,8.778379854783644,8.780111163789977,8.749413858224209,8.753470892206353,22.15832893367281,8.754902482529475,0.008608595718637127,-0.010040186041759824,8.747533208748667,-0.007288743114498828,0.01322642657218509,development
2018-10-30,8.754167067592968,8.758567976661972,8.749913164004973,8.753729856439389,22.05328080979956,8.74985315016171,0.014446156937342487,-0.010569450659664525,8.741273963237575,-0.0033315109267181703,0.015787404128532856,development
2018-10-31,8.75415920821455,8.756077824242121,8.750980675837434,8.751096229376277,22.156262470057406,8.743990961716424,0.004905451838142844,0.002199815821709805,8.734361345880256,-0.009292901889663559,0.02602778538568451,development
2018-11-01,8.75118016171117,8.786783612977555,8.7501809416944,8.760575319692643,22.05547353242643,8.737301909449046,0.021900127298787483,0.0013732829448098727,8.726797386477093,0.0013516623342506324,0.03242627088129879,development
2018-11-02,8.760754070784888,8.763562502535178,8.752641508912346,8.762245376875816,22.166618468239264,8.72979472452107,0.023608218294469192,0.008842434060275295,8.718554284534294,0.0015359478194767687,0.04215514452204516,development
2018-11-03,8.762057565818072,8.76406417928825,8.755007813061153,8.757981713134718,22.020357330878856,8.721490912262247,0.018997444468269026,0.01749335640420213,8.709611015010658,0.016358743629582298,0.032011954494477024,development
2018-11-04,8.75864338336107,8.762275108575277,8.747442608003634,8.760316590871104,22.20259962005956,8.712424175296732,0.020195789765735314,0.02769662580863752,8.699966885395163,0.0001927694155573357,0.06015693606038397,development
2018-11-05,8.758352695187009,8.77656681051241,8.758352695187009,8.767120460080397,22.152332290149705,8.702636001688905,0.009344851848733392,0.055139606542757846,8.689662321125175,0.026044122269648834,0.051414016685573216,development
2018-11-06,8.769255321898171,8.773933951271788,8.765327481569456,8.773540895087747,22.27083685647727,8.692169495589638,-0.0005226932323316773,0.08189409273044035,8.67878683590727,0.029678330431613904,0.06507572874886414,development
2018-11-07,8.774699521357956,8.787550069068104,8.774670156932082,8.78418368253025,22.320886196554905,8.681070575697595,0.0044195328072884925,0.09869357402536671,8.667446740496985,0.05398103544893908,0.06275590658432684,development
2018-11-08,8.78297775690286,8.785221373575942,8.770055498780641,8.772412021036976,22.263409404097757,8.669384876454457,0.010164889700326182,0.0928622548821938,8.655758819617008,0.050152984693895376,0.06650021672607309,development
2018-11-09,8.770687479542024,8.772836452919998,8.759883669416444,8.76180388465909,22.192710380458294,8.657154019422768,0.020864456475575218,0.0837854087607468,8.643821124633272,0.04808654227875103,0.06989621774706656,development
2018-11-10,8.761883711777577,8.76986133623154,8.761755327820113,8.76549289118854,22.03303546200527,8.644414177529432,0.006064302315527232,0.11501441134358004,8.631696468268215,-0.0017076110844229352,0.13550403400474842,development
2018-11-11,8.766180674035587,8.767679499122154,8.756236850898791,8.765812661334595,22.094207953365498,8.631198112397556,-0.002299218363260215,0.13691376730029958,8.619413641834194,-0.035876875269368516,0.18227589476976824,development
2018-11-12,8.7658890467144,8.769384340309733,8.757857586777346,8.759554103889847,22.180896654777495,8.617537107379254,0.009128190281289358,0.1328888062293032,8.606978057037097,-0.04393472507403016,0.19651077192678024,development
2018-11-13,8.75985539888711,8.763313936733748,8.755055082127571,8.75770350123504,22.228187322046548,8.603455654952638,0.00026985491140718836,0.15397799137099533,8.594382306943013,-0.0299250936584344,0.19324628795046195,development
2018-11-14,8.756405385256691,8.759598016462402,8.620487746366136,8.654927008622176,22.724602583788155,8.588971403276144,-0.019869477772515173,0.08582508311854653,8.581612030311994,0.015439142957497844,0.057875835352684035,development
2018-11-15,8.654543515480519,8.661262335595927,8.586416947740567,8.639062052707331,22.673756906260795,8.57410184761967,-0.01575830322544636,0.08071850831310812,8.568648729007268,0.02593785953859288,0.04447546416147041,development
2018-11-16,8.638582131134752,8.64065253431515,8.612310614644207,8.626146211196655,22.38706313868134,8.558865277138088,-0.0206415626100531,0.08792249666861984,8.555469840987307,0.015604213914628809,0.05507215629472029,development
2018-11-17,8.626689556685069,8.626689556685069,8.616053436638449,8.622333096781402,22.182613149828104,8.543283117659175,0.00513151822812259,0.07391846089410414,8.542047585392574,-0.014973689036998456,0.0952592004258257,development
2018-11-18,8.623306665649594,8.640049533927266,8.623306665649594,8.634716644761825,22.14870398542433,8.527376773043304,0.025287683267159942,0.08205218845136031,8.528350041402405,-0.03316517592995504,0.139531779289376,development
2018-11-19,8.634225685041958,8.634225685041958,8.48527109091998,8.491155172142047,22.67481150530521,8.511168470113637,-0.004880111858155042,-0.015133186113434505,8.51434913911879,-0.025241280490077383,0.0020473135133336484,development
2018-11-20,8.489602068279806,8.507468027537083,8.359863097303737,8.401079537890798,22.854859741527505,8.494690289559097,0.004835206162145,-0.09844595783044419,8.500047165246466,0.00621101810758406,-0.10517864546325129,development
2018-11-21,8.404145435380912,8.4501405749879,8.376546252947534,8.434283193425172,22.534847541284947,8.477989483645324,0.0010917411031183735,-0.044798031323271204,8.485535691712531,-0.01849087082490012,-0.032761627462459586,development
2018-11-22,8.436323603838387,8.440234419869533,8.381520109754993,8.381588780945645,22.24264117698855,8.461132379948703,-0.0023084013853700764,-0.07723519761768749,8.471034803745512,-0.012768453896088407,-0.0766775689037793,development
2018-11-23,8.38038791863254,8.388545834619288,8.341810745448194,8.377266503961353,22.306665682277014,8.444204364056652,0.0007715753923263785,-0.06770943548762531,8.456915872372235,-0.01250270071212984,-0.06714666769875244,development
2018-11-24,8.377399934980799,8.392330368001804,8.241481826491375,8.263786292301539,22.266457103775284,8.427300631804853,-0.024907837621065413,-0.13860650188224888,8.443648520626338,0.011696317894268211,-0.19155854621906698,development
2018-11-25,8.26379145081387,8.323819613491978,8.184530505752528,8.296539031743897,22.64395194666131,8.41052723629741,-0.02601703488030772,-0.08797116967320484,8.431668058825407,-0.017063464080720445,-0.11806556300078874,development
2018-11-26,8.297810077785249,8.320482234874312,8.200815282836523,8.237249072433382,22.591507837935836,8.394000333454187,-0.03183364218915449,-0.12491761883165076,8.42120189742729,0.0016966468834401947,-0.1856494718773476,development
2018-11-27,8.233755419431498,8.259188997870138,8.20549434734212,8.248194157925381,22.514811950249044,8.377845400991548,-0.03723330596740836,-0.09241793709875878,8.412159459056003,-0.013592870578718599,-0.15037243055190253,development
2018-11-28,8.248652081918861,8.38615010655598,8.248652081918861,8.356418603669411,22.7084351600912,8.362189728586326,0.010205972928493935,-0.01597709784540946,8.404175698426833,-0.01138539814424037,-0.03637169661318218,development
2018-11-29,8.35913591627254,8.39231465643754,8.329842643296612,8.36143878497329,22.59558292249056,8.347154430249434,0.007444828601843044,0.0068395261220128845,8.396790318174167,-0.016070847318643104,-0.01928068588223475,development
2018-11-30,8.363829604050423,8.371699463186362,8.279651994892863,8.298357486742486,22.5229962400394,8.33284468562674,-0.004055358890644855,-0.030431839993610765,8.389624651104334,-0.021778134423272158,-0.06948902993857686,development
2018-12-01,8.300147101493696,8.368548727420954,8.2864484977261,8.346327020430634,22.405082845345838,8.319350454993048,0.009854462868166821,0.017122102569418374,8.382493151064159,-0.01570867944550359,-0.02045745118802067,development
2018-12-02,8.34301440759884,8.36672361856022,8.321416360905143,8.328421580877407,22.38390964018848,8.30674529753947,0.01572576507599218,0.005950518261945703,8.375361402362953,-0.010142336225762149,-0.036797485259784324,development
2018-12-03,8.33021852086005,8.332303417654488,8.253343859922374,8.26722579065769,22.350459380066777,8.29508481779504,0.011026737210033133,-0.038885764347382334,8.368269768454857,0.008725014229582426,-0.1097689920267495,development
2018-12-04,8.265211520521339,8.312780047187275,8.251337840190564,8.283214602258516,22.33830189846265,8.284401744521999,0.01618171760967337,-0.017368859873155174,8.361271259764212,-0.005297490395453481,-0.07275916711024344,development
2018-12-05,8.283720168071426,8.286404462313364,8.230575851402314,8.230575851402314,22.391440769621024,8.274709214382135,0.007383501447946032,-0.05151686442776615,8.354406716843187,0.0217618988703424,-0.14559276431121582,development
2018-12-06,8.230597052591712,8.26229218407168,8.166529232965956,8.166529232965956,22.494539073973687,8.266004851843382,-0.0048205033218230095,-0.09465511555560191,8.3476976231717,0.02561021888448283,-0.20677860909022527,development
2018-12-07,8.16410903060669,8.16410903060669,8.095668442848636,8.137377483689527,22.64541234681406,8.258271555085507,0.010731154804376827,-0.13162522620035766,8.341143248660199,0.06117353217257061,-0.2649392971432434,development
2018-12-08,8.137954270590935,8.162243460441442,8.116909825363951,8.15367049677254,22.39192022690933,8.251481948749337,0.012686666929186841,-0.11049811890598349,8.334735129636238,0.05535181835403336,-0.2364164512177318,development
2018-12-09,8.152839567154249,8.212108749351678,8.151648812354587,8.192635321013958,22.322122534858085,8.245600307539897,0.025416175038462586,-0.07838116156440122,8.328491919553281,0.059133093606246453,-0.19498969214557071,development
2018-12-10,8.192029756923958,8.201751362961668,8.151951523658516,8.161276818546849,22.336888728327338,8.240583161604178,0.0252406742760798,-0.10454701733340954,8.322495982937806,0.02214376042284449,-0.18336292481380134,development
2018-12-11,8.159819342729042,8.164278329215975,8.129248697026062,8.138736490910663,22.270139851044814,8.236378705467123,0.0006892677968635011,-0.09833148235332345,8.316858155922095,-0.024823667270721928,-0.15329799774070985,development
2018-12-12,8.137822128652175,8.170250312928355,8.135488001073824,8.156782763522314,22.143808190307855,8.232928742202255,0.010655468363200415,-0.08680144704314152,8.311678820974866,-0.0353462716189539,-0.11954978583359832,development
2018-12-13,8.157049207309509,8.15758237114993,8.101111550831876,8.105813802175495,22.19191694712583,8.23016874429508,-0.002253734378154219,-0.12210120774143007,8.307001004407356,-0.024045765246239807,-0.1771414369856199,development
2018-12-14,8.105232619282624,8.110594213120164,8.072948450496554,8.084095247868214,22.198661063553608,8.228027524124485,-0.03260313107552799,-0.11132914518074344,8.302768940477225,0.0067296743990039026,-0.2254033670080151,development
2018-12-15,8.084561662768929,8.094188539884744,8.068184722665245,8.082328639539293,21.99071009510855,8.226427092967786,-0.021930654430895483,-0.12216779899759622,8.298890279324795,0.021835638034487403,-0.23839727781998832,development
2018-12-16,8.082178150349197,8.103419615581673,8.081419325536167,8.08728346659668,22.04348689842518,8.225288802758426,-0.02529310533166662,-0.11271223083007875,8.295289958748818,0.012330666327847758,-0.22033715847998536,development
2018-12-17,8.087370751457332,8.188110615195546,8.087370751457332,8.173537343210707,22.411375903320366,8.224542611148586,0.0042510502634275135,-0.05525631820130528,8.29193714661545,-0.011103382096797851,-0.10729642130794481,development
2018-12-18,8.173226151794175,8.216452725391141,8.156845565429771,8.21502241802342,22.50013591969875,8.224137124935478,0.026008820086947427,-0.035123526999004895,8.288810152023013,-0.03128243901753465,-0.04250529498205857,development
2018-12-19,8.217930980832646,8.281299450294332,8.212630772204227,8.2284307179414,22.6417591443524,8.224042884106764,-0.0018976857522631741,0.006285519586899824,8.28585215370824,-0.02436608724164937,-0.0330553485251901,development
2018-12-20,8.227427634817946,8.340749171850211,8.223888571091546,8.327107509094208,22.912360710947592,8.224241426964644,0.019419898652189092,0.08344618347737587,8.283039441877003,0.014264747738900909,0.029803319478304502,development
2018-12-21,8.326929042702952,8.342465850549958,8.256074186431226,8.267845208670485,22.69818202898129,8.224713101751252,0.007725086507576521,0.035407020411655665,8.280345235284395,-0.014830849694130923,0.0023308230802197016,development
2018-12-22,8.268240362648452,8.297589023338855,8.257317970348547,8.297589023338855,22.447071757618563,8.225439605238307,0.006936503546230228,0.06521291455431744,8.277770405018067,-0.008980034811434721,0.028798653132222185,development
2018-12-23,8.299284571159003,8.315254135547216,8.288133615386332,8.293794663848345,22.539925294171642,8.226402386128612,0.010696000193466844,0.056696277526265604,8.275335805052855,-0.007085404512581502,0.025544263308072246,development
2018-12-24,8.294132583412136,8.359788802681114,8.294132583412136,8.313508855743097,22.70302080539197,8.227579865194562,-0.0084471100515052,0.09437610060004076,8.273072126610266,0.021150838593214854,0.01928589053961538,development
2018-12-25,8.314104813446946,8.316193036199293,8.232179690624385,8.246824565328488,22.541051548434925,8.22893851580877,-0.010130288692521458,0.02801633821223959,8.270987728818927,-0.013009738092014713,-0.011153425398424233,development
2018-12-26,8.247918459051645,8.267027719146796,8.234794144510646,8.257722115459687,22.39596919531412,8.230434120266667,-0.026055570550897744,0.053343565743919186,8.26904584557597,-0.0015930673178196088,-0.009730662798462575,development
2018-12-27,8.257045472615385,8.262150476790739,8.201234678300395,8.203805816016253,22.358414841583425,8.23200796372036,-0.03218400367510278,0.003981855970994985,8.267164948611613,-0.01800560852972342,-0.04535352406563753,development
2018-12-28,8.203340115933276,8.283023066772637,8.200461798221836,8.274846102071033,22.451651324297757,8.233589109988683,0.015757171131076473,0.025499820951273122,8.26524279996018,-0.00882132202460114,0.018424624135453982,development
2018-12-29,8.277028524059258,8.284948043194785,8.248112683050676,8.248112683050676,22.331033538955293,8.235107442199768,0.005161902318597968,0.007843338532310895,8.263204720285898,-0.021084585421007933,0.005992548185785651,development
2018-12-30,8.248629791109439,8.269221183135226,8.2420242983595,8.259963408529236,22.285733429249955,8.236497825495485,-0.005480351610564128,0.028945934644314164,8.261020612005389,-0.027720168458180983,0.02666296498202847,development
2018-12-31,8.260192685104313,8.260684906382766,8.223054971355204,8.227562672374662,22.26267623004431,8.237694495372924,0.005189033839082379,-0.015320856837345076,8.258687983142448,-0.02319288854266567,-0.007932422225120916,development
2019-01-01,8.228634302406478,8.256065754442186,8.218040569967684,8.254143897569689,22.187493218298037,8.238636257531278,0.010041821415896122,0.005465818622514718,8.256228244563538,-0.01818760092046413,0.016103253926615935,development
2019-01-02,8.255624850457577,8.280959638890566,8.247327310288716,8.279800964145206,22.380513783283927,8.239272390890974,0.0065118351861294405,0.034016738068102015,8.253671511854755,-0.0009061228473950579,0.02703557513784638,development
2019-01-03,8.27666148454162,8.277840239472766,8.249633407581813,8.252378642311719,22.234035285246566,8.239563183052988,0.006406808861602716,0.006408650397128568,8.251043175738818,-0.01784189314485021,0.01917735971774981,development
2019-01-04,8.25115258762698,8.259958735155319,8.238498282490497,8.257830973833395,22.30182496275076,8.239483343780911,-0.0024187575626105117,0.020766387615093862,8.248359084869588,0.009529217651741242,-5.7328687933733136e-05,development
2019-01-05,8.256340991223162,8.269988241479197,8.252420065931258,8.254579486641099,22.35985379366923,8.239022531350212,-0.016381742587747078,0.03193869787863335,8.2456296087366,0.011970968294724993,-0.003021090390225467,development
2019-01-06,8.252320735244135,8.317106125453696,8.24970927169027,8.313026575628168,22.44550147964869,8.238182025295393,-0.0025384465192655062,0.07738299685204097,8.242863647812033,0.049872879800599255,0.02029004801553569,development
2019-01-07,8.31350538395679,8.316939048628418,8.29925955564235,8.300341875155056,22.37741429616817,8.236967493902226,-0.0047858239226801595,0.06816020517550925,8.24006727548975,0.04222104313043977,0.01805355653486629,development
2019-01-08,8.301142468418407,8.32094007862942,8.293288180765439,8.301732029832712,22.392215904352753,8.235389519690408,0.007468283721518506,0.05887422642078555,8.237242944183931,0.05067287137700196,0.013816214271779259,development
2019-01-09,8.301906692962884,8.311005956771114,8.29969936083147,8.302835032033695,22.35562019547187,8.233467088915578,0.021489004105892433,0.0478789390122234,8.234388889083995,0.0639315105806702,0.00451463236903038,development
2019-01-10,8.302615690756557,8.309939389222263,8.204992871178325,8.210375749594185,22.651032934125286,8.231225348509858,-0.009565732540597114,-0.011283866375075391,8.231500353135308,-0.014188451470785228,-0.006936152070338153,development
2019-01-11,8.2090404522116,8.21983292557453,8.203323140765361,8.212667519711468,22.435027976054688,8.22869768037796,-0.00152283457306732,-0.014507326093424311,8.228571798939928,-0.029863233163568405,0.013958953935109264,development
2019-01-12,8.212561114508134,8.215811917524851,8.20352595426173,8.20557383454193,22.287323649965614,8.22593518901791,-0.01797938124982726,-0.002381973226153633,8.225601035283317,-0.014933474669584588,-0.0050937260718022515,development
2019-01-13,8.204909133760633,8.209243106113217,8.173272915765502,8.175534402857725,22.266842213070866,8.223003327173684,-0.039979201395422055,-0.0074897229205372895,8.22259646669325,-0.006355514793985,-0.04070654904154125,development
2019-01-14,8.176760211195536,8.223583232243412,8.175346381295167,8.217722504425373,22.455166394741582,8.21997464913493,-0.028963353213401693,0.02671120850384412,8.21957851002624,0.0105230976327262,-0.01237910323359337,development
2019-01-15,8.217226992819029,8.221520161471638,8.194215276820872,8.197173941086728,22.434753404724155,8.216918511362222,-0.032376069843459136,0.01263149956796461,8.216578674057423,0.0016399553440264781,-0.021044688314722393,development
2019-01-16,8.197403754289475,8.21223666434483,8.195519450124896,8.203853242496768,22.40863780890706,8.21389264362806,-0.007770038947064623,-0.0022693621842275746,8.2136374585463,-0.02036629677779998,0.01058208072826794,development
2019-01-17,8.202994943720588,8.210704983197633,8.19477085373584,8.210277728102472,22.421523893297856,8.21094032563193,0.007900286933608114,-0.008562884463065856,8.210794310333222,-0.029458278829437065,0.028941696598687727,development
2019-01-18,8.210121816525788,8.211352584846107,8.198936663876799,8.204627911912114,22.333295919613104,8.208088809060497,0.000414221414380969,-0.0038751185627639018,8.208079946406242,-0.01883401599578395,0.015381981501656483,development
2019-01-19,8.203133722121803,8.231784119606795,8.203133722121803,8.223779620998428,22.507613133938076,8.205351957306965,0.03984419455026475,-0.021416530858800797,8.205514343840191,0.029604310436202055,-0.011339033277964816,development
2019-01-20,8.222941867269126,8.227746346402329,8.183961168308796,8.1889706603648,22.4429006717261,8.202739211576958,0.019373029870143985,-0.03314158108230103,8.203112272884585,0.0014233524637211298,-0.015564964983505902,development
2019-01-21,8.188792675471497,8.191141897269407,8.17710481495529,8.18200921650945,22.333572783660813,8.20025602772398,0.023664799697044676,-0.04191161091157625,8.200885176437925,0.00878056063236483,-0.027656520560841003,development
2019-01-22,8.181743195848556,8.194435521677207,8.171803312636088,8.189959746861529,22.39353984191779,8.197910903939366,0.022443690369902763,-0.030394847447739792,8.198847849794369,0.008484340422320718,-0.017372443355160527,development
2019-01-23,8.190231581190375,8.195076424089745,8.179007397694276,8.184548075178322,22.415896380064297,8.195720168049359,0.01800078603157614,-0.029172878902613775,8.197020549126202,0.02603313197819046,-0.038505605926070885,development
2019-01-24,8.184374341363785,8.193147892127035,8.180066717268318,8.18892950638348,22.383942161192042,8.193711784719385,0.012902169435713772,-0.01768444777161804,8.195427290164693,0.003199235027788852,-0.009697018809001534,development
2019-01-25,8.190739903769163,8.192273729286935,8.181887549418828,8.188624085940354,22.384507945835374,8.191917896369887,-0.010988982038669094,0.007695171609135798,8.194092041352096,-0.005979684490659795,0.000511729078917611,development
2019-01-26,8.188610046873208,8.203833069690807,8.186839066085563,8.189372349048664,22.352150084977048,8.190375420519112,-0.0160671281319548,0.015064056661506342,8.193034527710713,-0.018341153063220303,0.014678974401171274,development
2019-01-27,8.189990293112531,8.192202774063482,8.179549106448876,8.184225237218987,22.44079606433454,8.189121691621025,0.00915506987880841,-0.01405152428084655,8.192263982125029,-0.004410781395017865,-0.0036279635110236796,development
2019-01-28,8.184313789667206,8.185002051369903,8.143003734222122,8.152039674026465,22.656080684743745,8.188187738893433,-0.006074363004687144,-0.03007370186228009,8.191785777953443,-0.019468636415405128,-0.020277467511572667,development
2019-01-29,8.151584205219523,8.15365630956831,8.131771806244245,8.145583547391738,22.497736630232907,8.187598128862186,-0.010990029946533725,-0.031024551523914923,8.191603039115407,-0.022801189285352016,-0.023218302438317906,development
2019-01-30,8.144358950175654,8.159138669153933,8.140137080796828,8.156562330574483,22.50751595275702,8.18737238964541,-0.011397698978036098,-0.019412360092889713,8.191716941616514,-0.02466345563736591,-0.010491155404665164,development
2019-01-31,8.156340728067109,8.161890143711664,8.145525203120938,8.148385723729541,22.486488351695286,8.187520961259526,-0.007559275116865478,-0.031575962413119996,8.192123828179103,-0.019827241620966697,-0.023910862828595114,development
2019-02-01,8.149181982429646,8.161076406534896,8.140779442161802,8.157068106293574,22.413901489685426,8.188045579871439,0.009728021400888428,-0.040705494978753975,8.192816785560765,0.002441837544537315,-0.03819051681172958,development
2019-02-02,8.156115993762143,8.167149740158326,8.151210696873985,8.16651758427156,22.34692684036542,8.18894211069866,0.002516846328990619,-0.024941372756090985,8.193787798494816,-0.012624006040194001,-0.01464620818306095,development
2019-02-03,8.16511897587754,8.1666105613031,8.145527681426667,8.15018314611823,22.341452880864672,8.190195728613366,0.0012705583437584442,-0.04128314083889428,8.195025705125417,-0.0009740593054659965,-0.0438684997017198,development
2019-02-04,8.151105996604764,8.153701890812998,8.14397847763341,8.148779344805796,22.39712705519355,8.191774896463379,-0.004374458929124913,-0.038621092728458706,8.196507767886601,-0.004652710587664158,-0.04307571249314179,development
2019-02-05,8.147563532917113,8.154255302689656,8.146690805223402,8.150859587290027,22.37720846717528,8.193634441555254,0.008370714757097284,-0.051145569022324366,8.198202143666506,0.021774267302043175,-0.06911682367852201,development
2019-02-06,8.151648108712457,8.151648108712457,8.13110868921281,8.135571893426063,22.424771594676486,8.195729357015848,0.0034275583374865914,-0.06358502192727222,8.200077411101855,0.010875909276357027,-0.07538142695215022,development
2019-02-07,8.135912110883691,8.139716397736244,8.129828823804361,8.131375310294956,22.333695793941544,8.198020655715922,0.011203144647034861,-0.07784849006799988,8.20210732975424,0.024264502790671993,-0.09499652224995536,development
2019-02-08,8.131935471324638,8.214901993866464,8.128887125881848,8.207069246177872,22.769101873900205,8.200478175679814,0.026538123881421516,-0.019947053383363667,8.204271272981252,0.040827902017800066,-0.03802992882117984,development
2019-02-09,8.2083789833997,8.210652108753607,8.201539351591272,8.208274847227013,22.541153253382337,8.203081207666859,-0.0011111976378769149,0.006304837198031876,8.206554690700422,0.0019400900415440844,-0.00021993351495197544,development
2019-02-10,8.20881888123423,8.214745612224881,8.200008149670891,8.21343274711565,22.560995132482965,8.205810824397329,-0.00339444861951108,0.011016371337833064,8.208946576252508,-0.0008490593639380378,0.005335230227080601,development
2019-02-11,8.214901729498994,8.214901729498994,8.200367291211755,8.202052399050862,22.560166987001306,8.2086443484683,-0.014785873115295351,0.008193923697858096,8.21143642722889,-0.005106023459013918,-0.00427800471901385,development
2019-02-12,8.200494706027236,8.207561829845595,8.193830574785075,8.203448709457177,22.592045687062303,8.211555569773463,-0.024650365759526616,0.016543505443241457,8.21401421308578,-0.015241270615308397,0.004675766986704133,development
2019-02-13,8.203469357775598,8.207877887438313,8.193468335245402,8.197558166019276,22.58562414891009,8.214516577469903,-0.0137798332257917,-0.003178578224835249,8.21666561721483,-0.00018680938728574906,-0.018920641808268357,development
2019-02-14,8.197310235091761,8.20145632906511,8.190825106609221,8.193367292233479,22.559208751722522,8.217503733864774,-0.018106541673755135,-0.006029899957541218,8.219374025277569,-0.0065499135809213935,-0.01945681946316924,development
2019-02-15,8.193502081340888,8.201878199946718,8.190966125386606,8.194453255155432,22.5302344308455,8.220498818003726,-0.007849032199772989,-0.018196530648520337,8.222120416821449,-0.007764087622889447,-0.019903074043126523,development
2019-02-16,8.192921893624066,8.203260584570543,8.192921893624066,8.196929412599289,22.504089739057072,8.223488827787953,-0.0029159804434512404,-0.02364343474521391,8.224888715452614,-0.0072595066472120875,-0.020699796206113064,development
2019-02-17,8.197912946954633,8.210814040611774,8.194003348078045,8.208991676321531,22.6748047581278,8.226468156309688,0.0012417833581299656,-0.01871826334628679,8.227672219673758,-0.002492482875146056,-0.016188060477080768,development
2019-02-18,8.208320133801358,8.278089207060045,8.20794215139137,8.272753057935791,23.01663021359488,8.229438466177552,0.03275706064919056,0.010557531109048668,8.230471766193387,0.029576519126424523,0.012704772615979465,development
2019-02-19,8.271717529714179,8.296765796756528,8.270820182303433,8.280735013050528,23.0191914704812,8.23240643852805,0.014290599769367997,0.03403797475310988,8.233291824724734,0.011312799542796372,0.0361303887829969,development
2019-02-20,8.280631279978623,8.294171214711536,8.275439242447563,8.294004778345753,22.885826957373386,8.235378841975777,0.015475603926284092,0.04315033244369282,8.236136829242666,0.012367016942436032,0.04550093216065143,development
2019-02-21,8.294113847040718,8.29654889461201,8.278963452169036,8.282512887957772,22.774195771146072,8.23835550421665,0.01297956504096618,0.031177818700156124,8.23900545547584,0.01177947534244105,0.031727957139489504,development
2019-02-22,8.282079911371781,8.295682888126063,8.281677521602044,8.295430339248131,22.780784475144817,8.241328041593807,0.016215530771825856,0.037886766882499145,8.241888832847117,0.019090722284335927,0.03445078411667879,development
2019-02-23,8.293778668392509,8.33478030237162,8.286200618718414,8.329061232079946,22.91181492604663,8.244280766245595,0.011093045095761964,0.07368742073858847,8.244768199145685,0.006921834188600847,0.07737119874565934,development
2019-02-24,8.329768557966917,8.34537031458974,8.241099443283137,8.2454966639263,23.10227733299793,8.247192964324062,-0.018855475847146516,0.01715917544938428,8.24761912308869,-0.01849281792259671,0.016370358760207537,development
2019-02-25,8.244597397569578,8.272240355940978,8.244597397569578,8.264285111117688,22.955299280046592,8.250041763798665,-0.01461420002509695,0.028857547344120604,8.25041551416315,-0.01391172012507416,0.027781317079613288,development
2019-02-26,8.263254620053024,8.266570230102651,8.252703114289284,8.256959711813437,22.79407258045164,8.252807225148015,-0.01612499528233024,0.020277481947752918,8.253135182686158,-0.01551455942057561,0.019339088547853933,development
2019-02-27,8.25776933108029,8.26585654603139,8.239344964617645,8.256100432622684,22.83967913267439,8.255475794926857,-0.029102933287404528,0.029727570983231644,8.255762806762117,-0.02684276654289626,0.027180392403463927,development
2019-02-28,8.255376887171119,8.270284049881113,8.254742458350444,8.257070616484228,22.851469899437415,8.258039060161469,-0.033549822718097186,0.03258137904085601,8.258291441447987,-0.03260812715448694,0.03138730219072805,development
2019-03-01,8.256803816370258,8.270728660205792,8.256267910694845,8.258314617265555,22.759440728577527,8.260493064334545,-0.03588576247597137,0.03370731540698024,8.260721840184546,-0.034276580043148056,0.031869357124156394,development
2019-03-02,8.257208802696594,8.262199626203584,8.251175523189028,8.259565601313662,22.748618875622572,8.262840447386004,-0.03493506685828719,0.03166022078594466,8.263061835288303,-0.03222116393015663,0.028724929955515677,development
2019-03-03,8.25900936610397,8.262425745095964,8.252421529611748,8.25509459471594,22.704757965144154,8.265089510628911,0.0072090587520644445,-0.017203974665035204,8.26532716103603,0.017355101233385996,-0.02758766755347608,development
2019-03-04,8.254552692579546,8.260333028910008,8.225168304180468,8.23258828070895,22.92372692545868,8.267252853369166,0.0056039606092267505,-0.04026853326944391,8.267537022976002,-0.0034107910803281563,-0.0315379511867242,development
2019-03-05,8.232129692838699,8.269735622510524,8.228225787947007,8.26780191269718,23.043113708667864,8.269353625647238,0.0061616916308450806,-0.007713404580902861,8.269716436996662,0.004357726576987154,-0.006272250876468988,development
2019-03-06,8.267983104455226,8.273722052028047,8.261387154862929,8.269742251472127,22.939780004769172,8.271435214594284,0.006843446667375967,-0.008536409789533295,8.271897279910265,-0.01141646830723695,0.009261439869099775,development
2019-03-07,8.269599344438038,8.278776926442118,8.26722121401622,8.27167221648594,22.983378148621124,8.273556146750071,0.009613304910867763,-0.01149723517499801,8.27411081758255,-0.006165819159440283,0.0037272180628313833,development
2019-03-08,8.272117333297459,8.281580251658287,8.262359911919642,8.269021941826718,23.087758393974607,8.275780710309814,0.007502985521565375,-0.014261754004660787,8.2763855736335,-0.021174330172948924,0.013810698366167884,development
2019-03-09,8.267334058250945,8.29085398768962,8.266778741718802,8.284835752560404,23.10245112070014,8.278172261276255,0.0135469213306732,-0.006883430046524808,8.278740639092236,-0.005714396175738136,0.011809509643907035,development
2019-03-10,8.28555726071093,8.28555726071093,8.274963937274077,8.28187580222326,22.996758582515948,8.280786196867618,0.026583635246021926,-0.025494029890380077,8.281187948781643,0.04601659969263556,-0.045328746251017904,development
2019-03-11,8.282417304556738,8.285610320511147,8.265968791254107,8.270071266725841,23.03836252291017,8.283673027627495,0.018626421754000415,-0.03222818265565408,8.283731846095515,0.022523414134225428,-0.036183993503899003,development
2019-03-12,8.269695035011935,8.275602829071449,8.259344079608207,8.271076836853911,23.00665659975407,8.286880068805141,0.015038320693316043,-0.0308415526445458,8.28638336569179,0.02080176183318287,-0.036108290671062804,development
2019-03-13,8.272071726149427,8.275528593510362,8.266653853332445,8.270452731290217,22.971308662509173,8.29044936833536,0.004375000997920552,-0.02437163804306408,8.289179798653388,0.00977407984767719,-0.028501147210848288,development
2019-03-14,8.270160786061194,8.280585502792839,8.26906430889249,8.274960888890671,23.07280985374561,8.294417012036421,0.009875605358904655,-0.02933172850465482,8.292179233611655,0.014124859963213672,-0.031343204684198156,development
2019-03-15,8.275545318791776,8.286154295989007,8.272319077687698,8.28422936187415,22.963359443503656,8.298808049362473,0.01607948497349692,-0.030658172461819788,8.295454981298931,0.018079348482077148,-0.029304967906858437,development
2019-03-16,8.284983704920693,8.313125625271477,8.284417769962364,8.306157500723971,23.01136318494959,8.30363723754578,0.011728952787495207,-0.009208689609303988,8.299083614164575,0.003119141932059716,0.003954744627337803,development
2019-03-17,8.305908910641188,8.307489437560099,8.295651140265777,8.300337083637908,22.830033763814978,8.308907605766434,0.010236724562785227,-0.01880724669131162,8.303126105455975,0.011469847895454029,-0.014258869713520639,development
2019-03-18,8.301513840021855,8.311780672390919,8.296326343445015,8.30214362624074,22.989908074186058,8.31460920996456,0.00045729830349036747,-0.012922882027311289,8.307619075802025,0.00584701406960341,-0.01132246363088818,development
2019-03-19,8.302189395971908,8.314395272885216,8.299985115266539,8.311690664680246,22.9580987124882,8.320717197515828,0.001622888426313196,-0.010649421261895498,8.31257633091065,0.007080820444828612,-0.007966486675233142,development
2019-03-20,8.31159333189405,8.316168679012698,8.301797259638166,8.315683021427256,23.04328962702064,8.327197028762853,0.027825050382353975,-0.03933905771795132,8.31798779722208,0.024219015142768276,-0.02652379093759194,development
2019-03-21,8.314820880738848,8.318098109423003,8.295336653295132,8.30135461965116,23.105697864267025,8.33401094524446,0.015624965677154833,-0.04828129127045422,8.323823433472443,0.019300586162660595,-0.041769399983943245,development
2019-03-22,8.301153013303479,8.30743632181393,8.29942080951101,8.300023824571532,22.948206740271498,8.341121511658018,0.01094914376751462,-0.052046830854001414,8.330039713706878,0.014855838418995366,-0.04487172755434088,development
2019-03-23,8.29971192382383,8.30644316412465,8.29803284659168,8.302966371628868,22.982823437388102,8.348490288923184,0.004282861003952868,-0.04980677829826874,8.33658470537209,0.010577131113063073,-0.04419546485628523,development
2019-03-24,8.302802118668001,8.304173150760688,8.295596660598507,8.299576392680308,22.936456832817367,8.356078411896588,0.010855243294566953,-0.06735726251084628,8.343403198961388,0.02099163716190893,-0.0648184434429897,development
2019-03-25,8.300059741456323,8.303713004041555,8.277419942486341,8.28477439696836,23.06120059138555,8.363849095264218,0.005990448958618836,-0.08506514725447722,8.35044321142028,0.01177339357500545,-0.0774422080269268,development
2019-03-26,8.28632708780644,8.290312869814187,8.280141664529182,8.290312869814187,23.0942269673844,8.37177508378185,-0.031398533106305505,-0.05006368086135815,8.357662102682081,-0.02725359880304927,-0.04009563406484418,development
2019-03-27,8.290103080922075,8.315582671835498,8.288486833091266,8.315582671835498,23.111765466328634,8.379834997890828,-0.014679394641753891,-0.04957293141357688,8.365029385776158,-0.028439578081657913,-0.02100713585900138,development
2019-03-28,8.315709481169336,8.31749808879748,8.304065898732407,8.311178887787506,22.959060905403614,8.388008488474387,-0.02368506256896271,-0.05314453811791964,8.37252289190083,-0.03953246612094798,-0.02181153799237734,development
2019-03-29,8.31098045283044,8.322029764119593,8.302537805482368,8.318345713593358,23.11373959814759,8.396271716074311,-0.031665348566238045,-0.04626065391471634,8.380125694957178,-0.0187435552216528,-0.04303642614216763,development
2019-03-30,8.316822418306215,8.36562738415885,8.307437044573264,8.320365363028534,22.99875596025218,8.404597286881609,-0.04056542993298795,-0.043666493920087035,8.3878327348657,-0.05539903955428458,-0.0120683322828814,development
2019-03-31,8.320072113157808,8.321913666731085,8.317302394642915,8.32005950595277,22.925491492904918,8.41295781630473,-0.044902201503045434,-0.047996108848913366,8.395647690360878,-0.04565373702545848,-0.029934447382649054,development
2019-04-01,8.3200492774316,8.33446030003581,8.317986202812362,8.332833504244904,23.041507146470046,8.421332374581855,-0.043009397971355126,-0.04548947236559542,8.403576827685768,-0.03946699841321821,-0.03127632502764577,development
2019-04-02,8.332529558261363,8.498204968762552,8.33214397273265,8.492875484190067,23.78267913051082,8.429708939960785,0.000469646764017893,0.06269689746526552,8.411635533940478,0.022471270065869905,0.058768680183719724,development
2019-04-03,8.492891893892137,8.576782626882709,8.492207860257967,8.511782977164659,23.854398013128584,8.438081853559028,0.008093658306304484,0.06560746529932615,8.419833879587808,0.00022764118783501295,0.09172145638901696,development
2019-04-04,8.511438186497482,8.529746007715985,8.484007372163676,8.501632515222262,23.627530103343453,8.446444328107319,0.001915685388093254,0.05327250172685005,8.428167893671988,-0.0020015141833215934,0.07546613573359551,development
2019-04-05,8.501634002992697,8.527838284034864,8.500960490937794,8.524502642570715,23.546864008205958,8.454787818063213,-0.006277022901153636,0.07599184740865539,8.43662482430959,-0.02994893350986446,0.11782675177098945,development
2019-04-06,8.52452484285607,8.557532850815608,8.515636413866646,8.529085671314034,23.552340935853486,8.463105717420385,-0.01229454030147572,0.07827449419512433,8.445187034702018,-0.03477279184145912,0.11867142845347445,development
2019-04-07,8.529673772939068,8.563157752660354,8.527225124682412,8.556201761491844,23.536001294230076,8.471394043310767,-0.01056045091023561,0.09536816909131218,8.453837739238875,-0.0475183288051793,0.14988235105814773,development
2019-04-08,8.556382259645746,8.579009841496363,8.546404732204454,8.57353023393421,23.565503843895172,8.47965091571091,-9.611836659672267e-05,0.09397543658989882,8.462567693600377,-0.031330872773370745,0.142293413107204,development
2019-04-09,8.573558017926821,8.573558017926821,8.550128605898314,8.557367007146,23.412615899404425,8.487874540115563,0.0013702025902525656,0.06812226444018599,8.471376197837156,0.08140868505365674,0.004582124255188447,development
2019-04-10,8.557203106337093,8.59815572828639,8.55514046408826,8.580083810133143,23.464402006306546,8.496060293906723,0.002151463666435204,0.08187205255998542,8.480262371691518,0.026787435479485845,0.0730340029621388,development
2019-04-11,8.580183303699815,8.585641357298023,8.520646499279067,8.530008284816908,23.529991217763747,8.504199894931675,0.015886018589740456,0.009922371295493448,8.489221407290113,0.04398593113386099,-0.0031990536070658493,development
2019-04-12,8.529359023460914,8.537637654652439,8.50832448827086,8.534942548076616,23.338850272014508,8.512283697418601,-0.0012490575960830436,0.023907908254097165,8.498239541043523,0.024193746854038405,0.012509260179054849,development
2019-04-13,8.534807170073249,8.542299780745438,8.52943581474053,8.536326266376976,23.10496609363959,8.520307182910933,0.024411094588322187,-0.00839201112227883,8.5072942694378,0.05715635569108295,-0.028124358751906442,development
2019-04-14,8.536163862732995,8.553335346244873,8.52784987848368,8.550187283955394,23.064297545384324,8.528277115534761,0.028990811921669406,-0.007080643501037542,8.516361082876061,0.059755622065637254,-0.02592942098630502,development
2019-04-15,8.55010980174974,8.555761178898152,8.521995509008216,8.53052559818176,23.232064377369092,8.536208549474917,0.03260271976190285,-0.03828567105506053,8.525417002421142,-0.0060191515185361154,0.011127747279154221,development
2019-04-16,8.530420846367138,8.563875480911287,8.528171671562536,8.563229007754659,23.175878280345525,8.544129956245461,0.02392506916555708,-0.0048260176563594825,8.534450256414441,0.017123818547656586,0.011654932792561468,development
2019-04-17,8.563338958246964,8.570596582273536,8.56010047887309,8.56635242804148,23.244060784805157,8.552081453606514,0.0009069528647985422,0.01336402157016714,8.54345566887895,0.00894204840962651,0.013954710752903665,development
2019-04-18,8.566265309928045,8.579226012407576,8.566079891116441,8.575157476166092,23.307753074670774,8.560110751646782,-7.486126717943728e-05,0.015121585786490144,8.552429754673717,0.00864644345062926,0.014081278041745193,development
2019-04-19,8.57511379303949,8.58235904873731,8.56280401368735,8.576181180562115,23.346501421395015,8.568264034781517,0.027583863086676725,-0.019666717306080272,8.561381690682898,0.010349493209995196,0.004449996669221079,development
2019-04-20,8.576246818925895,8.586437632883474,8.574684047879902,8.582585016511413,23.301180588713986,8.576577318087782,0.013478565162333015,-0.007470866738701787,8.57034015981589,0.017634773903346043,-0.005389917207823558,development
2019-04-21,8.58220889355984,8.586705225048531,8.567380351712977,8.57820009309559,23.342983368463532,8.585078037753375,0.00720972573139796,-0.01408767038918235,8.579348552313428,0.014091035786378771,-0.015239495004216508,development
2019-04-22,8.577816802220397,8.59834682024983,8.57173380998475,8.59403667638365,23.4043991161972,8.593795535557307,0.00013740107150201513,0.00010373975484156972,8.58845744645215,0.010018422120123565,-0.004439192188623764,development
2019-04-23,8.594036766949849,8.636539847713799,8.59219095306128,8.625574355219426,23.487526735736342,8.6027600899153,0.01339031312824479,0.009423952175881212,8.597730189265258,0.02426621664722292,0.003577949306944106,development
2019-04-24,8.625421086389974,8.638001767106966,8.597530597323521,8.606095008547372,23.559300690914906,8.611996952668932,0.003978064012507586,-0.009880008134066642,8.607237314402344,0.009826436566873403,-0.01096874242184498,development
2019-04-25,8.606398302976338,8.620153719987638,8.552818770389111,8.558434098180506,23.45309601687386,8.621519120215197,-0.021366081860454512,-0.04171894017423661,8.617041635330478,-0.0226288213168403,-0.03597871583313328,development
2019-04-26,8.558393614419401,8.591118941268483,8.552052223947458,8.571557911692453,23.545365180490236,8.631332855721197,0.00841225760148247,-0.06818720163022718,8.627187438411578,-0.059470149762751855,0.0038406230436276445,development
2019-04-27,8.571581218464942,8.577488347199994,8.562861486094336,8.569461303554537,23.296738359286177,8.641443717531027,0.011488956768886142,-0.08347137074537692,8.637697075709337,-0.07239149586396289,0.004155723709162729,development
2019-04-28,8.570117006362365,8.58039931292853,8.56706535934176,8.572654229083508,23.27427166885996,8.65185934367561,-0.011797405418468923,-0.0674077091736347,8.648565061920978,0.009047558341608253,-0.08495839117907877,development
2019-04-29,8.572601104757126,8.57758717995651,8.559579617830524,8.565478950108899,23.343248880136585,8.662590480228133,-0.012902857577883516,-0.08420867254135089,8.65975169212675,-0.09646299091705389,0.002190248899202274,development
2019-04-30,8.565550132996409,8.587326779185577,8.5610550295985,8.584987636837454,23.353640190899537,8.673645893632079,-0.029501993321269394,-0.059156263473356674,8.67120284768318,-0.048203049244766503,-0.03801216160095855,development
2019-05-01,8.585022769392921,8.597482743575013,8.584411742313655,8.594653601550615,23.339166262946758,8.685027658197159,-0.033955542379117874,-0.056418514267425834,8.682864605056782,-0.026756410744003454,-0.06145459276216414,development
2019-05-02,8.59460280822355,8.616542963796089,8.59308278560989,8.613463581162318,23.40732800589648,8.696721973658974,0.0011684967033779125,-0.08442688920003505,8.694684816209577,0.030893428992487957,-0.11211466403974768,development
2019-05-03,8.613512361291562,8.676908105454519,8.610720266069402,8.660130877254067,23.65289997416841,8.708706733667842,0.01611492999758659,-0.0646907864113615,8.7066297531478,0.01575891480954316,-0.06225779070327597,development
2019-05-04,8.660289158791688,8.68048372749907,8.638608597664096,8.670972513155759,23.58933242308592,8.720958805428062,0.005762127550666953,-0.05574841982297052,8.718680585128963,-0.01244061826215288,-0.035267453711052,development
2019-05-05,8.670955514528503,8.671434631638933,8.649630137652743,8.664873008179928,23.41848951031993,8.733449621931634,-0.020994116085492634,-0.047582497666212475,8.730822646808095,-0.047296513115572286,-0.01865312551259457,development
2019-05-06,8.664179990502465,8.666122983812272,8.640063266121178,8.656399697652256,23.47929138177059,8.746143301050424,-0.02885320675968158,-0.060890396638486166,8.74303911367072,-0.04874182248512329,-0.03789759353334077,development
2019-05-07,8.656189470485174,8.697542508456653,8.65545766462215,8.670686763681317,23.615103688157923,8.758991079398934,-0.02459540743551647,-0.0637089082821003,8.755301148848726,-0.05885891261010421,-0.02575547255730548,development
2019-05-08,8.674108294416637,8.697843511972556,8.664701715744835,8.696586719046913,23.452464510987475,8.77193604424306,-0.010382830175012986,-0.0649664950211335,8.767561913013175,-0.04557442627701406,-0.025400767689248482,development
2019-05-09,8.696563130803478,8.729565187345502,8.696563130803478,8.728187852349892,23.54373034186483,8.78492236123342,-0.010167985448206414,-0.04656652343532208,8.779762071967708,0.10156859059128326,-0.1531428102090988,development
2019-05-10,8.728397392134752,8.769447705056178,8.726078624016914,8.760742971508868,23.689562882126793,8.797898553612887,-0.011177025341968967,-0.025978556762050076,8.791845232566791,0.0651370982525326,-0.0962393593104558,development
2019-05-11,8.760871179365312,8.900140387657336,8.760248968726353,8.882498791622531,24.085984390963496,8.810822452211884,0.009277520089154877,0.06239881932149238,8.803773513685512,0.07412663338739804,0.004598644549622222,development
2019-05-12,8.88232331472899,8.9231744422998,8.826994469940031,8.849710701547883,24.047342177189076,8.823652013850506,-0.016652400871349535,0.042711088568726296,8.8155527639667,0.03813641982852858,-0.0039784822473460935,development
2019-05-13,8.849539531505878,8.993105962990379,8.83902770698281,8.96378937126737,24.079384684181527,8.83634134712656,0.01924537959298147,0.10820264454783057,8.827222594132616,0.08191151895859698,0.05465525817615813,development
2019-05-14,8.962889306902152,9.020234139992272,8.948506811350493,8.986498578947954,24.189984139158774,8.848842811917635,0.020711659991113355,0.1169441070392061,8.838831973527643,0.07028552407523544,0.07738108134507549,development
2019-05-15,8.98586775184116,9.013890335964364,8.97450498573578,9.012519474856395,24.067685188448866,8.861108033317796,0.020338044792216847,0.1310733967463822,8.850420324452298,-0.02324996781346564,0.1853491182175624,development
2019-05-16,9.011218595730185,9.026516593692316,8.952813480272331,8.972705981258516,24.224827199812218,8.873082284812021,0.018509644941280594,0.08111405150521378,8.862012608248284,0.008935234404921874,0.10175813860531058,development
2019-05-17,8.97296170305829,8.978300554472408,8.859097009114638,8.901624703985597,24.12668225159939,8.88471050896453,-0.018806395299174265,0.035720590320241996,8.87361259288968,-0.006621791050696621,0.03463390214661288,development
2019-05-18,8.901320873963698,8.91560306619322,8.88896422908162,8.891677720135233,23.784518332252826,8.895950100122826,-0.015456082214073243,0.011183702226480463,8.885184642984624,-0.0032808077678747817,0.009773884918482523,development
2019-05-19,8.891231323696752,9.019414875944149,8.891231323696752,9.011607619522195,23.977602316376164,8.906775054942605,0.01421983240431934,0.09061273217527166,8.89666559788601,-0.004946694475181583,0.11988871611136709,development
2019-05-20,9.011514219941805,9.012007447385963,8.946216185694404,8.98448177350483,23.894773468487266,8.917176111613063,0.002428300447063614,0.06487736144470446,8.907984106502584,0.0061719737620199635,0.07032569324022653,development
2019-05-21,8.98443917660432,8.994937778116485,8.967420023142202,8.982602236331273,23.947218554836173,8.92715417261714,0.0015393046625344908,0.05390875905159831,8.919074146353404,0.00940976191072077,0.05411832806714756,development
2019-05-22,8.981718340155103,8.986898314238363,8.938004909584308,8.946383472718919,23.93085715765832,8.936709083830435,0.00184635209054666,0.007828036797937088,8.929875362412302,0.012998947988750066,0.0035091623178669096,development
2019-05-23,8.946019169544032,8.980145959660543,8.92707476948107,8.97231750565,23.920186719045144,8.945843700192603,0.020187200836456372,0.006286604620941105,8.940343991048872,0.026049982954484883,0.0059235316466441645,development
2019-05-24,8.972298300956021,9.004633873638264,8.965008563086393,8.985617021185655,23.978247026999075,8.954571823229918,0.008761087889653577,0.02228411006608333,8.950467212370883,0.005603203332419887,0.029546605482352106,development
2019-05-25,8.98618196261771,9.00182995483426,8.98293476022214,8.993743338501856,23.825914005787958,8.962924993129628,-0.005810264628829397,0.03662861000105799,8.96027350666287,-0.02941984232453064,0.06288967416351632,development
2019-05-26,8.994073876289473,9.069642850503355,8.977736009237116,9.067994914497993,24.007103971591093,8.970951480413126,0.03203362241369378,0.06500981167117281,8.969819664719664,-0.0626713841665113,0.1608466339448409,development
2019-05-27,9.06809365569563,9.094612388814681,9.067474701987711,9.083163412253661,24.05367729645949,8.978709958361046,0.05247861637690021,0.05197483751571497,8.979163949767617,-0.07198519783235305,0.175984660318397,development
2019-05-28,9.082820339211494,9.083304023895087,9.063546758445812,9.073370149232936,23.910730218334194,8.986263685769492,0.0004238399242489591,0.08668262353919509,8.98834382723656,0.05022844405872226,0.034797877937652544,development
2019-05-29,9.073213012692197,9.077477617363435,9.0457874359949,9.066410797148045,23.87913710880478,8.993681894388528,0.01649508175182948,0.05623382100768737,8.997370710577057,-0.09783496645657573,0.16687505302756378,development
2019-05-30,9.066673299827631,9.105903257962913,9.014480395516165,9.026354149114178,24.099026721598108,9.001037575720005,-0.0074726364136261944,0.03278920980779887,9.0062379416047,-0.06541270218047895,0.08552890968995719,development
2019-05-31,9.026451924209475,9.05796501965539,9.008536352222377,9.056548189064559,23.956643636342008,9.008398591521393,-0.027445666638304972,0.07559526418147122,9.01493121213359,-0.02648659524727723,0.06810357217824681,development
2019-06-01,9.056470967720575,9.062489872634705,9.045651811117784,9.055324588287798,23.836261168547413,9.015833175913091,-0.015221856592826277,0.05471326896753226,9.023430044982003,0.018593313862196755,0.013301229443598572,development
2019-06-02,9.055494707886632,9.083563681868172,9.054999775545546,9.0760038562413,23.73222110129597,9.02340089876888,0.005443427410549388,0.04715953006187057,9.031728580238925,0.015366669790105592,0.028908606212269206,development
2019-06-03,9.075865342266196,9.076065846153714,9.012399735586934,9.012985797513153,23.81451333459989,9.031142880048655,0.009032678993481237,-0.02718976152898378,9.03984358790891,-0.026540135024077767,-0.00031765537167949276,development
2019-06-04,9.013228213758836,9.013228213758836,8.931220045617723,8.949984319181128,23.92640779312247,9.039082077981266,-0.029269970384081148,-0.05982778841605629,9.047808259848674,-0.04625551374026424,-0.0515684269272807,development
2019-06-05,8.94953950881973,8.974852077015319,8.944898275248654,8.964980792693288,23.803381696636603,9.047232291208203,-0.037984018055188494,-0.04426748045972673,9.0556652778161,-0.04710581979115657,-0.04357866533165655,development
2019-06-06,8.964392939984629,8.97933358882663,8.932142672463103,8.964698551731322,23.69237745818289,9.055607292588801,-0.026134758935880298,-0.06477398192159889,9.063454348544756,-0.04232532603388284,-0.0564304707795511,development
2019-06-07,8.965321972090072,9.002842944201328,8.960387328233535,8.99267568075975,23.675120579245384,9.064212797875243,-0.014077753297280964,-0.057459363818212594,9.071211821537748,-0.033114797417345576,-0.045421343360652955,development
2019-06-08,8.991783150106174,8.996762314232198,8.966689327105929,8.98144630936975,23.52800241052587,9.073039226506367,0.004265889083885751,-0.09585880622050347,9.078972033101941,0.1198400627014451,-0.21736578643363735,development
2019-06-09,8.980886301780297,8.984189067027584,8.933693154543825,8.9474259854593,23.533314501216424,9.08206009207898,0.004422887994812346,-0.1390569946144904,9.086777926283865,0.08554776640389872,-0.22489970722846309,development
2019-06-10,8.947973114344212,8.991177595354324,8.934156073657517,8.987238018563328,23.651215673178065,9.091237559650056,0.025793279519565025,-0.12979282060629238,9.094660738040922,0.09453792490723036,-0.2019606443848243,development
2019-06-11,8.987727136519657,8.990490645435308,8.958386216241868,8.978120045466685,23.562769936934988,9.100537394970262,-0.013180385277281433,-0.10923696422629448,9.102617936748269,0.04670719619163789,-0.17120508747322205,development
2019-06-12,8.977832370999398,9.011480622627497,8.969842077384037,9.00526478523171,23.66951543300896,9.109929248620034,0.029046000292700564,-0.1337104636810249,9.110623951495853,0.09489833595786441,-0.20025750222200855,development
2019-06-13,9.005226481347968,9.025403484143517,8.998020660365475,9.015653538647232,23.650152039737698,9.119386619971285,0.022184451254930387,-0.12591753257898297,9.118638195017406,0.07727315611053862,-0.18025781248071127,development
2019-06-14,9.01565045393406,9.072300169241313,9.009862143835452,9.070369203634797,23.710520421581126,9.128889861885614,0.004922296932371663,-0.06344295518318788,9.126608183559362,-0.036483626558084827,-0.019755353366480932,development
2019-06-15,9.06989899965076,9.089203610989559,9.061654210369413,9.086858315204662,23.634040979937406,9.138431540913656,0.0038881293562020537,-0.055461355065196116,9.134473614012801,-0.0021573387952827355,-0.04545796001285751,development
2019-06-16,9.087205086927801,9.141618948072574,9.084159797594312,9.10436725549456,23.87380073399477,9.148006994130615,-0.04833458979563108,0.00469485115957724,9.142176357562072,-0.03190343692510558,-0.005905665142405425,development
2019-06-17,9.103748412624936,9.150208896411893,9.103748412624936,9.13995573303721,23.468159049785857,9.15760114269225,-0.03944730465999781,0.021801895004957217,9.149675704730681,-0.02550955369295526,0.01578958199948488,development
2019-06-18,9.141576059760428,9.142957705876729,9.105524304412924,9.11402358215995,23.486322431022213,9.1671897700797,0.0011464558864749614,-0.05431264380622558,9.156959759126927,-0.015381482431605312,-0.027554694535371738,development
2019-06-19,9.113689322898317,9.137728935730701,9.112771148332662,9.13491846603556,23.46712130642301,9.17674154526858,-0.007173974355894444,-0.03464910487712736,9.1640330204179,-0.0034139486984292467,-0.025700605683912414,development
2019-06-20,9.1348687601653,9.168936950334933,9.130483454334277,9.16190196231388,23.605091390123313,9.186226944394445,0.004994350690838259,-0.02931933277140253,9.170912870223711,0.011677870317569136,-0.02068877822740056,development
2019-06-21,9.161682991985542,9.224692548988529,9.161682991985542,9.224692548988529,23.749721702266505,9.195626638011365,0.004273610335976323,0.024792300641186316,9.177631119433979,0.013024575792782775,0.03403685376176746,development
2019-06-22,9.227779800292454,9.319853367144972,9.220987010845697,9.278157083658286,24.12430336789979,9.204923384431638,0.011685565701198082,0.06154813352545041,9.184218515424705,0.009947351334364828,0.08399121689921607,development
2019-06-23,9.277689758614795,9.327780640450163,9.264458763516185,9.292415267817422,23.767708581161056,9.214094091629661,0.0005956131311389183,0.07772556305662093,9.190697156047044,-0.013347982020014911,0.1150660937903929,development
2019-06-24,9.292265381469146,9.311623268633891,9.269592544650301,9.306659364575907,23.681901063802393,9.223104657537963,-0.0028624946948183957,0.0864172017327629,9.197081764955074,-0.032153968891997814,0.14173156851282975,development
2019-06-25,9.306305078440284,9.37508476743655,9.306305078440284,9.37508476743655,23.937317425235396,9.231907601475891,0.0321913152567541,0.11098585070390499,9.20338038533932,-0.06599254768054429,0.23769692977777268,development
2019-06-26,9.3740379957908,9.532169437330483,9.372084802727219,9.47395243070144,24.53227519675053,9.240441705532692,0.05796789364796111,0.17554283152078654,9.209580329922971,-0.07294388364840887,0.33731598442687627,development
2019-06-27,9.474021077247427,9.496356897925116,9.25835428637027,9.322132756348436,24.41158201304907,9.248631590207015,-0.000827632330440438,0.07432879847186058,9.215642790133433,0.058947293383100396,0.047542672831902166,development
2019-06-28,9.32028547961358,9.429088260504578,9.297847012302677,9.42604286959039,24.281118125012842,9.256393090640275,0.021983751064806174,0.14766602788530925,9.221503754210286,-0.09988859445992164,0.30442770984002543,development
2019-06-29,9.425513335987093,9.42552514889948,9.350830649920152,9.389270441673851,24.12192537196495,9.263636064492474,-0.006737835196979441,0.13237221237835683,9.227082263508906,-0.07171818908625158,0.23390636725119585,development
2019-06-30,9.386978408959878,9.407417838699029,9.287209630196685,9.288888603784455,24.028556889292428,9.270265920834206,-0.0315023142200472,0.05012499717029684,9.232316990046062,-0.03578966129952093,0.09236127503791458,development
2019-07-01,9.287017174572217,9.324243842955104,9.219232167530965,9.267016953586959,24.103531991733405,9.276194294485068,-0.027187482133268118,0.018010141235158983,9.23717584652871,-0.00855028855343921,0.03839139561168636,development
2019-07-02,9.267541123975414,9.297635652661345,9.183779203236607,9.287456746417838,24.157765659181916,9.281351540531993,-0.007363536252858106,0.01346874213870386,9.24165607213623,0.0020812889089399152,0.043719385372668285,development
2019-07-03,9.288981135847125,9.389998228434928,9.288981135847125,9.389429169864634,24.150666698856863,9.285697082050607,0.006981603312420761,0.09675048450160695,9.245790896649359,-0.03360693189101539,0.17724520510629027,development
2019-07-04,9.390385903087646,9.393168067327071,9.32067971328617,9.325046456447552,23.978292052270465,9.289217095871356,-0.019054218178800247,0.054883578754996165,9.24963990750888,-0.027788406155446803,0.1031949550941178,development
2019-07-05,9.323946031422308,9.340987959303444,9.29421862284821,9.303690446574262,23.894566927572882,9.29191686144173,-0.01986126164690119,0.03163484677943451,9.253276032960839,-0.01602697553646295,0.06644138914988496,development
2019-07-06,9.304062377663007,9.360566059661116,9.304062377663007,9.324432228493942,23.77216081104143,9.293820174492305,0.0023245146685843578,0.028287539333051726,9.256770688862158,0.004000481763269185,0.06366105786851506,development
2019-07-07,9.325240697502293,9.35371492188921,9.319087568451064,9.345818952100055,23.68694197282796,9.294971752135282,0.007301495226259103,0.0435457047385146,9.260169351919664,0.006302279881281347,0.07934732029911018,development
2019-07-08,9.345447731612074,9.421073877024037,9.340787239089304,9.416212264006816,23.8795234912071,9.295439614613688,0.03242303751830358,0.08834961187482548,9.263461792310737,0.15191622197209687,0.000834249723981273,development
2019-07-09,9.416079433634124,9.45556879448169,9.411913891406464,9.439371557109224,24.061449632796986,9.295311618719266,0.03242937944261833,0.11163055894733986,9.266595269549258,0.10650789357282593,0.06626839398714068,development
2019-07-10,9.43919057811776,9.48261911745394,9.368282015867456,9.405620329850134,24.23861222941016,9.29468100768402,0.03902816285037091,0.07191115931574288,9.269475652345339,0.10122449321328474,0.03492018429150967,development
2019-07-11,9.404237495142981,9.404641803490623,9.319994712459858,9.337735913332432,24.07650917397875,9.293641824321961,-0.0013721415930727718,0.04546623060354449,9.271971567402124,0.050089985149919615,0.015674360780389307,development
2019-07-12,9.337351788173335,9.384754690464609,9.32180522589236,9.377208667304656,23.881741458729408,9.292286687020587,0.027085533160991895,0.05783644712307634,9.273945283306556,0.092374427073811,0.010888956924288706,development
2019-07-13,9.376966645525838,9.379404184475106,9.297295700645135,9.340699894159014,23.76981556998398,9.290699356308226,0.01620645676645665,0.03379408108433246,9.275311845199697,0.07278399976528632,-0.007395950805969775,development
2019-07-14,9.339702379406617,9.345850165025348,9.233527087369877,9.235623891897644,23.836158730362925,9.288948841659431,-0.008965404578918828,-0.04435954518286778,9.27608993051402,-0.0309277880783405,-0.009538250538035697,development
2019-07-15,9.235797460085546,9.310436046649025,9.209540735952498,9.296067493329119,23.95738675097975,9.28709443304797,-0.01509198795573196,0.024065048236879605,9.276367676082533,-0.01734051623882446,0.037040333485411026,development
2019-07-16,9.296210986209996,9.305344396738016,9.15356962421932,9.156690788138807,23.90759986678551,9.28518913655431,-0.05368231182121296,-0.07481603659429048,9.276272623859544,-0.0378431413553006,-0.0817386943654359,development
2019-07-17,9.156012358219169,9.206647036601971,9.122943622485563,9.179242066910053,23.92478883055621,9.283282456869703,-0.03998738283866712,-0.06405300712098239,9.275944689686263,-0.02885798531064188,-0.06784463746556746,development
2019-07-18,9.179726815466875,9.281436355571676,9.145993707419628,9.274861619839571,23.949594803978947,9.281419944130437,-0.013681326507920859,0.0071230022170549745,9.275512114315228,-0.0229289458612907,0.02227845138563289,development
2019-07-19,9.273686562257247,9.279584722372995,9.233043583605422,9.2620531582647,23.754723602816256,9.279639884851123,-0.01437864127342296,-0.0032080853130000975,9.275067480414585,-0.013129276792041828,0.00011495464215727225,development
2019-07-20,9.261586502551538,9.310064623597507,9.25447939060425,9.284254149918286,23.729275870713025,9.277967599979211,0.010005617300365586,-0.0037190673612901293,9.274656415298637,0.015153781154365414,-0.005556046534715975,development
2019-07-21,9.285218625244363,9.291172401899088,9.248560547258343,9.268524886916513,23.56413103475619,9.276410064132996,0.01306513638771557,-0.020950313604199522,9.274280148933395,0.018346262045461297,-0.02410152406234367,development
2019-07-22,9.268321336761662,9.273483327890451,9.22571378122271,9.24407553330976,23.516540063421022,9.274961788283244,0.004328764573172946,-0.03521501954665851,9.273917402712835,-0.002692836510213093,-0.027149032892861413,development
2019-07-23,9.244427551255328,9.244427551255328,9.198631563333823,9.200367566248456,23.60537673413955,9.273612818992113,-0.006758352401962738,-0.06648690034169391,9.273547901227513,-0.023418301740594866,-0.04976203323846207,development
2019-07-24,9.199049920931943,9.201178214807516,9.17100754320218,9.191353841244595,23.579663300463736,9.272347807116665,0.0008992087950366904,-0.08189317466710655,9.273158514439384,-0.031180974878789288,-0.050623698315998666,development
2019-07-25,9.191065466770203,9.225648001103698,9.187476681565066,9.201485462426962,23.484664185542044,9.271143284774087,0.017620754609007517,-0.08727857695613217,9.27274113314449,-0.07976614530353585,0.008510474586008954,development
2019-07-26,9.201615112669343,9.201957088041391,9.181733306155815,9.197285903078726,23.39711888986101,9.26997619675255,0.029217577250042294,-0.101907870923867,9.272294158910672,-0.07306476423794431,-0.001943491594001756,development
2019-07-27,9.197373163860734,9.226933964647586,9.149689907500829,9.156694600472365,23.54570425334353,9.268836166184451,-0.01939293573682437,-0.09274862997526157,9.27182336024849,0.03425114826923495,-0.1493799080453595,development
2019-07-28,9.15816531558233,9.16696772334332,9.132627110493255,9.16459590192805,23.34348156560885,9.267719415277512,-0.001411761552296175,-0.10171175179716485,9.271339880191045,-0.09739777947514722,-0.00934619878784737,development
2019-07-29,9.16410570439709,9.177987458954203,9.15619546212156,9.161060366193935,23.347314332831637,9.26663946929363,-0.026369697118827883,-0.07920940598086723,9.270857784789278,-0.07912186800026254,-0.03067555059508109,development
2019-07-30,9.161394751434035,9.180062567212264,9.152429009353195,9.17029139401829,23.350092326203004,9.265631612168956,-0.05391625882060922,-0.04142395933005716,9.270389972873417,-0.05239739126837451,-0.04770118758675146,development
2019-07-31,9.169940244811547,9.218866712208062,9.169320196986142,9.218866712208062,23.534565566079095,9.264737188250544,-0.04584097149222929,-2.9504550253633965e-05,9.269955050687269,-0.03727130075550769,-0.013817037723699244,development
2019-08-01,9.218054777287056,9.254062469449654,9.202511761312998,9.249529252892055,23.56615794668013,9.263988010060777,-0.027168008516665378,0.012709251347944317,9.269571254685546,-0.018622704197035746,-0.0014192975964562038,development
2019-08-02,9.249757505260844,9.274061665211478,9.24677004668741,9.260859973140306,23.58484332835186,9.26340180126891,-0.0005857392390962056,-0.0019560888895089334,9.269250295887067,-0.03316269803914289,0.02477237529238252,development
2019-08-03,9.260964883178104,9.300800742261256,9.259464278542662,9.28931111083486,23.454556218288307,9.262990807886187,7.068577576116019e-05,0.026249617172911854,9.268992890255127,-0.002511098426753843,0.022829319006484994,development
2019-08-04,9.289302447669552,9.306487204416335,9.270520501608837,9.302936378104947,23.52849687846978,9.262759099993001,0.005012941919479278,0.03516433619246584,9.268789581965452,0.01248774626082496,0.021659049878669734,development
2019-08-05,9.30207465222941,9.383881140235651,9.30207465222941,9.376333790639684,23.896139139544548,9.262697950184144,0.03000776975596138,0.08362807069957867,9.268625764889169,0.03319576615096328,0.0745122595995511,development
2019-08-06,9.376832715199859,9.415223922797418,9.331737442467592,9.348202158023298,23.885999056332494,9.26278762727019,0.029230535960691972,0.05618399479241454,9.268487236753838,0.03348388419357361,0.04623103707588605,development
2019-08-07,9.348030026035644,9.39573970671537,9.344320516271612,9.38781426028891,23.8231323634954,9.262998940518717,0.05034925535592984,0.0744660644142634,9.2683611768169,0.092168281836546,0.02728480163546365,development
2019-08-08,9.388824578885032,9.390945449795952,9.354974596786823,9.389858605628957,23.692735842859598,9.263297758710124,0.06110563185574592,0.06545521506308738,9.26822856647794,0.1083918440459438,0.013238195105072847,development
2019-08-09,9.388776869189995,9.390197060977897,9.368176690342924,9.381174240555156,23.63234975639181,9.26365015707491,0.05244639312104245,0.06507769035920319,9.268069573522657,0.09140021026547802,0.021704456767020375,development
2019-08-10,9.381057915203778,9.385608383404621,9.334670677629227,9.337327533631479,23.620577648418998,9.26401903268084,0.023975255869947875,0.0493332450806907,9.267863905444596,0.0527382386916933,0.01672538949518909,development
2019-08-11,9.336950135422963,9.352150571760943,9.327971833479118,9.352150571760943,23.481652404263084,9.264364089704898,0.03627855398958732,0.05150792806645654,9.267589529710353,0.06855054788067659,0.016010494169913514,development
2019-08-12,9.352550571444393,9.352550571444393,9.334410373845595,9.339842576688996,23.33680007963364,9.264647875658174,0.023784614926931437,0.05141008610389086,9.26722335563265,0.05116300336815787,0.021456217688188062,development
2019-08-13,9.340056610019833,9.343125843971071,9.290105547295024,9.296135433554038,23.537566369982496,9.264835816523387,-0.0032659664206430112,0.03456558345129501,9.26673980425791,0.004188232219717046,0.02520739707641262,development
2019-08-14,9.295553134928907,9.295559502517877,9.213149995285494,9.215497461302233,23.71853992059744,9.264888463045288,-0.009583044138492425,-0.03980795760456246,9.266110919511938,-0.0005107668700479228,-0.0501026913396565,development
2019-08-15,9.214175197624204,9.253151854631845,9.177333220825767,9.241019507574931,23.854364104096202,9.264771298613075,-0.034480715926944794,0.010728924888800506,9.265315647832976,-0.020209063905075396,-0.004087076352968566,development
2019-08-16,9.241782828153426,9.26144686186686,9.19578277406506,9.247090619694985,23.730343858246997,9.264452403685038,-0.024453410787230363,0.007091626797178563,9.264339380804536,-0.01462658589677867,-0.0026221752127728593,development
2019-08-17,9.24558421284518,9.25460842202073,9.218972828874229,9.23325033708207,23.34634154418519,9.26390046742566,-0.008913596157296703,-0.02173653418629229,9.263172662318768,-0.004204897810259885,-0.025717427426437567,development
2019-08-18,9.23337364374368,9.257898378303205,9.222179485282936,9.244336938971099,23.288200876613143,9.263093232086751,-0.005761454855950626,-0.01299483825970249,9.26181855428399,-0.00034637321917107156,-0.017135242093718972,development
2019-08-19,9.244769160638015,9.2979898021166,9.241180304675847,9.2979898021166,23.498243241761053,9.262020819476625,0.016727508595469058,0.019241474044505935,9.260291902716574,0.027064467289392012,0.010633432110633834,development
2019-08-20,9.298016640209966,9.30082456085129,9.270396450084622,9.283891199382161,23.43484860292102,9.260686438942589,0.01827181980359708,0.004932940635974603,9.25861551354493,0.023648357965744868,0.0016273278714855621,development
2019-08-21,9.284015675613809,9.28718376637739,9.206605574293821,9.224050931231712,23.692299080812028,9.259104832629836,0.002411145876455274,-0.03746504727457811,9.256814334655445,-0.0035325993779427977,-0.029230804045790038,development
2019-08-22,9.22449191289941,9.233372688989546,9.193343021092158,9.223360803066816,23.562198608965343,9.257301527507877,-0.009891583656068586,-0.024049140784992318,9.254911853462252,-0.022000895594486265,-0.009550154800949784,development
2019-08-23,9.223879263168369,9.253633872368113,9.21812919816333,9.250326642015997,23.47226755294875,9.255313121384455,-0.002208848429111402,-0.00277763093934702,9.252929856892806,-0.02348106462411035,0.020877849747302335,development
2019-08-24,9.250295866073355,9.251292327011205,9.20856849062116,9.226209876636894,23.460941546867822,9.253185190678087,-0.014154289552205164,-0.012821024488987476,9.250887567358113,-0.04941080083112526,0.02473311010990642,development
2019-08-25,9.226286287397116,9.240347818222148,9.211218891964466,9.224097071191332,23.37325297591424,9.250968704926569,-0.035600724833930536,0.008729091098693686,9.24880415952927,-0.05744953918630486,0.032742450848367355,development
2019-08-26,9.222891259043978,9.260303955039351,9.222891259043978,9.246751402241582,23.63771506331124,9.248716556715445,-0.04252074675118908,0.0405555922773253,9.24669958579277,0.004174512107007356,-0.004122695658194786,development
2019-08-27,9.246944797362174,9.247764099401918,9.21903256318864,9.228720419257613,23.415363436156184,9.246477044365179,-0.038372980313708095,0.020616355206142245,9.244596995780721,-0.08181200355280913,0.06593542702970012,development
2019-08-28,9.230478899714237,9.237893884384814,9.181596831068788,9.185476086980946,23.59138007512221,9.244277580715957,-0.04616683197358382,-0.012634661761426358,9.24250890679676,-0.08271044255470356,0.025677622738889738,development
2019-08-29,9.185718335527756,9.185718335527756,9.150763376276576,9.160120206316815,23.559174281366534,9.24211922047135,-0.06263201921769866,-0.01936699493683669,9.240426529199524,-0.07791599495001883,-0.0023903279326908944,development
2019-08-30,9.160608460837244,9.175347606833242,9.151471373638085,9.16932813311062,23.332987332790093,9.23998056969342,-0.05047183236576953,-0.020180604217031828,9.238319979821913,-0.0654175466820741,-0.003574300029219657,development
2019-08-31,9.169261996989098,9.177116594318411,9.162388835585155,9.172707460150937,23.16167525353841,9.23782962195086,-0.03415515598047385,-0.030967005819450222,9.236144311232028,-0.03992689487168442,-0.023509956209407434,development
2019-09-01,9.172700057726411,9.189806575058633,9.167740165707462,9.185839738014234,23.160849882921298,9.235629826628346,-0.013898238153375157,-0.03589185046073595,9.233844760127004,-0.032622377356359984,-0.015382644756410713,development
2019-09-02,9.185788796822065,9.249233319881842,9.18303601683099,9.244428777726887,23.57096796248797,9.2333384961251,0.007919089610197199,0.003171191991588884,9.2313635449506,0.003684219761948,0.00938101301433747,development
2019-09-03,9.244328726917685,9.281367591839212,9.240728718400305,9.270827576351273,23.687761177469692,9.230911226930086,0.015421678993867463,0.024494670427319676,9.228645338587071,0.011286582710361858,0.030895655053839732,development
2019-09-04,9.270605461874645,9.283836577681821,9.252893024204075,9.268089631898869,23.541226075121585,9.228303805874196,0.034888668272012965,0.004897157752660419,9.225642343364324,0.030986676087473804,0.011460612447070417,development
2019-09-05,9.267493902637542,9.271178573806312,9.260692931161095,9.266298423447175,23.400942016557476,9.225475600465538,0.031532921697830306,0.009289901283807467,9.222320089774566,0.02564708558265681,0.018331248089952012,development
2019-09-06,9.266550392233075,9.296404458094125,9.239151302398291,9.245060852138378,23.695554175667368,9.222387544245207,0.03876237397726024,-0.016089066084088444,9.2186592400892,0.030767337977229876,-0.0043657259280518446,development
2019-09-07,9.24512159516074,9.264702965093583,9.244637343962948,9.260772509274382,23.45160001856072,9.219004361850077,0.05654051608984353,-0.014772368665537883,9.214653405112589,0.059427236221014125,-0.013308132059220767,development
2019-09-08,9.260854217372277,9.268197657659416,9.250434820619109,9.253522111626605,23.33851100064649,9.21529661548161,0.04945491526195255,-0.011229419116956407,9.210306125649385,0.05982755755558601,-0.016611571578366124,development
2019-09-09,9.253709058840913,9.254387067474948,9.22472932172826,9.24328901541232,23.590934222025798,9.211242119731931,0.03670089686231877,-0.004654001181931378,9.205629231793642,0.050904565488782125,-0.013244781870104916,development
2019-09-10,9.24342771827661,9.249018006919954,9.212395582583289,9.22187119477785,23.425083968313498,9.20682848332054,0.04030983724252684,-0.02526712578521817,9.20063857015681,0.05565472204941921,-0.03442209742838109,development
2019-09-11,9.222568814871392,9.231705331137285,9.208416158564416,9.22802036277851,23.459453988445468,9.202057274546789,0.03216408546846261,-0.006200997236740946,9.195352829635647,0.04528594765284657,-0.012618414509983467,development
2019-09-12,9.227867799241107,9.25361572989781,9.220215669321338,9.25053435653946,23.452657606449602,9.196951350798923,0.016265516380094897,0.03731748936044177,9.189798721202374,0.031056770354317996,0.02967886498276684,development
2019-09-13,9.251037139455859,9.253542500688456,9.232747123243382,9.245760302065044,23.37014001212021,9.191549797330303,0.0027242078733633523,0.05148629686137696,9.184011984896664,0.018538592975599007,0.04320972419278135,development
2019-09-14,9.24429757636989,9.251687072654082,9.239092474165437,9.245519161203271,23.32363528642766,9.185891979192665,-0.0008753230102968102,0.06050250502090293,9.178028122754334,0.015117476766753015,0.052373561682184544,development
2019-09-15,9.245366320547351,9.248313688222563,9.241169509718256,9.244520797462949,23.211785416237426,9.180018837203034,-0.0013913742055116903,0.06589333446542511,9.171883272386326,0.01169615609958813,0.060941368977033505,development
2019-09-16,9.244473420654366,9.248297516971041,9.229137016971212,9.2376436177987,23.441937284381716,9.173972788197789,-0.0024694648552835517,0.06614029445619352,9.165615429610495,0.008324810478369563,0.06370337770983525,development
2019-09-17,9.238102772333223,9.239585676538775,9.230117436200532,9.234181154545283,23.45141949355551,9.167792210509132,0.0029843764286403554,0.06340456760750968,9.159261185655913,0.014484104893794866,0.060435863995575545,development
2019-09-18,9.234817927297057,9.23755942068138,9.229306348397214,9.229971224716037,23.506378294980134,9.161509440594735,0.01634546148436769,0.05211632263693389,9.152852787181594,0.03447043771315084,0.042647999821291194,development
2019-09-19,9.230191634364168,9.239478595495632,9.195398534940532,9.236633170902294,23.715877809821645,9.155154557108206,0.012861604335325677,0.06861700945876237,9.146419471935712,0.024169520414261052,0.06604417855232114,development
2019-09-20,9.23662375374403,9.23852658896411,9.223472419953307,9.22834153447133,23.413436456035022,9.14875494606749,0.0013539930981552042,0.07823259530568549,9.13998507606057,0.005115487855824786,0.08324097055493418,development
2019-09-21,9.228538618824418,9.228975421840605,9.21041117046991,9.212310110766383,23.320404351035847,9.142327623352447,-0.006762554370017295,0.07674504178395303,9.133560190233109,-0.001419311515676207,0.08016923204895043,development
2019-09-22,9.212748991920845,9.217757232936616,9.20256353088493,9.217354970056979,23.303456279751213,9.135879399800684,-0.006801032286288493,0.0882766025425834,9.127145173728325,-0.008389908628164305,0.09859970495681836,development
2019-09-23,9.217113670312775,9.217736778993904,9.182675561164977,9.182899719427871,23.44093135628968,9.129412840804674,-0.042383762684660216,0.09587064130785627,9.120739954791002,-0.054765323892581805,0.1169250885294506,development
2019-09-24,9.182899418276385,9.190578116931032,9.032504948382261,9.061906069851707,23.942257122748742,9.122925992829543,-0.07473271886474568,0.0137127958869101,9.114346081902955,-0.05842161291777708,0.005981600866530101,development
2019-09-25,9.059916090112507,9.076217733171507,9.027065939420282,9.046290054502167,23.802637190574917,9.116413275009357,-0.04246862582656985,-0.027654594680619482,9.107963749603018,-0.014946555629285135,-0.04672713947156559,development
2019-09-26,9.046369791931644,9.049665100366855,8.974064644221524,9.00195830352337,23.681203055693146,9.109871030710737,-0.038143280546150835,-0.06976944664121554,9.10158329826793,-0.0783748078731273,-0.02125018687143232,development
2019-09-27,9.0012354505943,9.020573629400825,8.982928079034888,9.018192175882545,23.52109221571313,9.103306584786052,-0.032760366818368844,-0.052354042085138275,9.09520021044277,-0.07216977092507759,-0.004838263635146944,development
2019-09-28,9.018122823538258,9.022276421714924,9.002754130833006,9.017473209915197,23.37235501721789,9.096749565672472,-0.03954588817112054,-0.039730467586153395,9.088817296225477,-0.06511645318762811,-0.006227633122652065,development
2019-09-29,9.01748801349926,9.019386507511971,8.986008248339658,9.00013594139692,23.290875430532363,9.090252315882177,-0.03069162449924256,-0.05942474998601455,9.082428391290405,-0.06340009955038856,-0.018892350343095998,development
2019-09-30,9.000141002472578,9.025723957409236,8.965814692207843,9.023271745333961,23.563248814299946,9.0838820600476,-0.019479963599160044,-0.041130351114478714,9.076022632800777,-0.029410306151472675,-0.023340581315343556,development
2019-10-01,9.023977142977543,9.047549921266919,9.015866840674938,9.029211267967721,23.451467847118845,9.077708324377713,-0.013122597087276967,-0.03537445932271588,9.069589338874051,-0.025711960336869816,-0.01466611056946121,development
2019-10-02,9.02932351061687,9.035158307287277,9.01526121958161,9.035158307287277,23.297838925398533,9.071796116290878,0.009041658220144598,-0.04567946722374572,9.063123667279504,-0.0042944752288057424,-0.02367088476342083,development
2019-10-03,9.034888097227904,9.037679306689496,9.005335934203709,9.019178920751864,23.33838341301965,9.066203677894867,0.015764692034106444,-0.06278944917711016,9.056637719663138,-0.005111627360544606,-0.03234717155072886,development
2019-10-04,9.01911862262997,9.019186605475367,9.005924951285463,9.01261349459324,23.298885466345975,9.060986113848394,0.020831456930827837,-0.0692040761859829,9.050167075396404,0.006722859638553931,-0.044276440441718634,development
2019-10-05,9.013126401306453,9.013781102307952,8.99604761221855,9.00595729824599,23.22474254178963,9.056196224633833,0.022380249619189673,-0.0726191760070325,9.04376913850791,-0.0023202196816611187,-0.035491620580259564,development
2019-10-06,9.005758108329525,9.007172246262959,8.982039869668208,8.985715193844841,23.300510854014387,9.051885783689517,0.018628452772468922,-0.08479904261714388,9.037520442091372,0.0065204869403346554,-0.05832573518686601,development
2019-10-07,8.98583597075062,9.0250283716598,8.97534765993813,9.017437798785137,23.614178704416382,9.048102771443467,0.03656877695983515,-0.06723374961816653,9.031509981519752,0.04008320188124903,-0.05415538461586422,development
2019-10-08,9.017586540823743,9.027944593707883,9.010151727242242,9.015393433773186,23.47004073288464,9.044890830619844,0.03358261875113015,-0.06308001559778731,9.025827885422514,0.046886199216074925,-0.05732065086540317,development
2019-10-09,9.015521952050289,9.062733938198978,9.008138361404846,9.059022037901412,23.68776243329057,9.042286738682355,0.028849133253093275,-0.012113834034035875,9.020560808811,0.04777373380528241,-0.009312504714870329,development
2019-10-10,9.057804419624539,9.062451831081777,9.044514048959682,9.057943410668605,23.592224442760635,9.040316340920782,0.025374308311590876,-0.007747238563768022,9.015795198569197,0.0449542517614043,-0.002806039661995996,development
2019-10-11,9.057802372164533,9.073578655812966,9.025958491091455,9.026628669697581,23.699018903817,9.038985567024222,0.02477718175426689,-0.037134079080907156,9.011619864997463,0.039805911914888935,-0.024797107214771685,development
2019-10-12,9.02589636906615,9.037799886721748,9.02561683112686,9.028405420120908,23.399663101583137,9.038275381069361,0.020062667937123302,-0.029932628885577017,9.008131738462499,0.03927528883165889,-0.019001607173249724,development
2019-10-13,9.028447004775979,9.044402461004788,9.021189021749706,9.026538423022282,23.348534688048556,9.038150805674322,0.015071816155406263,-0.026684198807446435,9.005430428892229,0.03365188284128022,-0.012543888711226359,development
2019-10-14,9.026517532541176,9.03482070785187,9.022097018986557,9.032968925903191,23.441357972626832,9.038568627587859,0.022362884198011527,-0.027962585882679747,9.003597869550543,0.03891534447556576,-0.009544288122917521,development
2019-10-15,9.032822221293623,9.037261748641322,9.009778248097701,9.012543992274523,23.445903300247664,9.039477145227846,0.014714716609520794,-0.041647869562844164,9.002673671100416,0.02968192721340752,-0.01981160603930121,development
2019-10-16,9.01245936897885,9.013937639123926,8.985331312182558,8.993120100228595,23.500322500367663,9.040818288696114,0.0027590110207922434,-0.050457199488311844,9.002628518643725,0.01737116317126199,-0.026879581586392476,development
2019-10-17,8.993155594354407,9.00391031175588,8.987314672592161,9.000102080049047,23.38443770231999,9.042529063763727,0.006466900069218447,-0.04889388378389903,9.003351263501035,0.025600197444496826,-0.028849380896485144,development
2019-10-18,8.999734592537296,9.004350547373557,8.974891932967903,8.98384214000775,23.47383851303609,9.04454179061458,0.00544514266735585,-0.06614479327418543,9.004659473875707,0.03806937015891016,-0.058886704026866354,development
2019-10-19,8.983916911510905,8.997472518750747,8.980269992358645,8.985765865709105,23.34777685444896,9.046782105041974,0.01014951360502383,-0.07116575293789218,9.00632661554428,0.0239690062488818,-0.044529756084056515,development
2019-10-20,8.986922674212268,9.021817831843752,8.980856696105894,9.01457826935868,23.464379980910184,9.049174724019649,0.008951940598360826,-0.04354839525933052,9.00812722213215,0.016934281530585987,-0.010483234304055955,development
2019-10-21,9.014947585748196,9.02361244168194,9.011452266489366,9.017207062615489,23.487617532019073,9.051648632409062,0.002972401046771982,-0.03741397084034581,9.009876970043235,0.011710165612223678,-0.004380073039969901,development
2019-10-22,9.017168443506609,9.023607262617903,8.996461630832194,8.996924741264012,23.544845766121362,9.054134988445295,-0.00895216104203585,-0.048258086139247425,9.011453802742752,-0.00603141808598618,-0.008497643392754384,development
2019-10-23,8.99668027472335,8.998754709196676,8.918559611901678,8.924612638559182,23.811708502829436,9.056572946293633,-0.04561006368955662,-0.086350244044894,9.012799050226281,-0.05314637992016031,-0.03504003174693793,development
2019-10-24,8.923954529322117,8.927031081761417,8.915565037719714,8.92178975845178,23.512509397314783,9.05891668696214,-0.073356318770655,-0.06377060973970572,9.013900142749733,-0.05565502220597519,-0.03645536209197786,development
2019-10-25,8.921417947272156,9.070105422235676,8.919985982062597,9.066550852214075,24.080339442012633,9.061130153558828,-0.043553124799751104,0.04897382345499679,9.014773413370103,-0.020708460925874774,0.07248589976984654,development
2019-10-26,9.067344578356025,9.212512425359414,9.066772735173762,9.131835186109983,24.518670878982828,9.063181051891958,-0.032249307715053355,0.10090344193307921,9.015446189008113,-0.07240987397929927,0.1887988710811701,development
2019-10-27,9.131481891187448,9.184974285595741,9.117406984481878,9.164475982171698,24.20736735163547,9.065035351352163,-0.018155057874201113,0.11759568869373638,9.01594707147766,-0.06235855998016042,0.21088747067419789,development
2019-10-28,9.165876500009302,9.190659789960176,9.133043305693928,9.133043305693928,24.155582463987333,9.066651532305896,-0.015525615621397601,0.0819173890094298,9.016307858136706,-0.045496559911196235,0.16223200746841826,development
2019-10-29,9.132210214129367,9.160748856530565,9.130501224366224,9.151406117558443,24.070597493373636,9.067984289521045,-0.012995501480692367,0.0964173295180899,9.01654971809827,-0.0489303625703633,0.183786762030536,development
2019-10-30,9.150851786794453,9.151319827882652,9.114420719351024,9.127581021893926,24.044934019383664,9.068988591239423,0.0005987376036776714,0.05799369305082536,9.016686239993627,-0.012904987620225749,0.12379976952052552,development
2019-10-31,9.127225902134914,9.146671993008418,9.108165639983081,9.126913649084731,24.003562350610338,9.069627402430445,-0.0022772904592047415,0.059563537113490383,9.016731807442696,-0.018296634372297678,0.12847847601433315,development
2019-11-01,9.126305526681236,9.13514874501909,9.119545247670999,9.13357859612141,23.91475776327286,9.069875033632323,0.0032732368960906068,0.060430325592996326,9.016706494604207,-0.01343771669827407,0.13030981821547627,development
2019-11-02,9.133435915163131,9.146067023997102,9.132334277189662,9.140423978423977,23.779278032255775,9.069718489184522,0.002845455337105294,0.06786003390234896,9.016638846719935,-0.020721116300001376,0.144506248004042,development
2019-11-03,9.140431414117357,9.146314427821915,9.12055263023207,9.13079427760318,23.77406476707405,9.06915258618125,-0.0025144501757774804,0.06415614159770655,9.016564284738646,-0.016953028686701798,0.1311830215512355,development
2019-11-04,9.13082166437396,9.15957870025226,9.126032829275353,9.149805803511073,23.98788932168684,9.068174953209262,0.006057430860926676,0.07557341944088591,9.016522334892782,-0.020558824974278554,0.15384229359256985,development
2019-11-05,9.14984751029775,9.154554682824314,9.133127916466108,9.142332088195067,23.98897215657133,9.066782917011441,0.006625429273366403,0.0689237419102593,9.016555539822013,-0.009160361512162572,0.13493690988521578,development
2019-11-06,9.142154059918422,9.15093397148299,9.138404873061893,9.1442945696475,23.86456472814681,9.064970464874664,0.02247712490314448,0.05684697986969134,9.016700425677076,0.021664212500025336,0.10592993147039742,development
2019-11-07,9.143387584708721,9.145105775354272,9.127214547278076,9.13427557357852,23.84564767054191,9.062726357261667,0.02548868196212079,0.046060534354731786,9.0169759734121,0.03503361307350652,0.08226598709291366,development
2019-11-08,9.134038875004977,9.134836323638368,9.079722921694922,9.083061489776865,23.915100845668025,9.060037735542876,0.02818516816564778,-0.005161413931658032,9.017372400546458,0.04617233834049961,0.019516750889907897,development
2019-11-09,9.083582416317508,9.092886847412556,9.0817297764605,9.084049223242802,23.589949831232044,9.056898020514597,0.021327454913980158,0.00582374781422601,9.017848307104364,0.03938015424552395,0.026820761892913936,development
2019-11-10,9.083925228169427,9.11645006259859,9.08320699507199,9.111130498611466,23.74797032723916,9.053309499484724,0.01669745042114431,0.0411235487055972,9.018325346785232,0.02868295465117049,0.06412219717506318,development
2019-11-11,9.1112841611406,9.113970353411117,9.071148233002228,9.077698650448367,23.73218630105152,9.049279958896069,0.012965428360729146,0.015453263191568922,9.018675614270448,0.030787030546231522,0.028236005631686822,development
2019-11-12,9.077922867661956,9.088598472787789,9.06940192720341,9.08428520363914,23.73436784408413,9.044821383685742,0.014846728347960069,0.0246170916054389,9.018721034403821,0.03039346589445977,0.03517070334086014,development
2019-11-13,9.08387347584523,9.086684829015331,9.078139678378854,9.083445502549052,23.588077900398137,9.03995187325698,0.020617930534131843,0.022875698757941265,9.018251534402513,0.036079545941341676,0.029114422205198665,development
2019-11-14,9.08386250442375,9.08556406821025,9.070221818192733,9.072008300453287,23.672154898528913,9.03469731030703,0.007692194057928044,0.029618796088330512,9.017059229456187,0.022340096747931595,0.0326089742491682,development
2019-11-15,9.071734182381403,9.074620649217177,9.046036762649036,9.046878902898088,23.805031597811737,9.029092462720094,0.005231440049483997,0.012555000128511296,9.014981531267884,0.02083658101645345,0.011060790613750981,development
2019-11-16,9.046781609804457,9.05858647573369,9.04475481966408,9.05377553364522,23.5263467732968,9.02318003944835,0.0016949509900883054,0.028900543206781037,9.011943624305035,0.028002187105560756,0.013829722234625308,development
2019-11-17,9.053624653932674,9.074267359370264,9.047935291644404,9.0569532189548,23.650110888682327,9.017009780039425,-0.01277635698938974,0.052719795904764055,9.007983723462727,0.03913019972804705,0.009839295764024314,development
2019-11-18,9.056487369222042,9.065693750351457,9.020821767494395,9.02512897958668,23.795008267930623,9.010633561784552,0.006125998430123705,0.008369419372005638,9.003249942405896,0.017943168534100242,0.003935868646685492,development
2019-11-19,9.02462924900785,9.037000352391491,8.999614819539199,9.012638604748409,23.771761979370563,9.004099685619861,0.0076267622973942555,0.0009121568311520889,8.9979508711635,0.017350927928451925,-0.0026631943435440064,development
2019-11-20,9.012329980221667,9.016420643746011,8.98850992304057,8.990599533114011,23.75650102398414,8.997456006677973,-0.0008542867999622129,-0.006002186764000328,8.992296697299642,0.009280492148774756,-0.01097765633440595,development
2019-11-21,8.990148027937634,9.000865248762498,8.93555897165914,8.941512765038933,23.83741398462783,8.990757648871329,-0.020404195779252118,-0.028840688053143992,8.986462454135868,-0.014113881656130778,-0.03083580744080372,development
2019-11-22,8.941619963636944,8.948635655648992,8.844582379333513,8.89516070035819,24.256728019869797,8.984061010017806,-0.04283652009581034,-0.04606378956380475,8.980572830441893,-0.045155894747967364,-0.04025623533573608,development
2019-11-23,8.895104085090848,8.914929682421823,8.875065933368425,8.90893751527039,23.768213156728002,8.977412254718919,-0.05727750481142401,-0.011197234637105424,8.974701703501614,-0.043318000304805024,-0.022446187926419725,development
2019-11-24,8.90905063903921,8.910393682038587,8.857840850672334,8.86048739002112,24.13881038043927,8.9708447964388,-0.03955625814651847,-0.0708011482711619,8.968887385060627,-0.01729765924187401,-0.0911023357976326,development
2019-11-25,8.859360189345638,8.89834606222884,8.797422610507883,8.87432676063032,24.477118825292564,8.964391165588488,-0.024136275230608396,-0.06592812972755979,8.963167522862232,-0.0631226922760454,-0.02571806995586634,development
2019-11-26,8.87419036863225,8.898397091295786,8.867648953512468,8.884384596183743,23.773936267590685,8.95808902947818,-0.013207649976626714,-0.06049678331780939,8.957590778457131,-0.05501520523092443,-0.01819097704246353,development
2019-11-27,8.884732227076736,8.938491406269927,8.849969222047973,8.926871222555366,23.90096180180981,8.951981926869236,-0.004471539160188657,-0.02063916515368014,8.952212332957634,-0.030970929524896672,0.005629819122628277,development
2019-11-28,8.927555662906498,8.952873553438858,8.916522390880155,8.9177269546723,23.67033906721425,8.946112622303877,0.0005196167900344238,-0.028905284421611555,8.947087548996631,-0.03272885459834719,0.003368260274015711,development
2019-11-29,8.91821203632982,8.959463236525972,8.917412075189846,8.956897864769282,23.70437650679938,8.940520963509762,0.016550583089636146,-0.0001736818301161236,8.942264721971426,0.006047284272746914,0.008585858525108847,development
2019-11-30,8.957260302453482,8.96649680233338,8.92476935088665,8.931899452633834,23.565741726579663,8.93523911283516,0.004793138836232006,-0.008132799037557703,8.937779294728278,-0.00865936177023122,0.0027795196757871565,development
2019-12-01,8.932161825756769,8.932161825756769,8.89444286801088,8.912512670241737,23.652896153433556,8.930289484458019,-2.5180735227462326e-05,-0.017751633481054796,8.933651197145078,-0.01762933051764313,-0.0035091963856981323,development
2019-12-02,8.912478141506995,8.919295163583959,8.88646438639475,8.898637193159917,23.5612934975023,8.925684561300727,-0.00542295551394856,-0.021624412626861655,8.929883305532666,-0.03082584012484121,-0.0004202722479078602,development
2019-12-03,8.898908572364487,8.911780535520698,8.885905367075333,8.898385484899865,23.417723122879764,8.921428628957917,-0.016089418023254837,-0.006953726034797825,8.926464680324356,-0.028603931255412562,0.0005247358309219408,development
2019-12-04,8.898382683312288,8.927948901973506,8.877789635492533,8.889037352337667,23.798928854321606,8.917519214788769,-0.0024103813988122147,-0.026071481052289514,8.92337636344033,-0.03138805364976107,-0.002950957452901193,development
2019-12-05,8.88920377881204,8.954600232797072,8.886364475957114,8.915742120064259,23.657977938414273,8.913950905215385,0.0028381304160335864,-0.0010469155671604113,8.920595256865203,-0.01449831282539557,0.009645176024450919,development
2019-12-06,8.916044680748028,8.928904959389575,8.908177326920221,8.928904959389575,23.61942450212667,8.910716901380448,0.008859374702510076,0.009328683306616625,8.918094112008248,0.008976882686658975,0.0018339646946685662,development
2019-12-07,8.928940607769912,8.934580501462937,8.926080626809425,8.930128698877928,23.46110268261692,8.907813598271794,0.022879381467536212,-0.0005642808614023664,8.91585276052436,0.030459631392540328,-0.016183693038971825,development
2019-12-08,8.92948015989885,8.940446670155225,8.919465382117775,8.931201067948969,23.458276521757078,8.90523930435535,0.028058200163927655,-0.0020964365703086685,8.913856162699135,0.04219939632937874,-0.024854491079544516,development
2019-12-09,8.930863929072983,8.938281196979075,8.904628108406781,8.909356814239011,23.60650226957022,8.902987247565989,0.01969178777697581,-0.013322221103953424,8.912089830282365,0.03333528954322372,-0.036068305586578475,development
2019-12-10,8.90884794432293,8.912476365651992,8.888210936161999,8.892627815107641,23.62737783041516,8.901047841850586,0.012678297083602158,-0.021098323826546306,8.910543974783332,0.02086282668137722,-0.03877898635706778,development
2019-12-11,8.892501143187411,8.898933239537344,8.881214909755881,8.884253831264601,23.517523745460128,8.899416008587306,0.013318074300945296,-0.028480251623649977,8.909217377627433,0.02588468577295403,-0.050848232135786375,development
2019-12-12,8.884158435936632,8.89104924193702,8.876927221117311,8.887809302888595,23.663859549647984,8.898087638181075,0.00888943970964586,-0.019167775002125964,8.908112874888364,0.018881232903837118,-0.03918480490360565,development
2019-12-13,8.88802021584802,8.894747120993147,8.885596249628188,8.891468181690822,23.5638482532199,8.897056249431275,0.018517457679563816,-0.024105525420017315,8.907232948004866,0.027222311232803463,-0.042987077546847274,development
2019-12-14,8.891360641944472,8.896839364424242,8.867456884899944,8.871319225562667,23.56450744052471,8.896313729297084,0.007144705262979345,-0.032139208997396196,8.906580663392262,0.013520294205201728,-0.04878173203479719,development
2019-12-15,8.871258297127964,8.87920446753396,8.842803215370694,8.875189508077382,23.549462255450234,8.895850944260458,0.019210112935614136,-0.03987154911868984,8.906157895997728,0.03157794270874974,-0.06254633062909676,development
2019-12-16,8.875379824217392,8.877823953080721,8.839810260820128,8.843972960176192,23.729604956048153,8.89566041338772,0.012832216565191507,-0.06451966977672008,8.905963332738335,0.03793075710863552,-0.09992112967077738,development
2019-12-17,8.843804890909848,8.848520098503537,8.793001163087023,8.800944820334733,23.830709605735162,8.895739272454641,-0.007188333152990532,-0.08760611896691728,8.905995203034681,0.04107801704028701,-0.14612839974023473,development
2019-12-18,8.802025944710866,8.89904636739849,8.785699985095597,8.892446859830692,24.183879982756572,8.896099863497474,0.01729436808212376,-0.020947371748906818,8.906257432738354,0.023961327445465044,-0.0377719003531265,development
2019-12-19,8.892555155102198,8.901993245749393,8.859559713413725,8.882231260054686,23.97768656656964,8.896765839739174,0.011693353754756898,-0.026227933439244566,8.906758068452346,0.017994310173093532,-0.04252111857075391,development
2019-12-20,8.883035130431258,8.889848823730516,8.86589378781247,8.88444628576146,23.842710871909418,8.897767999546828,0.004357343641475508,-0.01767905742684306,8.907509964703973,0.008747991927908455,-0.03181167087042169,development
2019-12-21,8.884692465347714,8.885056956744203,8.86964223640858,8.880607590860668,23.68402109290817,8.899140397309665,-0.01823742895915169,-0.0002953774898450945,8.908533817973744,-0.013643529193191666,-0.014282697919883347,development
2019-12-22,8.88061173288278,8.925059840581516,8.877267439030023,8.92420228922528,23.86459248750447,8.900914901934405,-0.02282128996951831,0.046108677260393804,8.909855317288127,-0.01865253320827995,0.03299950514543326,development
2019-12-23,8.923844574821548,8.943267956639952,8.899211203299725,8.903221070310211,24.049444659144747,8.903113221942704,-0.027052060089187455,0.027159908456695803,8.911500607294876,-0.023368661305574388,0.015089124320910585,development
2019-12-24,8.90305310971216,8.927409235534128,8.891446755359707,8.898711479784726,23.858395730257264,8.905750017559118,-0.035138453148809756,0.02809991537441725,8.913497822334579,-0.028789020328197856,0.014002677778345074,development
2019-12-25,8.899151617503636,8.90341024114645,8.884747509306,8.892220502394682,23.794082630497456,8.908828037987895,-0.023471257522353565,0.00686372192914142,8.91586319313512,-0.04965668053724014,0.026013989796801695,development
2019-12-26,8.892171506229655,8.907653316927913,8.881890014533987,8.88723376759938,23.849456475238956,8.912335161409096,-0.0246533241341891,-0.0004480696755280178,8.918601798127419,-0.05035963305487667,0.01899160252683707,development
2019-12-27,8.887119700065169,8.90429462083692,8.880437282661939,8.894270948248833,23.849032940888513,8.916242547025815,-0.011652233418860167,-0.010319365358121502,8.921710552687037,-0.025860440141101688,-0.0015791642971016984,development
2019-12-28,8.894125928655228,8.909105678362003,8.893834218134712,8.898091011060634,23.785051406927003,8.92050927040621,-0.008084111454874695,-0.014334147890702198,8.925180941504514,-0.023155960857144907,-0.003933969586736197,development
2019-12-29,8.898044170190806,8.924516337901514,8.892867629206199,8.912291796793063,23.83434519064703,8.925086191248479,0.015396023769246002,-0.02819041822466062,8.928998126928402,0.007766673166209023,-0.02447300330154789,development
2019-12-30,8.911971121064369,8.916616647980543,8.89237888412355,8.894669593437868,23.853272487737236,8.929924834834585,0.000986265154421301,-0.036241506551139224,8.933142525697255,-0.009552027557635316,-0.028920904701751127,development
2019-12-31,8.894867551213938,8.900452231581284,8.877629947339539,8.880946898627307,23.77575389863361,8.934984355452551,-0.003285490821356151,-0.05075196600388665,8.937592801504342,-0.020090283089064787,-0.03655561978797017,development
2020-01-01,8.88112662129378,8.889353888972742,8.878350282548947,8.88186051526663,23.644579743917774,8.940232942167698,-0.01103836929383245,-0.047334057607235636,8.942325389497505,-0.029878656650492982,-0.030586217580381714,development
2020-01-02,8.882190585295028,8.88352311390287,8.844375267823684,8.851587587249227,23.758318985271956,8.945646262645958,-0.01644970554428926,-0.07760896985244159,8.947314305330082,-0.026903550083868726,-0.06882316799698529,development
2020-01-03,8.851438480372012,8.911086986965978,8.841447679239696,8.90175933314009,24.05944390752781,8.951206297820267,-0.005141380663022055,-0.04430558401715601,8.952532249409138,-0.027179876496134164,-0.023593039772913826,development
2020-01-04,8.90182620888062,8.912929224115109,8.896932088154802,8.910674342972836,23.638019659272057,8.95689619291376,0.001433975590038139,-0.04765582553096159,8.957952529759853,-0.015008859705296997,-0.03226932708171937,development
2020-01-05,8.910646669199119,8.928573711591248,8.909307661032091,8.910763486968776,23.7051564601225,8.962699433578505,0.0052598935296667695,-0.05719584013939638,8.96355203900651,-0.007617169233459839,-0.04517138280427524,development
2020-01-06,8.910646735052055,8.959551586834998,8.910490297948282,8.957924954142937,23.870699862679224,8.968599795674708,0.030155047471531648,-0.040829889003301645,8.969311790567746,0.019911448258140663,-0.03129828468294882,development
2020-01-07,8.957855818808952,9.00922929089185,8.957797301380474,9.00745184352851,24.082504860894378,8.974580615026404,0.040049823789422595,-0.007178595287316014,8.975214298396656,0.03453029833084423,-0.0022927531989900274,development
2020-01-08,9.00723661921808,9.035598609542532,8.981778972340987,8.997130170306605,24.17871650465193,8.980624149487555,0.023720531912488265,-0.007214511093438958,8.981240818528526,0.0177578739176471,-0.0018685221395688956,development
2020-01-09,8.99743125694545,8.99743125694545,8.967300674640553,8.971965319180386,23.903234103050575,8.986713519513334,0.014285824721219262,-0.02903402505416608,8.987371315660754,0.004805592742046625,-0.020211589222414617,development
2020-01-10,8.971868390369428,9.007802336218859,8.95244683615168,9.007802336218859,24.080670978557965,8.992833957674986,0.025263470108553978,-0.010295091564680448,8.993585193413574,0.017547420724021594,-0.003330277918736968,development
2020-01-11,9.007267906772801,9.01412587871355,8.990895234340988,8.99187804635764,23.96277394822102,8.9989775771497,0.01553781898144807,-0.022637349773509285,8.999865328436567,0.005539414316985714,-0.013526696395912197,development
2020-01-12,8.991345916123597,9.011897174319943,8.988328565247404,9.010973665406404,23.85455288392116,9.00514632122112,-0.015671303254390503,0.02149864743967278,9.006202727209617,0.02508147146259334,-0.020310533265806896,development
2020-01-13,9.010641334334974,9.011619651254698,8.997110106769586,9.005060600981041,23.836021332638257,9.01135136642984,-0.009460814236971565,0.003170048788172508,9.012598451651776,0.01619053112718139,-0.023728381797916143,development
2020-01-14,9.004660084490714,9.091501847875298,9.004660084490714,9.085657107302175,24.526406222672843,9.017612491751407,0.002654391788310604,0.06539022376245818,9.019062647783485,0.04622490366367455,0.020369555855015875,development
2020-01-15,9.085382832884253,9.092695510423319,9.066145179754473,9.083303358516309,24.414712858311667,9.023966721605158,0.0008196944392004635,0.05851694247195027,9.02561238021589,0.05031617138324497,0.007374806917173515,development
2020-01-16,9.083924341586393,9.087772764011742,9.06092297117216,9.073808612234233,24.16733054184126,9.030453732378914,-0.030481244106429904,0.07383612396174755,9.032263168687575,0.04192747133520543,-0.0003820277885466794,development
2020-01-17,9.073971811079081,9.100315893600053,9.068467590035887,9.097063950935379,24.317068915249237,9.037101722140992,0.001958741071996627,0.058003487722389835,9.039019194711607,0.03515474012397328,0.022890016099799126,development
2020-01-18,9.09685940944359,9.106334298869003,9.085608099697408,9.098604979232197,24.199501815130404,9.043926962329284,-0.007346593690670811,0.06202461059358377,9.04587319399624,0.02189368980094114,0.030838095435017365,development
2020-01-19,9.098452523221482,9.12307757847498,9.061849653405773,9.071795876666508,24.255997799363907,9.050929985798836,0.012049548832283524,0.008816342035387947,9.052802074134899,0.025894922447101825,-0.006901119915491805,development
2020-01-20,9.071610557913298,9.076304946062507,9.05491079856303,9.066197744867507,23.997477051717965,9.058090289995208,-0.008125694893545008,0.01623314976584389,9.059765992068954,0.0010519755375095106,0.005379777261044438,development
2020-01-21,9.066353506434005,9.077460887384865,9.053045480224524,9.076339672787418,23.905370556062575,9.065368670702888,0.0009084091556396208,0.010062592928889558,9.066713939846514,0.009619081896630004,6.6510442735534525e-06,development
2020-01-22,9.076147153307396,9.081710563053294,9.063781294377712,9.068877721571631,23.84122477203345,9.072714728452283,-0.008533486057222667,0.004696479176571344,9.073596027120132,0.0046882357399046296,-0.009406541288404568,development
2020-01-23,9.068851734686005,9.069668929180876,9.028055337915266,9.036762353798037,23.972503278801522,9.080067937149252,-0.014181741563723694,-0.0291238417874915,9.080362284382922,-0.043828197347237044,0.00022826676235254695,development
2020-01-24,9.036649548977772,9.04954548393509,9.020007710198543,9.041381286769331,23.917763433907197,9.087363620342677,-0.0007723513669323006,-0.04520998220641381,9.08696568730885,-0.04694681773203757,0.001362417192519061,development
2020-01-25,9.040751703722597,9.042921590137267,9.023555117690949,9.032151980594048,23.701207367057975,9.094539732452372,-0.010949533599808867,-0.051438218258516244,9.093371745713926,-0.046128826008103495,-0.015090939111773949,development
2020-01-26,9.031741097605394,9.059796671985445,9.027078138524638,9.059148818712154,23.822352160416475,9.101538852692224,-0.004155481743334183,-0.03823455223673555,9.099567073098438,-0.026492930159029312,-0.013925324227253455,development
2020-01-27,9.059204479075172,9.102501962540359,9.059204479075172,9.094909243716073,24.078326375058634,9.108310792241094,-0.011446835167157715,-0.001954713357863014,9.105554288708024,-0.03091331754627096,0.0202682725543184,development
2020-01-28,9.095212804017537,9.14404990042932,9.094755236591434,9.14404990042932,24.261285900775906,9.114812583266968,0.006473511494674114,0.022763805667677772,9.11134152639103,-0.011728286087924623,0.04443666012621428,development
2020-01-29,9.143930308916081,9.149148951415935,9.1344812429958,9.139556241749917,24.146961494214576,9.121004650672566,-0.00947199509017057,0.028023586167520875,9.116926864075577,-0.016320528765191116,0.038949906439532,development
2020-01-30,9.139490413097963,9.164623707349394,9.130311555814492,9.1599932786413,24.20076950383388,9.12684779992587,-0.0020410954042825976,0.03518657411971304,9.122288664405012,-0.027378245184131806,0.06508285942041958,development
2020-01-31,9.159921797751485,9.161329319187656,9.130298437394014,9.143188229985299,24.1053649936428,9.132304921002056,-0.008009422819013148,0.01889273180225537,9.12738744079196,-0.030551507310240533,0.04635229650357964,development
2020-02-01,9.142741965841761,9.152639566103561,9.139192242946514,9.147706702123575,23.9783831914891,9.137343650529763,-0.0018819659260884062,0.012245017519900259,9.132170311623145,-0.01857051732468278,0.03410690782511239,development
2020-02-02,9.147381436023473,9.155757235355578,9.128894303777738,9.14252879184692,24.151940144796182,9.141931873870101,0.009983279873404674,-0.009386361896586592,9.13657765361335,-0.01329312282733111,0.01924426106090138,development
2020-02-03,9.1425628609965,9.163287764730029,9.132231121111488,9.137072821768983,24.155124859425598,9.146043433347433,0.012547449552938598,-0.021518061131388322,9.140552243388687,-0.011324516959088222,0.007845095339385821,development
2020-02-04,9.136999683523483,9.14112593576701,9.117436562070022,9.124887368201101,24.12089632202299,9.149661988170458,0.022675475240738367,-0.047450095210095355,9.144048012031394,-0.005287854173140233,-0.013872789657153106,development
2020-02-05,9.125154529429588,9.180015156029672,9.123005753877047,9.170915716140007,24.28493845264102,9.15277796981482,0.04921563304097442,-0.031077886715788594,9.14703194525477,0.02144258222566423,0.0024411886595725463,development
2020-02-06,9.171373040774982,9.192646671711298,9.163229724323964,9.182948800666223,24.351036181881675,9.155390644027237,0.06724544035566908,-0.03968728371668462,9.149491184293893,0.04032793422369928,-0.0068703178513693786,development
2020-02-07,9.182558292218056,9.193673934984059,9.182558292218056,9.189723636001442,24.264883441660754,9.157513340659637,0.0398003415571107,-0.00759004621530579,9.151441679678525,0.012954864321906366,0.025327092001010243,development
2020-02-08,9.189430303619455,9.197938690339255,9.177704586742127,9.196760495525197,24.283517392719187,9.159169394116637,0.030868773763938685,0.006722327644622439,9.152915346532254,0.003895541906850113,0.03994960708609341,development
2020-02-09,9.196636352471526,9.22320087505849,9.195266589006438,9.221940215891772,24.30143394811453,9.160378818973493,0.04641190146520145,0.015149495453076867,9.15393766954232,0.017826782088378627,0.0501757642610734,development
2020-02-10,9.221830068882383,9.22678104344245,9.188561267388966,9.195897709823797,24.396690175562565,9.161148561485186,0.029892896271668752,0.004856252066941735,9.154521237659702,-0.0009610328951241112,0.042337505059217406,development
2020-02-11,9.195824687539119,9.23112807568994,9.182900823512165,9.230950156766424,24.35154724643761,9.161470070450566,-0.07328019646314717,0.14276028277900465,9.154668453646842,0.01752137189591514,0.05876033122366664,development
2020-02-12,9.23037706011328,9.24894660118056,9.23037706011328,9.242425561764907,24.49474558296372,9.161325163656786,-0.04231627063957673,0.12341666874769786,9.154371720319622,0.0133360313926251,0.0747178100526611,development
2020-02-13,9.242222777414067,9.255086842855388,9.221889535895507,9.23155179860527,24.622326622087495,9.160677909728083,-0.04289249170166892,0.11376638057885735,9.153622309697722,0.041070718814956275,0.03685877009259286,development
2020-02-14,9.231274787969605,9.242032439906042,9.222815649101577,9.241074813950403,24.4923017806374,9.159452372241585,-0.034043651479616605,0.11566609318843568,9.152435027888073,0.049529761984810836,0.03911002407751951,development
2020-02-15,9.241243556538482,9.243925587422835,9.197703637102757,9.199221263673673,24.504383822543076,9.157551050956075,-0.07385463421684804,0.11552484693444676,9.15083274440918,0.02236430894249716,0.02602421032199409,development
2020-02-16,9.199196477597376,9.215722736032054,9.182186414534922,9.203762142188097,24.493144010209253,9.154868846851885,-0.03944407497209148,0.08833737030830413,9.14883176543797,0.0311606213656187,0.02376975538450843,development
2020-02-17,9.20397621834282,9.204203120516876,9.159850722474296,9.178864418708452,24.551870241751324,9.151306307187346,-0.046402294839575954,0.07396040636068157,9.146442312264535,0.01768126959315537,0.014740836850762662,development
2020-02-18,9.178976680208038,9.226404209878103,9.17288591063342,9.224440110829352,24.57916334333205,9.146778106901523,0.0055864553406215055,0.07207554858720755,9.143673418336212,0.028218004461257263,0.05254868803188373,development
2020-02-19,9.224617845052917,9.229326566081467,9.170686822994988,9.172990127181764,24.57324363085696,9.14121624233914,-0.011187113623408528,0.04296099846603241,9.140531633498085,0.0030075903319810226,0.029450903351698088,development
2020-02-20,9.172568429128207,9.174010024576441,9.15987835208949,9.170400861493986,24.52826606232046,9.13457848481409,-0.009462086785183841,0.045284463465080194,9.137022758345626,0.0020695653862507334,0.03130853776210962,development
2020-02-21,9.170744940232659,9.182250998339429,9.1684493858713,9.178482393471386,24.43514250419976,9.126862331013639,-0.025873312207311854,0.07749337466505857,9.133152908259309,-0.005327295288028434,0.05065678050010547,development
2020-02-22,9.178613044375183,9.179698822610472,9.169594261659983,9.176078235401029,24.302275321832976,9.118103788132132,-0.006847294309765025,0.06482174157866183,9.12892700966321,-0.06242395261073571,0.10957517834855501,development
2020-02-23,9.176092383643079,9.204061128425648,9.175520227764915,9.202763300838011,24.441344459758007,9.108365278485774,0.018533279021936286,0.07586474333030147,9.12434732986111,-0.0490019286629403,0.12741789963984296,development
2020-02-24,9.202467764967151,9.205503301590795,9.162938755073638,9.174731308676739,24.531715543115862,9.09772232390307,0.0076540540187808965,0.06935493075488708,9.119405633079909,-0.04684116941473433,0.10216684501156337,development
2020-02-25,9.174849195447155,9.174996812658774,9.138309477939886,9.142244071092522,24.473128886790878,9.08626101862117,0.008032355658843684,0.0479506968125083,9.1140619822514,-0.030535124425828945,0.05871721326695045,development
2020-02-26,9.141878435125632,9.143642542008399,9.07158699799489,9.0848363831875,24.643654765508533,9.07407444182587,-0.006573639999218452,0.017335581360850227,9.108248855508283,-0.039612926953102555,0.01620045463232067,development
2020-02-27,9.085354504974534,9.097495538330083,9.056862707839715,9.080743416834654,24.54032290862276,9.06126183279368,-0.0009407697615422741,0.020422353802516113,9.10188978445044,-0.0268970925825898,0.005750724966803844,development
2020-02-28,9.08122532902169,9.09273362696719,9.046989639802932,9.067907199009216,24.521121895770303,9.047929116561136,-0.020426573735118546,0.040404656183198995,9.094924976413722,-0.019166236928590152,-0.007851540475915186,development
2020-02-29,9.067763955145882,9.07973404984446,9.059460363052189,9.059460363052189,24.301001209028993,9.034184988393115,0.01455329217144657,0.01072208248762685,9.087334401506517,-0.024392412464946566,-0.0034816259893819534,development
2020-03-01,9.059489434057555,9.074153671425492,9.044428975859349,9.05514212220575,24.288540588302332,9.020136090241339,0.008254429482272136,0.026751602482137926,9.079157567239468,-0.022294545107593235,-0.001720899926125341,development
2020-03-02,9.055236780539502,9.096197918177397,9.05165301720003,9.090392861758898,24.481150565370385,9.005885055686402,0.025893051200863913,0.05861475487163226,9.070489248756068,-0.0020476655161866812,0.021951278519017237,development
2020-03-03,9.089909950772569,9.09398616127558,9.071651730317685,9.081118096954386,24.47010084400881,8.991535105671181,0.035866489928151696,0.053716501355053126,9.061438254411382,0.005404993774667912,0.014274848768335957,development
2020-03-04,9.081204105703778,9.087422876247944,9.072506208954785,9.077408353291208,24.271350623717034,8.97718954777209,0.03137861637329923,0.0688401891458188,9.052107617519379,0.0006416495649104537,0.0246590862069187,development
2020-03-05,9.077983735455424,9.120640440934615,9.077637653734753,9.113693195239653,24.404568020869622,8.962949759419818,0.04427726947357741,0.10646616634625872,9.042590097451725,0.008679537761019164,0.062423560026909186,development
2020-03-06,9.11364317604957,9.12344120465445,9.108537863762804,9.118504199594192,24.432606663395187,8.948910535483211,0.060668303837173566,0.1089253602738065,9.032970462661286,0.02729050561666044,0.058243231316245314,development
2020-03-07,9.11840057052043,9.122953001000582,9.092766030404174,9.094924369160902,24.312792536251976,8.935156419064844,0.08270952636741949,0.07705842372863714,9.023326612724487,0.05102818140173527,0.020569575034679488,development
2020-03-08,9.094728159564603,9.09541691569768,9.000267640345413,9.000620840350281,24.411472617916488,8.921756549234589,0.060370999865848776,0.018493291249843224,9.013725426072057,0.023315031519879133,-0.03641961724165377,development
2020-03-09,9.000994503825895,9.009177644675106,8.947688825097051,8.977606547019176,24.57207202466074,8.908764196883759,0.057805755746071254,0.011036594389345566,9.004216257978566,0.02619692908432599,-0.05280664004371616,development
2020-03-10,8.977417530521759,9.004170119892457,8.963769939645319,8.975848861946838,24.466016358764822,8.896221377617222,0.06392022846388894,0.015707255865727632,8.994850189600717,0.03177199648545556,-0.05077332413933355,development
2020-03-11,8.975894418977852,8.98102964931929,8.94152094269023,8.97606385048652,24.378659927059662,8.884154810544464,0.03100091315308994,0.0609081267889664,8.985678419947996,-0.0031960308829164837,-0.006418538578559563,development
2020-03-12,8.976340125823786,8.978296859615996,8.488866554571029,8.51133367513167,24.71188606259514,8.872573021334805,-0.09335198026131841,-0.2678873659418173,8.976743713253219,0.006256549689501241,-0.4716665878110504,development
2020-03-13,8.52075305856366,8.672163206239745,8.320443477228011,8.624019897271708,25.029447230773428,8.861479702106292,-0.05199017208165571,-0.1854696327529286,8.968074200378378,0.010413538380354092,-0.3544678414870237,development
2020-03-14,8.625702718389423,8.635016504128156,8.541899332890702,8.556484327282089,24.311067425335192,8.850885823379217,-0.06548778120897769,-0.22891371488815082,8.959682525373998,0.025431663306406536,-0.42862986139831527,development
2020-03-15,8.556619055639983,8.671911427867046,8.55048931243576,8.592730059825577,24.249564290224424,8.84081985492646,-0.04797785088081016,-0.2001119442200725,8.951569340666,0.03792921395640827,-0.39676849479683085,development
2020-03-16,8.591415205581209,8.591415205581209,8.428440206343671,8.520085002098318,24.538073430249224,8.831324847890281,-0.09230693538017742,-0.21893291041178564,8.943726807606675,0.006172505336697795,-0.42981431084505495,development
2020-03-17,8.517708683527346,8.588834298057677,8.513568466029309,8.56133052795169,24.377104545991582,8.822453111015824,-0.05868771007321571,-0.2024348729909189,8.936126830493683,0.02025377147746229,-0.3950500740194549,development
2020-03-18,8.56161454430731,8.581450545029925,8.530965109308545,8.563778732331574,24.357657452625016,8.814260000440086,-0.06182006552812626,-0.188661202580386,8.928720190656966,0.011444133049299757,-0.3763855913746923,development
2020-03-19,8.565109927401158,8.753013782829843,8.563498127104914,8.730883056482527,24.655105818548183,8.806803239403159,0.0015516915955856238,-0.07747187451621684,8.921451481746196,0.027502681219141064,-0.21807110648281025,development
2020-03-20,8.73095750430735,8.831165874929672,8.676891040866982,8.732107506455945,24.720419680832812,8.80014365861346,-0.01420028627959342,-0.05383586587792166,8.914282137250703,0.003444876097345514,-0.18561950689210427,development
2020-03-21,8.733355870482276,8.760631053679425,8.688255473466958,8.729893021389808,24.472637924896162,8.79433448109849,-0.027785060023530806,-0.03665639968515144,8.907175423842403,-0.006753183653684382,-0.17052921879891159,development
2020-03-22,8.729972516002197,8.757736055515732,8.66969345869021,8.670815997599858,24.414633810650418,8.789414205148924,-0.04817596875430461,-0.07042223879476239,8.90009108285613,-0.021426320071962907,-0.20784876518430906,development
2020-03-23,8.671008016907885,8.770894590614033,8.663024399350912,8.766599235155846,24.562544284985297,8.785409287479402,-0.014663266326602182,-0.004146785996953284,8.892993820143957,-0.06923607042368402,-0.057158514564426,development
2020-03-24,8.76976234433419,8.823062314617042,8.76578090206807,8.815043943802083,24.59907933299157,8.782334926484054,0.01791816005026061,0.014790857267767521,8.885856605552656,-0.049052492104085486,-0.021760169646487526,development
2020-03-25,8.815624799578819,8.838190772203843,8.785222344675022,8.807032383810986,24.52077787516125,8.780199447786325,0.007055472921051707,0.01977746310361006,8.87867402390028,-0.045914202297633884,-0.025727437791658758,development
2020-03-26,8.806150085637336,8.815141960563325,8.793454730783495,8.812313595261026,24.287709483418872,8.779005203384369,0.004958994472092553,0.02834939740456477,8.87147643318298,-0.033953559994275045,-0.025209277927679352,development
2020-03-27,8.812752530576125,8.823771072186947,8.774421467708875,8.774900218539338,24.26670320022272,8.778747523065434,-0.013999520517136745,0.010152215991041658,8.864339082105607,-0.04783942038039599,-0.0415994431858735,development
2020-03-28,8.774506862466499,8.77454506512318,8.718964027301933,8.739086977779467,24.275329249936537,8.779411969534316,-0.01271913071261962,-0.027605861042228952,8.857391102762062,-0.03617774481342125,-0.08212638016917317,development
2020-03-29,8.739636419481357,8.740411505535638,8.68610624432674,8.686436764460948,24.06872817712868,8.780973087211478,-0.027522377239001063,-0.06701394551152973,8.850824525071312,-0.020606682197305343,-0.14378107841305798,development
2020-03-30,8.687026860437708,8.782199470533497,8.68325567884009,8.76870521304096,24.33692732109462,8.783397168869831,0.025745082431498062,-0.04043703826036982,8.844889679754402,-0.015357524559537638,-0.060826942153905605,development
2020-03-31,8.768824127714307,8.780251851197027,8.760007927506084,8.770073320392306,24.21328173103102,8.78663759411335,0.02181404622847253,-0.03837831994951557,8.839872041391855,-0.007522918388431422,-0.06227580261111676,development
2020-04-01,8.769867480267502,8.79672822619891,8.732687325998961,8.795851123568431,24.42076865938804,8.790633554496797,0.042116907092969835,-0.03689933802133538,8.836048591609005,0.010325392210943266,-0.05052286025151709,development
2020-04-02,8.795851123568431,8.866193418170486,8.794206321110654,8.82373987960417,24.58737186549112,8.795316299152166,0.05782260990394101,-0.029399029451935732,8.833630417752909,0.027772463698145212,-0.03766300184688376,development
2020-04-03,8.824294947850767,8.854125422652276,8.805875154510716,8.814833595728782,24.38622486317818,8.800604936025538,0.04446954510442924,-0.030240885401184414,8.832713252512715,0.013588306368195139,-0.031467963152127965,development
2020-04-04,8.815575236392416,8.83622182822664,8.809338020390067,8.834559399614214,24.225393593216598,8.806407745587023,0.059727610530700956,-0.03157595650350942,8.833266503760228,0.02583259267001617,-0.024539696816029632,development
2020-04-05,8.833832564564162,8.836870037933165,8.812237476003686,8.82337253882713,24.10800891455439,8.812628995935327,0.0661308326716517,-0.055387289779849525,8.835141483466984,0.03479655636624801,-0.046565501006101684,development
2020-04-06,8.822918963539928,8.891756554271755,8.822158491906176,8.891756554271755,24.571217510561723,8.81917772716381,0.08666077492190472,-0.014081947813959772,8.838124871960868,0.05577514308944149,-0.002143460778555095,development
2020-04-07,8.89201268882577,8.913003771254669,8.873007775051164,8.878555171161478,24.512973913236564,8.825970783730572,0.07710220719588087,-0.02451781976497358,8.842009021975391,0.03223024659930635,0.004315902586780496,development
2020-04-08,8.878954824607426,8.903301986703097,8.875329859475547,8.900289797272771,24.34929200378484,8.832932907916865,0.07600820788584045,-0.008651318529933505,8.846609170152366,0.04241591014953687,0.01126471697086906,development
2020-04-09,8.900817013599154,8.901291410320251,8.878928503388222,8.89591579919905,24.273318163006348,8.840006235950742,0.06995209437907168,-0.014042531130764146,8.851766232956697,0.03877545259922042,0.005374113643133782,development
2020-04-10,8.896152152240296,8.896152152240296,8.825041809937728,8.834263153058158,24.49884672611252,8.847168951952725,0.02606082628338605,-0.03896662517795235,8.857361503134017,-0.00657215620586941,-0.016526193869989214,development
2020-04-11,8.834546743741782,8.843047806343835,8.823194570705796,8.833329039481786,24.16439156424758,8.854442723713857,-0.09416709552065636,0.07305341128858522,8.863343172357405,-0.007889681614020077,-0.022124451261598566,development
2020-04-12,8.833181029590984,8.870655597917919,8.826305701591037,8.849527133811689,24.300083696378852,8.861855354779285,-0.05977081299867069,0.04744259203107504,8.869678869120214,-0.0006186940806643678,-0.019533041227861148,development
2020-04-13,8.848741424864237,8.848741424864237,8.805114200220455,8.831279230475909,24.377018212388307,8.869430139132106,-0.06910234115499228,0.03095143249879584,8.87633503103635,0.009259343488286442,-0.054315144048727504,development
2020-04-14,8.83102268181328,8.84772742278525,8.823768844135532,8.830897879514525,24.25286915839128,8.877186286742754,-0.047151722034884144,0.0008633148066561347,8.88327531188418,0.029817632947379522,-0.08219506531703402,development
2020-04-15,8.831355768397387,8.843422368130456,8.799873199175519,8.801184942450304,24.19797111412374,8.885141727445246,-0.09104419736776324,0.007087412372820623,8.890466050078413,-0.0018448146584344256,-0.0874362929696737,development
2020-04-16,8.80093562898749,8.872690538019317,8.788060341368642,8.870214055188345,24.568790906901903,8.893312256221751,-0.05894188406304796,0.03584368302964158,8.897882547076277,0.008592185985492723,-0.036260677873423575,development
2020-04-17,8.870178720586507,8.877267984014154,8.860829991293048,8.867312534079561,24.204918873869048,8.901706261123719,-0.05364547297101872,0.01925174592686041,8.905511544651725,0.008391735406909984,-0.0465907459790742,development
2020-04-18,8.866763769564274,8.891505592930606,8.866334417836198,8.889813436115595,24.20287963187425,8.91031563401468,0.00017340695096281031,-0.02067560485004627,8.913347812019598,0.023819874140274346,-0.04735425004427718,development
2020-04-19,8.890262146994203,8.892957838208352,8.87725006649362,8.880366448210388,24.167242024236547,8.91912133744854,-0.00903034723814157,-0.029724542000010956,8.921388392253673,0.0053184187079649,-0.0463403627512502,development
2020-04-20,8.880011520959096,8.887416612613327,8.82988532801653,8.836658555534243,24.354174857718842,8.92809951802026,-0.030309613654144738,-0.061131348831871435,8.92962747290936,-0.008632235146178616,-0.08433668222893864,development
2020-04-21,8.83634256124932,8.844271695908756,8.829730163240397,8.836420912672567,24.207263398251694,8.937220189534738,-0.0575887696737299,-0.04321050718844077,8.93804634068175,-0.031606536718540364,-0.07001889129064232,development
2020-04-22,8.836292594770857,8.874289247894637,8.834596441955018,8.870270725227414,24.227295156115456,8.946443555490998,-0.022317124437484737,-0.05385570582609844,8.946606132310647,-0.06569856694760276,-0.010636840135630266,development
2020-04-23,8.870846435896043,8.921562386697916,8.865254405250715,8.91324407228734,24.496044759178183,8.955725210868527,0.008113008535182953,-0.05059414711637089,8.9552603232778,-0.038063584679116365,-0.003952666311343833,development
2020-04-24,8.913843784376292,8.932502459857192,8.913843784376292,8.929422156846654,24.268174635213846,8.965019144791421,-0.005724062193236827,-0.029872925751531554,8.963965948926385,-0.043787055012866685,0.009243262933136265,development
2020-04-25,8.929366801787019,8.941331370157338,8.925543780915993,8.931939896593946,24.21800035622944,8.974280859914192,-0.00845035828242038,-0.033890605037825594,8.972689305195463,-0.03815798678110382,-0.0025914218204139416,development
2020-04-26,8.931966729353677,8.949052778630268,8.930812657527282,8.946357532763022,24.22189703559536,8.983469813354496,-0.023944073176250875,-0.013168207415223065,8.98140728376194,-0.0494856772964441,0.014435926297526436,development
2020-04-27,8.946299165076367,8.961314888717883,8.946299165076367,8.961314888717883,24.311278682824327,8.99254966341358,-0.02229667643629847,-0.008938098259399396,8.990105549621276,-0.03881637630185747,0.01002571539846464,development
2020-04-28,8.961490503243306,8.963739760412347,8.95296848814235,8.962783551407869,24.22545299414256,9.001488572304561,-0.03039833737817071,-0.00830668351852104,8.998770751139824,-0.019061768647246166,-0.016925431084709786,development
2020-04-29,8.962739206963448,9.090627790367762,8.960088862083042,9.082624957827237,24.8209556675802,9.010256765255525,0.020997731098946565,0.05137046147276614,9.00738415890492,-0.010089825923537738,0.08533062484585585,development
2020-04-30,9.082242183814554,9.152780154117927,9.051726262734892,9.06630297964143,24.927430399656405,9.018832528560782,0.02165337294863773,0.025817078132009286,9.015928868128197,0.003917735446534865,0.04645637606669695,development
2020-05-01,9.067944921064473,9.110301608199322,9.06736609786371,9.089839890130134,24.50900858229884,9.02720284033635,0.029381524665500022,0.03325552512828445,9.024388202970192,0.009259526852606378,0.056192160307336536,development
2020-05-02,9.090323825803655,9.105778148709291,9.083797781935713,9.103712017394582,24.41549937692024,9.035358406979022,0.05676112223084913,0.011592488184710703,9.032740088468813,0.041163926809964536,0.02980800211580359,development
2020-05-03,9.103157558942605,9.123450578504068,9.086020330578823,9.093522105155646,24.575576739055197,9.043294920638887,0.031092354397238172,0.019134830119520885,9.040957598018084,0.014676796811063032,0.0378877103264994,development
2020-05-04,9.093328364663536,9.10018016174631,9.064739222173554,9.09522737699906,24.54577534737682,9.051012060720746,0.040853661300852946,0.003361654977462436,9.049008997881064,0.025094773784695656,0.021123605333301043,development
2020-05-05,9.095247318558773,9.111890924112087,9.088943869755987,9.105320944030218,24.4879126261239,9.058514118712358,0.04318474236935877,0.003622082948501415,9.056860573842002,0.029480267943601122,0.018980102244615438,development
2020-05-06,9.1058063375775,9.149684200543314,9.101273669663103,9.134405070241478,24.622647008701513,9.065801924283901,0.05998996532029261,0.008613180637283335,9.0644706459108,0.0455898644149711,0.024344559915705943,development
2020-05-07,9.133664005180469,9.209606509064654,9.120232088080487,9.20548043710057,24.835985546711203,9.07287581950159,0.06798069370184585,0.064623923897134,9.071798552549428,0.03544497670104449,0.09823690785009909,development
2020-05-08,9.203936119358202,9.210014635329761,9.186782332843862,9.194481889934977,24.670284257727833,9.079734048798032,0.06696822041371517,0.0477796207232295,9.07881121200233,0.04827952399888908,0.06739115393375705,development
2020-05-09,9.194303084382721,9.201689387987145,9.16750014751181,9.168882392343596,24.564139114587306,9.086367407610789,0.057939344555672546,0.024575640177134872,9.085484505621418,0.04433926033246372,0.039058626389714135,development
2020-05-10,9.168598052524327,9.169057964711412,9.035404365379744,9.0775436424492,24.87155044400484,9.092753912104584,0.01233620184586142,-0.027546471501246117,9.091802905816628,-0.00126711461720514,-0.012992148750223365,development
2020-05-11,9.077441368608559,9.108691925058228,9.032925546502838,9.059726285789457,24.76841768303841,9.098859694386974,-0.04020983134075678,0.0010764227432407125,9.097757706510261,-0.013530738966889468,-0.024500681753915288,development
2020-05-12,9.06072439804423,9.099397463495018,9.055981418544816,9.083015682315745,24.46432773147289,9.10465624424625,-0.0358341985639572,0.0141936366334523,9.103347688819852,-0.016496618170599317,-0.0038353883335080496,development
2020-05-13,9.083119051193215,9.139690296585064,9.083119051193215,9.13453728908755,24.54225523773337,9.110127187988153,-0.030450895464416858,0.05486099656381427,9.108580773475232,-0.004111336633283315,0.030067852245601046,development
2020-05-14,9.134682024981473,9.189450546504187,9.132923023595737,9.18335159742247,24.75621196746133,9.115265171644692,-0.016155379410547246,0.08424180518832536,9.113467863853911,0.01156099372392655,0.05832273984463221,development
2020-05-15,9.183410086802876,9.18562014181695,9.133610335460432,9.140797056093936,24.597769769033096,9.120061353509263,-0.04846106012639517,0.06919676271106923,9.118017823081802,-0.015187335766490293,0.03796656877862503,development
2020-05-16,9.14133752551091,9.165782771050122,9.13353430711861,9.146016619454182,24.311351178191817,9.124505943949782,-0.026790685687658602,0.04830136119205797,9.122242053744618,-0.0013356894218510703,0.025110255131414405,development
2020-05-17,9.14579435086382,9.192482052493949,9.14308305404449,9.176860034129223,24.414249342590658,9.128594815015767,-0.019644332606028752,0.06790955171948632,9.126151587243509,0.005534127798869855,0.045174319086845216,development
2020-05-18,9.17737238229242,9.200898969170163,9.166426035988536,9.18261712914923,24.4568112456187,9.132333144079679,0.00017842667885214266,0.0501055583906993,9.129756250390141,0.01054879186299765,0.04231208689609112,development
2020-05-19,9.182667328704012,9.193809268310016,9.163209353078713,9.182870309655812,24.393326547969327,9.135732676343004,-0.006858684778171781,0.053996318090979045,9.133063607288056,0.0007088749821251023,0.049097827385629955,development
2020-05-20,9.182489008736681,9.190626723111304,9.153473804344985,9.16146325575153,24.321844136974086,9.138810059968291,-0.030640097088468318,0.053293292871707365,9.136078410454028,-0.019720128254295564,0.045104973551797656,development
2020-05-21,9.161437926073393,9.164845203082612,9.090422258362137,9.114023474691821,24.395155796783975,9.141581981561185,-0.052417272960446716,0.02485876609108395,9.138808945428995,-0.04392253707744691,0.019137066340274345,development
2020-05-22,9.113866360892894,9.130532426735456,9.105939248399007,9.125063179292072,24.118135698677307,9.14406480421946,-0.032731934243849285,0.013730309316461131,9.141267936947763,-0.04097365712547042,0.02476889946977856,development
2020-05-23,9.125333802198748,9.138038670164319,9.11801764905543,9.127967722236134,24.04570376656854,9.146274543833151,-0.008387262843971713,-0.00991955875304562,9.143471227700102,-0.018019795279356775,0.002516289815387651,development
2020-05-24,9.128293003303456,9.136522051392472,9.081057197395904,9.081411874216203,24.205084322086687,9.148227742778658,-0.021664751112242014,-0.04515111745021372,9.145438552922478,-0.03264583766651086,-0.03138084103976446,development
2020-05-25,9.080927050957682,9.09952119143446,9.07333643922854,9.094585417497175,24.16650550075493,9.149941759921601,-0.02910109678146209,-0.026255245642964553,9.147193510128048,-0.03723662860266853,-0.015371464028204329,development
2020-05-26,9.094883047780078,9.104086988163527,9.077642225819668,9.086482353496596,24.110505830797823,9.151436034361929,-0.034770391174816215,-0.03018328969051609,9.148762528963012,-0.04183259166666669,-0.02044758379974887,development
2020-05-27,9.086745828812681,9.127319601514055,9.086380989937869,9.12489332474812,24.211879807746996,9.1527316629278,-0.027433579027034565,-0.00040475915264615026,9.150172909689276,-0.030499529246392584,0.005219944305236979,development
2020-05-28,9.125321043684849,9.163910949342382,9.121340513558044,9.161754039616635,24.260364766049904,9.15384660132783,-0.01810639853188974,0.026013836820695246,9.151444671184336,-0.012186936573050757,0.02249630500534927,development
2020-05-29,9.16202741816877,9.166771586811493,9.146264556253948,9.152618460660172,24.21663642400718,9.154793016429526,0.0168041935549963,-0.01897874932435073,9.152583841902485,0.0034215575532592986,-0.003386938795573613,development
2020-05-30,9.15259621682328,9.180296570260404,9.144919273962195,9.179923850487631,24.211343271870057,9.15558067496525,0.020134618937045955,0.0042085565853344775,9.153594372650035,0.01737324465059484,0.008956233187001672,development
2020-05-31,9.179892037525146,9.179916602007888,9.151894917018732,9.154939557899514,24.047340615221962,9.15621490667656,0.016695950533546028,-0.017971299310591604,9.154476963940182,0.011310794090637493,-0.010848200131304608,development
2020-06-01,9.155208717236441,9.230100393462788,9.153865192043488,9.226928873814389,24.284280699432436,9.156699496165862,0.04462720972658886,0.0256021679219387,9.15523151830958,0.044162131586494235,0.027535223918313534,development
2020-06-02,9.226506358428113,9.228410206697209,9.15488805018024,9.16217939947915,24.390340589755816,9.157037507794811,0.019880505082658772,-0.014738613398320055,9.155855689429405,0.0163183782285672,-0.009994668178821442,development
2020-06-03,9.162594540211785,9.178112526630931,9.156079170337376,9.175409094418182,23.94243998783098,9.157232033328206,0.015378476920520674,0.0027985841694544433,9.156345451892616,0.014336463664334,0.004727178861232417,development
2020-06-04,9.175319693484042,9.199037772772162,9.1617011387661,9.190202633874648,23.97835034616776,9.157284463800414,0.020599980896214815,0.012318189178019523,9.15669334072835,0.020624526916669484,0.012884766229628752,development
2020-06-05,9.190159686865153,9.197177855378916,9.176081873533617,9.176321558563544,23.880675903839823,9.157194207781425,0.02541548111453654,-0.0062881303324182625,9.156887527481784,0.02358482392125827,-0.004150792839498152,development
2020-06-06,9.176256489575817,9.187422926047237,9.168582983236128,9.175094436469665,23.740682261864606,9.156961377250408,0.05158735517294323,-0.03345429595368543,9.156914731364575,0.03434535952422841,-0.01616565441913842,development
2020-06-07,9.17502433038115,9.18691800210333,9.154632124007831,9.185930104770101,23.942751509699583,9.156595462957483,0.04747670184514157,-0.018142060032523943,9.156770998446909,0.04006338630032145,-0.010904279977129505,development
2020-06-08,9.186054183176973,9.188330588082934,9.1773920632683,9.187224165150077,23.790683515137754,9.156117656580923,0.040706404100524285,-0.00959989553136964,9.15646633691127,0.03861644198577237,-0.007858613746964949,development
2020-06-09,9.187517945576914,9.193841932217063,9.176237392463552,9.18969881276501,23.889493461914892,9.155555204629705,0.005586455052099634,0.028557153083205833,9.156022105123665,0.004141058926071241,0.029535648715274476,development
2020-06-10,9.189537396880942,9.201188267339685,9.182793519054547,9.197264729848543,23.970012344916526,9.154930388675357,-0.0009568087804161978,0.043291149953601504,9.155460949398432,-0.003340084991661127,0.045143865441772846,development
2020-06-11,9.197263047796403,9.20415104273347,9.133790734489967,9.140109010662934,24.132667585261828,9.15425822604293,-0.012506267109266934,-0.0016429482707298604,9.15480141559603,-0.014104112848024253,-0.0005882920850712736,development
2020-06-12,9.139991985407917,9.163297591342523,9.136247183420876,9.157028594453077,23.841683090461093,9.153544856533927,-0.0026406712619803036,0.0061244091811314405,9.15405670445931,-0.0020440866538192796,0.005015976647587905,development
2020-06-13,9.157017161017137,9.158332286818146,9.148040385156722,9.1564413006568,23.58913554042262,9.152792728436722,0.006944668979534082,-0.0032960967594561907,9.153239368503952,0.008010669287692031,-0.004808737134844421,development
2020-06-14,9.156681514586248,9.1571790716356,9.142874236220605,9.147058456818504,23.667269602842346,9.152005681024848,-0.011236892251643489,0.0062896680452997344,9.15236508612807,-0.007556496929896503,0.002249867620331969,development
2020-06-15,9.14697824192587,9.159558562757788,9.103887680222229,9.15384431910324,24.007918344950657,9.151188149445606,-0.005838024719741106,0.008494194377375308,9.151450100849452,-0.005265434803309535,0.007659653057096705,development
2020-06-16,9.154221410870951,9.167373439553801,9.1485123408594,9.163041658511005,23.79436237793464,9.150341617046987,0.0003206534212709948,0.012379388042747408,9.150506641601398,0.0028827911088147038,0.00965222580079228,development
2020-06-17,9.162596998630013,9.163293087569063,9.140705134645033,9.15696648128004,23.72784436079375,9.149466991487564,-0.00010987880173777761,0.0076093685942133504,9.149543711579806,0.0032222007546528855,0.0042005689455812956,development
2020-06-18,9.15710491734211,9.157233036051863,9.14081830777718,9.149723837252047,23.600782150120633,9.148564346781766,-0.00299032295740366,0.004149813427684279,9.148567016936902,0.0010777253924340452,7.909492271096497e-05,development
2020-06-19,9.149559469604828,9.152804049008163,9.13500197063176,9.13648052111475,23.70043808935732,9.14763425508934,-0.02115861659980257,0.010004882625212375,9.14757962929534,-0.014387307083178107,0.0032881989025881353,development
2020-06-20,9.136797159192785,9.147929897473677,9.132095534490052,9.14124115412037,23.56412876337699,9.146681043681191,-0.03757108191541305,0.032131192354592386,9.146584350669011,-0.031107774412336385,0.025764577863695237,development
2020-06-21,9.141089619883743,9.148582772170005,9.137815986026157,9.138159912990213,23.452705717076416,9.145712378659617,-0.02836527049868729,0.020812804829283493,9.14558380590892,-0.025420225793230618,0.017996332874522736,development
2020-06-22,9.137868065591565,9.175238780747875,9.137433286008381,9.174580312240348,23.772728883783664,9.144740337663793,-0.014130595279074037,0.043970569855629194,9.144583782036522,-0.013173412093939865,0.04316994229776583,development
2020-06-23,9.174099137652284,9.176839534762356,9.164008126996992,9.172603011223549,23.556857537240408,9.143779679017143,-0.02560494835480697,0.05442828056121307,9.1435928594571,-0.02713570401614892,0.05614585578259934,development
2020-06-24,9.17286167967912,9.177855112195827,9.135426441063398,9.139232088009724,23.665687840067765,9.142842819247393,-0.03567959777100558,0.032068866533336404,9.142619552233578,-0.034108736079704126,0.030721271855849608,development
2020-06-25,9.139287553790853,9.14207878300127,9.115515738365223,9.13397900651465,23.647289875050856,9.141939393876456,-0.035875051893467,0.027914664531660804,9.14167258523156,-0.035284409860544416,0.02759083114363392,development
2020-06-26,9.133566785905256,9.138899857668285,9.116220694153075,9.12291996250781,23.632430226316934,9.141076257759819,-0.027936439294874577,0.009780144042865757,9.14076114375783,-0.026916309039171075,0.009075127789150983,development
2020-06-27,9.123455265450467,9.127807375363815,9.104781703020622,9.110010583740431,23.572415818163137,9.140260812056445,0.0030824748480160007,-0.03333270316402981,9.139896612980074,0.0031876360334025826,-0.03307366527304545,development
2020-06-28,9.110349960132325,9.126692083459554,9.102256751030303,9.120807494784259,23.40160368294044,9.139506072799758,0.010009433785062924,-0.02870801180056226,9.139097133134902,0.006716254691677865,-0.025005893042321148,development
2020-06-29,9.120418869804109,9.131034493993631,9.109621951436658,9.125964191658422,23.52423226852028,9.138830783560179,0.02065946290277029,-0.033526054804527305,9.138389284505672,0.021464018908001346,-0.03388911175525244,development
2020-06-30,9.125390256943906,9.128895575118161,9.11436213708274,9.120196074038017,23.47920406493837,9.138264914746053,0.012462241535647654,-0.030531082243683727,9.137811023973487,0.011881475855003244,-0.029496425790474845,development
2020-07-01,9.12107030264226,9.138818041567909,9.11654992551193,9.130032858703071,23.494074873735084,9.137844447615741,0.03937147568130429,-0.04718306459397503,9.137407403493045,0.04264111322108082,-0.05001565801105379,development
2020-07-02,9.130337792030852,9.135073886497281,9.109040826848732,9.118598933791521,23.51681563268762,9.1376111362449,0.02556845645735097,-0.044580658910730264,9.137229064489977,0.024237885740429815,-0.04286801643888616,development
2020-07-03,9.118755947946084,9.127213592195858,9.111491379373525,9.114633521718535,23.29427151015607,9.137607342672869,0.012286346297714268,-0.035260167252047836,9.137325558664513,0.01250580709078922,-0.035197844036767734,development
2020-07-04,9.114295596202295,9.125141449461811,9.11092104832226,9.119593475449342,23.2320947633426,9.137875562714932,0.01593640242605959,-0.03421848969164998,9.13774186601996,0.017380508091127227,-0.035528898661745245,development
2020-07-05,9.118892713223934,9.122839812883768,9.10242277031438,9.113162110523344,23.28075715563158,9.138460447536893,-0.0005049964175293715,-0.024793340596019675,9.138516059372412,-0.0008376877743549809,-0.024516261074712276,development
2020-07-06,9.113041673368192,9.145852474517211,9.111476933749543,9.145852474517211,23.60746655156202,9.13940005412796,0.028153357293098827,-0.02170093690384789,9.139677961744036,0.01956916667933147,-0.013394653906157572,development
2020-07-07,9.143041899862075,9.144266506186653,9.127156072918083,9.132624999555736,23.3508036853758,9.140722627209696,0.02127530832855877,-0.029372935982518555,9.14124761369044,0.016278014880296433,-0.024900629015000675,development
2020-07-08,9.132705318608835,9.153805568850647,9.132324774991444,9.151474584603223,23.704004256581968,9.142449277224392,0.019495485815617986,-0.010470178436786881,9.14323484168879,0.01885755089537392,-0.010617807980940697,development
2020-07-09,9.151438642609074,9.151797590388293,9.130755786840156,9.135397811819992,23.613676623247624,9.144596282342626,0.008478087469747299,-0.017676557992380992,9.14564100987165,0.006714629448888463,-0.016957827500545974,development
2020-07-10,9.134900774433556,9.136421639761608,9.118005974965072,9.135488327977344,23.548211901380288,9.147179081376766,0.0025413865091688725,-0.01423213990859118,9.148466666251968,0.0015435394687098557,-0.014521877743334244,development
2020-07-11,9.135348656097523,9.137073977734868,9.12690282147243,9.131334683412412,23.307256630487878,9.1502126205724,-0.007528245418798737,-0.011349691741189716,9.151716612344668,-0.010158373461803675,-0.010223555470451728,development
2020-07-12,9.131411301844775,9.139855560779027,9.126681571905829,9.135239599466932,23.394123691988558,9.153707098081375,-0.008044467710781445,-0.010423030903661257,9.155395908969808,-0.008153826677394624,-0.012002482825481664,development
2020-07-13,9.135315603477709,9.138458181101726,9.12959582304468,9.131688241618361,23.586598720747368,9.157666704198922,-0.0020370527511901024,-0.023941409829371096,9.15950775865408,-0.0034208642393159347,-0.02439865279640152,development
2020-07-14,9.131156800347895,9.136030726857067,9.123873697481937,9.131644925263888,23.618350823608935,9.162088420320345,-0.005853548409822874,-0.02458994664663372,9.164050236637967,-0.006736582583883923,-0.02566872879019577,development
2020-07-15,9.131502496475782,9.135112948316523,9.123903403873086,9.126179863469257,23.486102889333623,9.166959072225358,-0.00848649942491204,-0.03229270933118933,9.169013914560107,-0.008956413054529816,-0.03387763803631927,development
2020-07-16,9.126086694743915,9.12851326070107,9.114814368143527,9.119564924005937,23.477815805005783,9.172257425426142,-0.0012335298881242184,-0.051458971532081677,9.17438116698402,0.0011630960971963126,-0.055979339075278745,development
2020-07-17,9.119519475244417,9.12502797700798,9.114842410822044,9.121661341006126,23.358356075909935,9.177956928402148,-0.001683550833245587,-0.05461203656277647,9.180126879997282,0.0017482508367902719,-0.06021378982794623,development
2020-07-18,9.12163850443951,9.130320865483498,9.116120261919892,9.122496652940544,23.229004116778565,9.184025953204477,0.004358683722605502,-0.0658879839865385,9.186218684149637,0.008748583244569706,-0.07247061445366221,development
2020-07-19,9.122383732985345,9.127110755616108,9.11576952822559,9.125415984762157,23.283512058520948,9.190426467656852,-0.007769572604188477,-0.05724091029050804,9.192616584460092,-0.004352377313592572,-0.06284822238434273,development
2020-07-20,9.125568743385543,9.128508703432615,9.120143172839953,9.123063299147084,23.34471215235041,9.197115107357307,-0.018617147097754326,-0.055434661112467865,9.199275076365577,-0.013945337117596941,-0.06226644010089544,development
2020-07-21,9.122875944883942,9.149237297063067,9.121442450908068,9.14578987156686,23.617495806639884,9.204047183845184,-0.009343042756803012,-0.04891426952151967,9.206148704703306,-0.006566775163520269,-0.05379205797292563,development
2020-07-22,9.145810392455465,9.16225440807453,9.139880709562902,9.161713339005134,23.52857915115186,9.21117493597815,-0.004297771088122103,-0.04516382588489343,9.21319229718947,-0.0033908265781721486,-0.0480881316061641,development
2020-07-23,9.16190001482714,9.17058521131127,9.157256412778613,9.167544792258896,23.621737975934415,9.218449894042276,-0.01172989675705598,-0.03917520502632499,9.220359438482708,-0.013564748357962467,-0.03924989786584909,development
2020-07-24,9.1680083471004,9.171946356070547,9.157092969773514,9.162922985805714,23.529819195234513,9.22582688974768,-0.021371441171031454,-0.041532462770934586,9.227602139950296,-0.020602133188152058,-0.04407702095642918,development
2020-07-25,9.16319481665594,9.180350810994412,9.162222232917285,9.177518921023028,23.5332750311224,9.233264035904035,-0.021157741954643,-0.03458737292636549,9.23487351368793,-0.021820004886703118,-0.03553458777819962,development
2020-07-26,9.177841392270897,9.212718304452391,9.175008244687405,9.200811818354492,23.74408084200888,9.24072687679351,-0.019003436129370065,-0.02091162230964727,9.242135945920857,-0.01895948292575623,-0.022364644640608944,development
2020-07-27,9.200816945059561,9.332400618864604,9.200690938275926,9.304820484642809,24.28883999298829,9.248189605440238,0.011984819946653732,0.044646059255915915,9.249365455715195,0.01060689361476429,0.0448481353128507,development
2020-07-28,9.307236917382424,9.32405533534678,9.271683026768759,9.29769382078591,24.08247913047318,9.255630426718575,0.007273762295136743,0.03478963177219718,9.256546954883357,0.006521485266063919,0.03462538063648957,development
2020-07-29,9.297705723226198,9.332947084751185,9.2924862449079,9.31474252785394,23.926713242120766,9.263024689242243,0.02002377983179442,0.0316940587799035,9.26366423856282,0.020148308495810358,0.030929980795310286,development
2020-07-30,9.314685343043116,9.320929276258456,9.296101016125485,9.315710135891244,23.852534098826865,9.270343844419362,0.013584136603488419,0.03178215486839342,9.270697983894546,0.013393344448403035,0.031618807548294825,development
2020-07-31,9.315619868952083,9.34275926875662,9.30447292319353,9.334632559287824,23.86571277299472,9.277556874253808,0.033179747401445185,0.02389593763257203,9.277627367540509,0.035210992113238374,0.02179419963407625,development
2020-08-01,9.334553385170418,9.375411948845707,9.327205886394216,9.372424592451681,23.98426854427177,9.284630811146048,0.032049058087406435,0.05574472321822732,9.284428258650614,0.029260172688608196,0.05873616111245816,development
2020-08-02,9.372354169166112,9.395503265846118,9.307297365946484,9.310512735819069,24.034176203916243,9.291531889569473,0.0179587792439572,0.0010220670056391157,9.29107373458724,0.016997028915960843,0.0024419723158679574,development
2020-08-03,9.309621615749675,9.34601388986125,9.30677855534521,9.327798788727328,23.732492324868854,9.298226356760726,0.011677198554558316,0.017895233412044576,9.297534123973048,0.012820648780904012,0.017444015973376636,development
2020-08-04,9.327785851111217,9.340085516802356,9.314172816627957,9.32419504214318,23.77963200488561,9.304682226120306,-0.021757429969465034,0.04127024599233842,9.303778445117214,-0.021820645155098295,0.042237242181064616,development
2020-08-05,9.32401035974716,9.374720030393664,9.319937564630264,9.371355079799585,23.918310111755474,9.31087248256547,0.006308798005700825,0.0541737992284137,9.309779623166838,0.0024548365145111773,0.059120620118235934,development
2020-08-06,9.371597548448293,9.384489957314782,9.358649497671697,9.374139224423006,23.876033497313852,9.316768051708282,-0.004024643453415565,0.06139581616814027,9.315505394755997,-0.006139764622079147,0.06477359428908791,development
2020-08-07,9.374064609847892,9.38412879912111,9.342122188108945,9.358887322484824,23.86449630248379,9.322328940698466,-0.003967602339279617,0.04052598412563846,9.320913032906159,-0.004324314695751525,0.04229860427441601,development
2020-08-08,9.359152861269362,9.375860272303248,9.355170461741912,9.37195279221857,23.589575854540982,9.327507704303384,-0.0028491281434536147,0.04729421605864026,9.325955037663116,-0.005402140351224589,0.05139989490667851,development
2020-08-09,9.37052923096686,9.376367953349689,9.35433544460824,9.365268400446825,23.58487276060389,9.332252060089703,-0.009280198679269647,0.04229653903639097,9.330585394918414,-0.009358429058133498,0.044041434586544526,development
2020-08-10,9.364112995206193,9.396416590364792,9.364112995206193,9.382452601321914,23.985741716637527,9.336510443441771,-0.00865467336549517,0.054596831245637745,9.334761423706023,-0.012457319640525493,0.06014849725641547,development
2020-08-11,9.382750258386311,9.387038726494596,9.323285857085652,9.342291488246499,24.02057504966431,9.34023718890635,-0.014122335015717457,0.01617663435586536,9.338447455440484,-0.014296258342628255,0.018140291148643684,development
2020-08-12,9.341771770656099,9.371472040472222,9.328088337684289,9.35746078903007,23.94472027381521,9.343394774654682,-0.01078344252926644,0.024849456904654232,9.341617754347439,-0.011276649230585743,0.02711968391321662,development
2020-08-13,9.35776033152588,9.37554938076401,9.325174358569933,9.374509643410242,24.038258770437018,9.345956806690653,-0.006128712776243507,0.0346815494958328,9.344255656455594,-0.007352602551267042,0.037606589505914556,development
2020-08-14,9.373535103368408,9.405166267643661,9.366100191871421,9.373213281465647,23.91118577801695,9.347911896080804,-0.013118518115124751,0.03841990349996749,9.346351830973374,-0.014391230369827392,0.04125268086210099,development
2020-08-15,9.373198511885601,9.3895908118813,9.373198511885601,9.381407015853053,23.874073693943842,9.349263542285076,-0.004683748552521761,0.036827222120498604,9.347902169264266,-0.0034245167817845224,0.03692936337057162,development
2020-08-16,9.381490219462881,9.387222274809165,9.370517582589232,9.38368876592443,23.74774957193004,9.350026898939024,-0.002694482398010208,0.03635634938341603,9.348906894569776,-0.0006609133296050043,0.03544278468426043,development
2020-08-17,9.383928755380202,9.42214440447429,9.37642213170001,9.413640526107132,24.063569142734313,9.350227179243536,0.006071002985502403,0.057342343878094226,9.349371464875501,0.008873326901329096,0.055395734330302204,development
2020-08-18,9.413435939512773,9.42025334633173,9.388865179397136,9.391931111788448,23.983023597181578,9.349899794158341,-0.003079219472288824,0.045110537102395654,9.349311990743146,0.0009310741937698691,0.04168804685153127,development
2020-08-19,9.391902037625979,9.395069347776834,9.36626088558043,9.37231322440101,23.922055319889644,9.34908951920868,-0.009954641563958819,0.03317834675628717,9.34875687727871,-0.00357577271378516,0.027132119836085877,development
2020-08-20,9.372586764339086,9.384328227242323,9.368203877584754,9.382474552382229,23.727722092963006,9.347849093200406,0.002023825669994296,0.03260163351182932,9.347747440311604,0.006231702279728656,0.02849540979089582,development
2020-08-21,9.38244544864406,9.384231472963178,9.355736801209579,9.358112689804113,23.891371430605663,9.346236691157321,-0.001636018190585468,0.013512016837378127,9.346335110092937,-0.0001298207905701147,0.011907400501746324,development
2020-08-22,9.35750765656074,9.36643834573819,9.3456406943715,9.36578951129707,23.730145314270786,9.344312789416776,-0.004496301541583803,0.02597302342187824,9.344577235000266,-0.0054851468864410835,0.026697423183245306,development
2020-08-23,9.365607253475652,9.368491299277048,9.355299299642404,9.364335124790314,23.64006651267813,9.342137186718142,-0.008833328332066471,0.03103126640423781,9.342533170067655,-0.008881026302286966,0.030682981024945377,development
2020-08-24,9.364235829236932,9.376501367492395,9.360762681489222,9.373699582838668,23.752505986235878,9.33976214724877,-0.012825440902152551,0.046762876492051575,9.34025819151343,-0.013805402630609878,0.047246793955848077,development
2020-08-25,9.37361407051413,9.374014117417275,9.322762449116741,9.338393579080453,23.99289218638327,9.337223604505008,-0.006674516068347482,0.007844490643792668,9.33779281223542,-0.00737296024186155,0.00797372708689359,development
2020-08-26,9.338460421030133,9.352712186539724,9.332291877256267,9.349089913350698,23.835298312146087,9.33454239169222,0.01703438529046091,-0.0024868636319848036,9.335161271509952,0.01539583561504887,-0.001467193774303155,development
2020-08-27,9.348850087163777,9.356238763428362,9.32241303757057,9.334626435702747,23.869158629226735,9.331734185080789,0.011264198937989241,-0.008371948316030497,9.332384130384323,0.010154288678761725,-0.00791198336033716,development
2020-08-28,9.334794078045224,9.354061010104564,9.33401029916764,9.353791154381144,23.709307689112343,9.328816784489625,0.023922200410245602,0.0010521694812730686,9.329485825222115,0.023415834367822904,0.0008894947912061468,development
2020-08-29,9.35366593016665,9.357521733568056,9.347166964336738,9.350699112753482,23.58464339389483,9.32580939370032,0.015587494427288542,0.009302224625873379,9.326493091627846,0.015144627019053714,0.00906139410658291,development
2020-08-30,9.350859755246633,9.36864794138242,9.3494396461396,9.36832704439573,23.70693200424517,9.32273292098383,0.028186325266870996,0.017407798145029574,9.323433996371094,0.02900389213171299,0.015889155892923057,development
2020-08-31,9.36848079418592,9.373213779389237,9.358615397619923,9.365703485936614,23.827221296100955,9.319609070959801,0.03255080445883328,0.013543610517979587,9.320335511365446,0.03091282461881897,0.014455149952349089,development
2020-09-01,9.365574728128378,9.398236449716329,9.358857692186774,9.390198774361163,24.03057572225671,9.316462782701375,0.018222332264829333,0.05551365939495945,9.317228784443264,0.015908216204454286,0.05706177371344445,development
2020-09-02,9.389726227145177,9.389726227145177,9.331742977966092,9.342598945660244,24.056805359167775,9.313315002693725,0.0052121775083167135,0.024071765458201,9.314137895555252,0.006056843251459797,0.02240420685353328,development
2020-09-03,9.341999260934454,9.345135431087789,9.228422386533547,9.234574038291212,24.186726076011446,9.31017868334816,-0.03233214446459329,-0.0432725005923551,9.311074441766372,-0.03195227146914493,-0.044548132006015706,development
2020-09-04,9.233115560165658,9.274621352453005,9.230921169948422,9.260254997035771,24.123300221756487,9.307060974036848,-0.006770486200078197,-0.040035490800997664,9.30804141244722,-0.00936882484979859,-0.03841759056165017,development
2020-09-05,9.260323183706308,9.266869209507885,9.204993681969542,9.227154949298079,24.528072501137217,9.303971114589684,-0.015652236610397288,-0.061163928681207125,9.305044045019514,-0.015486001450628305,-0.06240309427080604,development
2020-09-06,9.22692378393883,9.245121217526341,9.216012827139014,9.237989736867982,24.336113243001495,9.300925778350223,-0.012418578896891155,-0.05051746258534884,9.302096436784673,-0.013856880000515966,-0.05024981991617494,development
2020-09-07,9.238052620872436,9.249479670276903,9.201954626085382,9.2466302058342,24.24085561102797,9.297946780935646,-0.009837891414748822,-0.04147868368669805,9.299218017329132,-0.012724258917458655,-0.03986355257747398,development
2020-09-08,9.246605436885986,9.250980787451962,9.204836287455771,9.223406299758368,24.232747280427617,9.295060550148017,-0.02030908869412077,-0.05134516169552761,9.296432845372072,-0.018855844091342576,-0.05417070152236114,development
2020-09-09,9.223666322770562,9.244794258187056,9.212063983703693,9.234286135988475,23.906650962153254,9.292293304131304,-0.008628684665657287,-0.049378483477172,9.293763971614496,-0.011355568321175498,-0.048122267304846034,development
2020-09-10,9.234284419583636,9.259503048658974,9.233874825378551,9.246010430354943,24.71974842519174,9.289673100292381,-0.014001902561751135,-0.029660767375686348,9.291235615682789,-0.01384228791142644,-0.0313828974164192,development
2020-09-11,9.246578595772602,9.252913426096333,9.224325809242265,9.24964906587443,24.53438774152973,9.287229640229304,-0.010929161435384006,-0.02665141291949169,9.288873515773583,-0.011045092746049008,-0.028179357153105045,development
2020-09-12,9.25050884067495,9.266610859114756,9.23915974751111,9.253607780433004,24.327406166684675,9.284992667073386,-0.0021938648941617297,-0.029191021746219903,9.286704007918027,-0.0028371898696151203,-0.0302590376154086,development
2020-09-13,9.254586839649374,9.266457423119498,9.232525460916204,9.242202912747965,24.320765827583703,9.282993046209691,-0.008905918895217772,-0.03188421456650836,9.284755387505589,-0.009704668441083433,-0.03284780631654094,development
2020-09-14,9.242685035730576,9.287302407556261,9.236593599344312,9.276206563556672,24.29149012687938,9.28126227607987,-0.0006596210339682826,-0.004396091489230258,9.283056598463567,-0.00016636796560080564,-0.006683666941293964,development
2020-09-15,9.275917873186982,9.30005600782621,9.273921556263028,9.287019074184352,24.204796712492,9.279829891632023,-0.0001453088011591718,0.007334491353487849,9.281634830371884,0.0008283027640466787,0.004555941048421275,development
2020-09-16,9.287094143485298,9.31471156021098,9.278455436836937,9.303366606471041,24.14980558611127,9.278719299609294,0.004373890121172245,0.020273416740574035,9.28051192530056,0.00708565819838749,0.015769022972092372,development
2020-09-17,9.30321594963124,9.30904667840862,9.284949383517276,9.301002514554094,24.364839051584855,9.277948470191744,0.0005220370811171954,0.02253200728123339,9.279704075454239,0.005326484306020557,0.01597195479383373,development
2020-09-18,9.301260959784747,9.308818999671185,9.290043689447995,9.300600178268308,23.994426812843695,9.2775297877184,-4.085738773003042e-05,0.023111247937638524,9.279222665725797,0.008669022824602019,0.012708489717908833,development
2020-09-19,9.299609882711621,9.317767100844542,9.297400079131224,9.31419094945089,23.848455139560677,9.27746724319132,0.011898130409265215,0.024825575850304205,9.27907179560801,0.017889110815424172,0.01723004302745501,development
2020-09-20,9.314328256807201,9.314328256807201,9.288641028389922,9.300023063492658,23.930049800596915,9.27775487526343,0.0035314854320518396,0.018736702797175653,9.279247148287393,0.006071796131880858,0.014704119073384092,development
2020-09-21,9.299717145707861,9.304586776171814,9.247661275864893,9.255529753482747,24.086588240041507,9.278375547076893,0.012986815013110628,-0.03583260860725623,9.27973610106508,0.011864978146716214,-0.03607132572904881,development
2020-09-22,9.255277792422223,9.265593146516165,9.247898796600802,9.262786697567693,23.88543533515609,9.27930579948999,0.013557557326409082,-0.030076659248706505,9.280523096733866,0.012072794895766889,-0.029809194061940048,development
2020-09-23,9.262505044653375,9.262726741089825,9.229933686191437,9.234660868510693,23.892474912012233,9.280524351032762,0.0035025990532412694,-0.04936608157531097,9.281596674017996,0.0019040929459673926,-0.04883989845327008,development
2020-09-24,9.234914551212139,9.284617874901608,9.233225520868228,9.283597005629815,24.57648066401412,9.282021334098433,0.010509133569678,-0.00893346203829637,9.282955599230284,0.008808428532593778,-0.00816702213306364,development
2020-09-25,9.283693930631589,9.28523411939907,9.266618059312602,9.277318115789829,24.39572600323986,9.283794681269908,0.020466247932376714,-0.026942813412455635,9.284604519858872,0.014897362109449253,-0.02218376617849316,development
2020-09-26,9.277585402211486,9.284798191926027,9.274936508641447,9.2827283457089,24.570270750133144,9.285843989099948,0.012538856019664427,-0.015654499410713285,9.286548806789126,0.009739243760637319,-0.013559704840863773,development
2020-09-27,9.282371929443661,9.287669545343325,9.270769386898131,9.285008929044245,24.707534576849543,9.288166462048975,0.0180623036101337,-0.02121983661486304,9.288791082394752,0.016759529920714326,-0.020541683271220634,development
2020-09-28,9.285133628126324,9.300669773728414,9.27836283743814,9.27890070166375,24.589504445728515,9.290754015998864,0.003941519161908129,-0.015794833497022154,9.291329526789108,0.002281844677886617,-0.014710669803244869,development
2020-09-29,9.278900519584994,9.292841683727334,9.273267763441075,9.291426285782475,24.564488551410076,9.293595732186516,0.016417246798166363,-0.018586693202207627,9.29415956716045,0.01445227817330479,-0.017185559551281315,development
2020-09-30,9.291355322868075,9.291667501196322,9.27512773308802,9.285864382003448,24.51133597063613,9.296683434483388,0.01822458292831249,-0.029043635408251944,9.297279219344324,0.01588555065565183,-0.027300387996527675,development
2020-10-01,9.28686195360116,9.299598092545814,9.256494345398526,9.270442706836292,24.412723476403983,9.300011569713703,0.021515037921340425,-0.05108390079875136,9.300688869607228,0.018201873197980528,-0.048448035968917225,development
2020-10-02,9.270477466970727,9.274050852570289,9.251164553694046,9.266340161369978,24.608153052996393,9.303583640513924,0.00021630272420808047,-0.03745978186815435,9.304391688267717,-0.001383477220901182,-0.036668049676837455,development
2020-10-03,9.266257515925977,9.268509315669919,9.260189963325836,9.263817544465068,24.522350164038546,9.307412506257906,-0.034626198430120755,-0.008968763362716459,9.30839456280752,-0.03672958063784569,-0.007847437704604943,development
2020-10-04,9.263922884952265,9.276689752517717,9.262400574214718,9.27515226293232,24.989485596078904,9.311512409962491,-0.016109067122369928,-0.020251079907801284,9.312701102460446,-0.020400560401648053,-0.017148279126478982,development
2020-10-05,9.27580308778926,9.286700103658308,9.27186817074667,9.286684541404595,24.58478635121969,9.315897867211769,-0.0264408145074169,-0.0027725112997565304,9.317313336489212,-0.028048139985302922,-0.002580655099313489,development
2020-10-06,9.286959376846799,9.287077140742921,9.261878246301622,9.269024877689779,24.475676163471668,9.320580948251227,-0.007866656011637649,-0.043689414549810124,9.32222995507399,-0.014467045800892503,-0.038738031583319454,development
2020-10-07,9.26892578378117,9.276175659136635,9.265065919239184,9.275094690140401,24.355560612405828,9.32557199660477,-0.006940961025244175,-0.04353634543912577,9.327450196786977,-0.01360487916153696,-0.038750627485038436,development
2020-10-08,9.275132400665498,9.300705371781298,9.265075349721155,9.297956075074,24.871384857556336,9.33088501743601,-0.025367423499508587,-0.007561518862502226,9.332980494041928,-0.02709971738552418,-0.00792470158240377,development
2020-10-09,9.299075628814085,9.314941068244353,9.291630048629871,9.31149326890861,23.849987671017548,9.336541406654739,-0.016025590016174426,-0.009022547729955477,9.338832486291542,-0.01748669343375436,-0.009852523949177794,development
2020-10-10,9.311012747658857,9.345064510246724,9.310813602990581,9.332235946650615,23.853440651172193,9.342562391028897,-0.01772157936535234,0.007395134987069341,9.345020796470035,-0.01868670881585188,0.005901858996431031,development
2020-10-11,9.332211221569262,9.343892943876423,9.331551120086102,9.339980095369734,23.717428231935628,9.348962775868022,-0.020878119811173525,0.011895439312885614,9.351561661405533,-0.011757585959494325,0.00017601992369442598,development
2020-10-12,9.340722437923322,9.3672131523808,9.327295199874294,9.354904961418088,23.987649211447827,9.355751264883697,-0.013895692707761542,0.013049389242151932,9.358470160158564,-0.0009977180354588649,-0.0025674807050179993,development
2020-10-13,9.354329863918634,9.354352779616121,9.334434527001427,9.343637935639844,23.91132858768525,9.36292593064175,-0.01270842545522969,-0.006579569546675046,9.365754625982321,-0.0003645083944357353,-0.021752181948041738,development
2020-10-14,9.343913450606832,9.353572593786366,9.333250777951955,9.3439536097513,23.905619854887195,9.37047278505879,-0.006534898917960497,-0.01998427638953082,9.3734083158501,0.0035809355105817847,-0.03303564160938244,development
2020-10-15,9.34369947200919,9.35616339232954,9.332876849439266,9.349697850827866,23.92141771904484,9.378371809559773,-0.011288079953054427,-0.017385878778853225,9.38141212125176,-0.0043646708296923775,-0.027349599594201024,development
2020-10-16,9.350348208464732,9.35357987107041,9.325721654620356,9.334513882758708,23.96724319656053,9.386602056010359,-0.015468430321179883,-0.03661974293047088,9.389739117049537,-0.0104641928648084,-0.04476104142601933,development
2020-10-17,9.334513882758708,9.34016279537016,9.331260322366841,9.337686562112491,23.674546107077266,9.395142192386489,-0.002268402943596535,-0.05518722733040171,9.398357615492447,0.0018185517749359703,-0.06248960515489088,development
2020-10-18,9.337499969511354,9.348654255985927,9.336759619523926,9.348654255985927,23.629254696220514,9.403969084775584,0.013196064154591833,-0.06851089294424817,9.407232236004003,0.019747968686526843,-0.07832594870460241,development
2020-10-19,9.349670750806407,9.375777923599733,9.34209556659456,9.370930597068805,23.895501521704112,9.41306001787265,0.021476922312591303,-0.06360634311643665,9.416332078221226,0.02568637420209299,-0.07108785535451467,development
2020-10-20,9.371265874493206,9.39265509291344,9.365760000918284,9.385665423542154,24.15453391547313,9.42239893241945,0.0164943331513933,-0.053227842028688244,9.425635271184515,0.017617318867142844,-0.05758716650950291,development
2020-10-21,9.385391995896917,9.486802213149959,9.384371718911579,9.459049477683006,24.494064221227163,9.431979468983098,0.03005020021741549,-0.002980191517506725,9.435133047750073,0.029508675609911605,-0.00559224567697747,development
2020-10-22,9.457328233930482,9.485058303169714,9.450702332015277,9.470077465372984,24.270862781680165,9.441797568127491,0.025681000592106384,0.002598896653386973,9.444822272129898,0.0289872950586754,-0.0037321018155882513,development
2020-10-23,9.470513686526338,9.473931722496312,9.453494172953125,9.467424494844789,24.089698363497135,9.451846788355413,0.012371089639331319,0.0032066168500453074,9.454700320905472,0.009525732956380014,0.0031984409829366456,development
2020-10-24,9.467427213774998,9.483801789262289,9.4638771012272,9.480982777887899,23.923664727391998,9.46211812670824,0.016087228633944427,0.0027774225457140034,9.46476168935126,0.013503431351870949,0.0027176571847675746,development
2020-10-25,9.480982852651044,9.497711165235623,9.465762249127552,9.475099752784272,23.91813255919407,9.472603860990645,0.019242928282339932,-0.016747036488713007,9.475002232851336,0.00835323189897487,-0.008255711966038248,development
2020-10-26,9.475101850827908,9.48988677821202,9.458947579818267,9.478476260072481,24.10634874824929,9.483295844284234,0.011917289427711853,-0.016736873639464633,9.48541882255952,0.008363150088656757,-0.015305712575695907,development
2020-10-27,9.478475811897328,9.529497052331637,9.477373557740293,9.521803818796135,24.24224264409547,9.494186260280111,0.004105635978400205,0.02351192253762413,9.496009879048769,0.003907407519522093,0.021886532227844313,development
2020-10-28,9.52180353243771,9.535151691461095,9.46747954632789,9.493357969660243,24.303092380673355,9.50526956830864,-0.014369264961350046,0.0024576663129529663,9.506775809894947,-0.015613927980012236,0.0021960877453093275,development
2020-10-29,9.493358999703137,9.518710550895253,9.47116957961581,9.505833072650285,24.75749761840472,9.516536780874922,-0.0010643610811272722,-0.009639347143510335,9.51771602399332,-0.002262583800303545,-0.009620367542730435,development
2020-10-30,9.50583241852917,9.521605900668373,9.483126922930346,9.513885148350429,24.143660604024657,9.527967158818587,-0.00020919579943760348,-0.013872814668721034,9.528821312382838,-0.002081910035835189,-0.012854253996573917,development
2020-10-31,9.513885869568476,9.548825857080548,9.507294099735946,9.53104575676435,24.134626883800056,9.539531232639863,0.020678728239059127,-0.0291642041145721,9.540073536177712,0.018212222931443495,-0.027240002344806058,development
2020-11-01,9.53104575676435,9.536908957511853,9.519909510271885,9.527856163730718,23.920053827782137,9.551194154756065,-0.004032248782300973,-0.01930574224304671,9.55144364093834,-0.006215891060570284,-0.017371586147051588,development
2020-11-02,9.527850547540696,9.533026822666821,9.491236483790253,9.514177933405055,24.14985332672164,9.562920883247767,-0.020425975541730614,-0.028316974300981457,9.562896776067284,-0.02221537146911349,-0.02650347119311469,development
2020-11-03,9.514175122432492,9.545739279214015,9.49743037493941,9.543256348307393,24.12011884942086,9.574683339691168,-0.0021649273627221566,-0.02926206402105258,9.574401160356942,-0.010511224343554362,-0.020633587705994216,development
2020-11-04,9.543269788787489,9.562317962605206,9.516388133941012,9.556317793004274,24.281933097025053,9.586458300634678,-0.014659496823360069,-0.015481010807045337,9.585925915868504,-0.032549382636001656,0.0029412597717719535,development
2020-11-05,9.556319658755088,9.66182382535825,9.554078212202116,9.653733603716438,24.433327393893464,9.598229030304916,0.00551554970817654,0.049989023703345126,9.59744233168057,-0.007510364460550296,0.06380163649641801,development
2020-11-06,9.653725956629591,9.674290559810112,9.630814928626883,9.652836673629064,24.408083100826225,9.609975396345035,0.008220860667447785,0.034640416616580794,9.608917866688348,-0.012604214531559386,0.056523021472276724,development
2020-11-07,9.652836673629064,9.663775987792262,9.576593517239449,9.604660532567415,24.279326607455545,9.621665257835717,-0.004376192095286309,-0.012628533173016265,9.620316327432874,-0.03181680192665338,0.01616100706119461,development
2020-11-08,9.604660532567415,9.657415663741919,9.598598983722086,9.647276199724768,24.00538215450264,9.633259085271465,-0.0011999484898824247,0.0152170629431847,9.631601911624061,-0.032659954069796604,0.04833424217050286,development
2020-11-09,9.64727802923159,9.666824062341975,9.606800341929123,9.637717999599541,24.254002524150533,9.644713924890015,0.0007874829603621491,-0.007783408250835677,9.642744318008758,-0.03837367409374768,0.03334735568453162,development
2020-11-10,9.637720292792624,9.645385583069903,9.62410163562281,9.6350133122243,23.96487873016925,9.655984450639364,-0.011716221427346806,-0.0092549169877163,9.653721814673458,-0.007074307135556357,-0.01163419531360077,development
2020-11-11,9.635013759549011,9.67509655366948,9.634954746274218,9.661501327822526,24.116846784909047,9.667022540385492,-0.016500829131771227,0.010979616568805639,9.664521126279693,0.009361367214134326,-0.012381165671301986,development
2020-11-12,9.661498715940104,9.699227328027131,9.6508361117093,9.697468028952622,24.254782409361436,9.67778292425047,-0.01642949559058788,0.036114600292739496,9.675138850117172,0.0329793644539643,-0.010650185618514385,development
2020-11-13,9.697473968843937,9.708881513313493,9.67985340214787,9.700012341928527,24.176406886935464,9.688224042841286,-0.02156526464924962,0.033353563736490344,9.685584451378695,0.018408672925161528,-0.003980782375329284,development
2020-11-14,9.700012341928527,9.700012341928527,9.664544427704138,9.684593625638596,24.036786534387517,9.698311374493796,-0.021858467442408852,0.00814071858720844,9.695874046621817,0.02344757731755199,-0.03472799830077378,development
2020-11-15,9.684593686628858,9.688008947200071,9.66735590614405,9.677564384790022,23.88679247272128,9.708026441683012,-0.028488004808841352,-0.001974052084149136,9.70602564109987,-0.03285551391560936,0.004394257605762064,development
2020-11-16,9.677563711671382,9.730096894675903,9.672860195399641,9.724128283631773,24.174102757702997,9.717367921134619,-0.006564234347893622,0.013324596845047054,9.716055222585785,0.008394678180392849,-0.000321617134405372,development
2020-11-17,9.722306829343983,9.785993720556329,9.715019841975096,9.778230759363744,24.387003087425942,9.726345040255872,0.01754291235109935,0.03434280675677215,9.725973064356605,0.022697886473348198,0.029559808533790033,development
2020-11-18,9.77821858388278,9.819777042776002,9.761515278551851,9.78717875927521,24.616407716057502,9.734972935843157,0.01988360535204665,0.032322218080008014,9.735781977281501,0.0230813949559409,0.028315387037768147,development
2020-11-19,9.787170641406243,9.804746572661783,9.763222378236021,9.787913379046516,24.333779758700008,9.743275712381022,0.02269018182067083,0.021947484844822895,9.745473979606812,0.022986761462299065,0.019452637977405374,development
2020-11-20,9.787913050148756,9.84018701464764,9.78503025386552,9.832062141787363,24.33399113485242,9.751287167060225,0.0337488603273964,0.047026114399741914,9.755033936939165,0.03505859827728052,0.041969606570916085,development
2020-11-21,9.832062247043085,9.848852950085588,9.822513878064115,9.833184846089784,24.40336209921239,9.759051569594796,0.01839628026619987,0.055736996228787916,9.7644491230508,0.027880559390827057,0.04085516364815689,development
2020-11-22,9.833184846089784,9.835688722362319,9.779701930664151,9.8184742843605,24.443654477129314,9.766619891848475,-0.0031980511386636764,0.0550524436506894,9.773715243319113,-0.005055420705541905,0.049814461746928274,development
2020-11-23,9.818475135203814,9.836889620533638,9.798171307009476,9.818154099226703,24.478427111510467,9.774042258325,-0.004488288098415852,0.04860012900011945,9.782836061664966,-0.006595221824024723,0.04191325938576185,development
2020-11-24,9.81820280932882,9.87035836526887,9.805249183517228,9.857834367000208,24.664256499244487,9.781364521778745,-0.0033082651405199823,0.07977811036198368,9.791826517472678,-0.016358577083136025,0.0823664266106654,development
2020-11-25,9.857674485811101,9.87256250666866,9.829902715523355,9.837995034621638,24.500850921766247,9.788630604938943,-0.007738638093494125,0.057103067776189675,9.800726660333439,-0.010092253765350733,0.0473606280535499,development
2020-11-26,9.837873244413855,9.8451317541173,9.702046486859471,9.749789781380251,24.840624135559796,9.795877332732923,-0.014444558000164826,-0.03164299335250753,9.809593566355977,-0.010257079654922084,-0.04954670532080385,development
2020-11-27,9.749981651627593,9.766809697271448,9.712715823186658,9.747324986722823,24.383912845952658,9.803142055663024,-0.03484324603976496,-0.02097382290043548,9.818501642891869,-0.032611472869566296,-0.03856518329947889,development
2020-11-28,9.747589806894412,9.78997946033667,9.735699018321816,9.782303280101178,24.207610049196003,9.810470498867037,-0.030198167679260136,0.002030948913400721,9.827538291810496,-0.009706720696559293,-0.03552829101275812,development
2020-11-29,9.782428612772843,9.813761343358557,9.773328592007337,9.807938985219758,24.161564948076457,9.817919876361373,-0.02012236337855925,0.010141472236945503,9.836793028347582,-0.017866794284527015,-0.010987248843296271,development
2020-11-30,9.807985079094566,9.890871487102611,9.807985079094566,9.88460213741223,24.58879413003858,9.825553901131881,0.009797744343789265,0.049250491936559726,9.846341420973777,0.012750284544798918,0.025510431893653873,development
2020-12-01,9.88500629787248,9.895756475122365,9.815853538839397,9.841771606848614,24.62793504361501,9.833437042471646,-0.013415710845739046,0.02175027522270767,9.856232714388954,-0.006902848550621379,-0.00755825898971807,development
2020-12-02,9.84170491791911,9.86829189213871,9.817260526953405,9.862722420982477,24.3446075337739,9.841626664348622,-0.022309348648157746,0.04340510528201236,9.866485118276222,0.00033851348239894146,-0.00410121077614356,development
2020-12-03,9.862974144773082,9.881558427755989,9.848280565423911,9.875365736994471,24.18682178430644,9.850169225119725,0.003153714726533104,0.02204279714821311,9.877089125167412,0.02178229278001762,-0.02350568095295813,development
2020-12-04,9.87544638829923,9.87875440949941,9.836128703877858,9.836266269609057,24.24586600790414,9.859097198908302,-0.003669542477380327,-0.019161386821863857,9.888015911203064,-0.04961505046898328,-0.0021345911250243432,development
2020-12-05,9.836192423176232,9.860603496970255,9.830389481952414,9.86027888248281,24.028042441369152,9.86843329543394,0.014418217493706458,-0.02257263044483615,9.89922310866351,-0.006136848397328521,-0.03280737778337084,development
2020-12-06,9.86027623136783,9.872538534392111,9.846805794313134,9.870195526613601,23.953824183242244,9.878204718342284,0.020922563592787696,-0.02893175532146941,9.910653105251397,-0.024903799147090348,-0.015553779490705466,development
2020-12-07,9.870092540306297,9.87363785668414,9.848563600543535,9.862229570278696,24.015256714498335,9.888441986265075,0.021394359355826224,-0.0476067753422047,9.922244568683084,-0.0407910846453955,-0.01922391375899224,development
2020-12-08,9.862224278374665,9.867003973052421,9.813012655935717,9.81581111062166,24.17933923136092,9.899167693275468,0.029475656566930443,-0.11283223922073837,9.9339535892887,-0.039037062970490484,-0.07910541569655116,development
2020-12-09,9.815796932367617,9.832329462046273,9.794539881834927,9.828436151955264,24.261914466485706,9.910403396413303,0.030032461801615756,-0.11199970625965427,9.94575754402566,-0.05252129292033543,-0.06480009915006057,development
2020-12-10,9.828402886726249,9.828402886726249,9.795738879165045,9.812741511635533,23.963790907218456,9.922174937509247,0.02849779089485915,-0.1379312167685729,9.957658743024998,0.034005541756036796,-0.17892277314550142,development
2020-12-11,9.812683338552638,9.81293097857357,9.776763406517215,9.801394155141553,24.052596256090286,9.934513573384296,0.01091282930785619,-0.14403224755059796,9.96967832704217,0.04263727181726459,-0.21092144371788102,development
2020-12-12,9.80097410845431,9.847951099195033,9.80068160563177,9.841806611291966,23.802998245051043,9.947454859514233,-0.0029942117782329716,-0.10265403644403293,9.981848134128244,0.05696722558222377,-0.1970087484185008,development
2020-12-13,9.841971958015117,9.872076095929815,9.838113057002646,9.85966015098865,23.959999993840203,9.961031655650045,-0.013669585224560387,-0.08770191943683336,9.994205139301231,0.04167232722839314,-0.17621731554097408,development
2020-12-14,9.859770339140708,9.868124568488184,9.852862928223116,9.865092014392284,23.835624819290707,9.975265401914555,-0.0026843861374969188,-0.10748900138477424,10.006787858076553,0.0563899575754852,-0.1980858012597544,development
2020-12-15,9.865106322758056,9.879451374707807,9.856387653563292,9.873908172837869,24.00950054730792,9.990155320493393,-0.0025580416120889937,-0.11368910604343618,10.019625314676086,0.012118146788802507,-0.15783528862701957,development
2020-12-16,9.873997893444141,9.973895138841998,9.867773138445502,9.96695977068718,24.516708247052,10.00567578490419,0.013068757926265427,-0.05178477214327515,10.032721116378912,0.038770232148233705,-0.1045315778399658,development
2020-12-17,9.966854366868308,10.070807993108025,9.963390774441502,10.034742197649367,24.99126403079149,10.021791409028252,0.030587765704160767,-0.017636977083045124,10.046058775724344,0.039862515198350455,-0.051179093273328036,development
2020-12-18,10.03481387928887,10.053570035317119,10.016807867272384,10.049229878455332,24.42179597989662,10.0384634757955,0.02833854937799965,-0.017572146718165982,10.059607721243747,0.036079781602485296,-0.046457624390900065,development
2020-12-19,10.049009622607647,10.08938003722117,10.035676222987565,10.080370682441757,24.373600560485354,10.055639499595511,0.0399494089096553,-0.015218226063408835,10.073327750232462,0.043359705769478125,-0.036316773560184146,development
2020-12-20,10.080032692494962,10.09450701265886,10.04965117514384,10.063789059468643,24.356744319680974,10.07324886097898,0.038238090302224845,-0.04769789181256101,10.087163884345275,0.044303865922848636,-0.06767869079948063,development
2020-12-21,10.06366809102749,10.088305258855087,10.006015584045535,10.034650982561365,24.548700226525206,10.091207982161537,0.024599521080561418,-0.08115652068073409,10.101046652569991,0.02403913189238762,-0.09043480190101327,development
2020-12-22,10.034254336023057,10.077016498202406,10.018181620908289,10.076727550693356,24.51134862546691,10.109427690819208,-0.014286960566929038,-0.018413179558923076,10.114902675663181,-0.044667670951708115,0.006492545981883424,development
2020-12-23,10.076683203382792,10.086829015299125,10.034631881890714,10.05368811376449,24.65795329045832,10.127817709255986,-0.010350081402817448,-0.06377951408867766,10.128665534646826,-0.037008274595264304,-0.03796914628707171,development
2020-12-24,10.053638951461211,10.0761096332144,10.033532773143305,10.074746022602007,24.438805715360594,10.146285039791534,-0.018877184479890396,-0.05266183270963687,10.142289724281872,-0.050610896398618134,-0.016932805281246743,development
2020-12-25,10.074645793654017,10.1149674090511,10.063208709691253,10.1131320408973,24.46256260325375,10.164735130565113,-0.032118253825117384,-0.019484835842694892,10.155754138479422,-0.03957199132747569,-0.003050106254645968,development
2020-12-26,10.113627548098195,10.193095406105543,10.10735406796679,10.182521226793744,24.60137309672228,10.183080440435587,-0.03891535081916059,0.038356137177316896,10.169070522412772,-0.02855724674502711,0.0420079511259992,development
2020-12-27,10.182609581505966,10.25022265391069,10.162876993909482,10.176270237828613,24.920165417185512,10.201232687380276,-0.05884907087614769,0.03388662132448417,10.182263497785693,-0.048771684206951216,0.042778424249870994,development
2020-12-28,10.176594760921848,10.217900816677833,10.173806274333508,10.206728281055767,24.616243483315994,10.219102304598248,-0.06980060832460817,0.057426584782126255,10.195351489984793,-0.0195578454898738,0.030934636560848716,development
2020-12-29,10.206617584096989,10.217229133438142,10.165363191106966,10.216926457680497,24.535820859925924,10.23659975716213,-0.04638331772478082,0.026710018243147005,10.208333911426934,-0.03811647610642269,0.04670902235998575,development
2020-12-30,10.216840655356826,10.272901912478796,10.216840655356826,10.269551639743213,24.660711777580286,10.253638060512648,-0.016719837929130933,0.03263341715969581,10.221188987918563,-0.010427002453375649,0.058789654278026404,development
2020-12-31,10.269573174513916,10.283459690311426,10.247147899466423,10.27511044169115,24.568186287020897,10.270135946537318,-0.028248430731876824,0.033222925885707966,10.233894415838728,-0.012754815352097569,0.053970841204519004,development
2021-01-01,10.274844527977056,10.295550820831087,10.26825517017864,10.287870394519464,24.430238157548178,10.286025765511168,-0.04291164293193087,0.044756271940226355,10.24640740878911,-0.000855155847908783,0.04231814157826186,development
2021-01-02,10.287948784857958,10.408952348406885,10.278190370808652,10.377460405854295,24.940792474721324,10.301258211223269,-0.014400368614245675,0.09060256324527138,10.258681610444732,0.01742186824471074,0.10135692716485245,development
2021-01-03,10.377527033017149,10.451856288550331,10.375124734620108,10.397635578275588,25.088467156566317,10.315798877432787,-0.017638444008250945,0.09947514485105202,10.270687212033577,-0.062220331682586526,0.18916869792459856,development
2021-01-04,10.398517556350436,10.417514608744227,10.2654449746868,10.372613110765316,25.11973117189655,10.329621098747033,-0.005340316182689948,0.04833232820097244,10.28242698420082,-0.022317806211641013,0.11250393277613746,development
2021-01-05,10.372773456153434,10.446903974675896,10.316298530223458,10.433893122630261,24.936094297059867,10.342707229536213,-1.7095017724077155e-05,0.09120298811177285,10.293922905942889,-0.044074952758216074,0.18404516944558758,development
2021-01-06,10.434516114051611,10.51541652199736,10.419719590073923,10.513914950753652,25.044605640684537,10.35506073711005,0.018112244301395533,0.14074196934220673,10.305198492025863,-0.044319369336038875,0.25303582806382785,development
2021-01-07,10.514173217046057,10.60113377695335,10.504826179212639,10.580785875077872,25.163114829961415,10.366708166434758,0.028270622427474402,0.18580708621563957,10.316280048776212,-0.04349781564548015,0.30800364194714014,development
2021-01-08,10.581058186891429,10.644155956309891,10.514302484255644,10.616378765048129,25.20182371790351,10.37768510541657,0.03241560332918395,0.2062780563023754,10.32719302604525,-0.052857842395476716,0.34204358139835556,development
2021-01-09,10.61615890569597,10.631913831551692,10.57082642021854,10.602978242429268,24.85014475126486,10.388028808508404,0.05972369945169303,0.15522573446917143,10.337956001165335,0.05490892388436629,0.21011331737956773,development
2021-01-10,10.602970091018737,10.631523756136387,10.490847151536363,10.55467775644596,25.105051788796004,10.397771472936777,0.03964335096097546,0.11726293254820774,10.348589485204988,0.06367443416161327,0.14241383707935817,development
2021-01-11,10.554419352900139,10.554419352900139,10.32710685845821,10.479163855744467,25.53805654892435,10.406938179114956,0.011694199833326441,0.06053147679618398,10.359110591515163,0.07455686733433162,0.04549639689497198,development
2021-01-12,10.47774869692071,10.506943240712676,10.395068476071684,10.431847377959334,25.037726410906348,10.415563775570892,0.015482391725496793,0.000801210662945806,10.369526576186823,0.07125259183209112,-0.008931790059579114,development
2021-01-13,10.431616243770385,10.534758290547659,10.391597149056748,10.527187098755883,24.9626383932613,10.423694563469533,0.026763810240872626,0.07672872504547712,10.37982704769901,0.08810091152058294,0.05925913953629092,development
2021-01-14,10.52742155287865,10.59579453647973,10.515114502130723,10.576108711528338,24.876130691321805,10.43138040938996,0.023798198258264236,0.12093010388011471,10.389987780625317,0.032402674900124724,0.15371825600289668,development
2021-01-15,10.57532700296567,10.5860213837297,10.453329729385382,10.513942212496326,24.939249072026954,10.43866821301776,0.03421843081864666,0.04105556865991922,10.399987152424643,0.0629851878292227,0.05096987224245986,development
2021-01-16,10.513841224018481,10.541765769141007,10.481043020393084,10.496210365423023,24.7786302469288,10.445600237396121,0.04097038009588732,0.009639747931014853,10.409808517192682,0.05403189259568164,0.032369955634660386,development
2021-01-17,10.495809706540234,10.511140882988945,10.436152560646796,10.485459492980706,24.681405996032368,10.452220565617393,0.03699663940457091,-0.0037577120412581877,10.419432191011488,0.048643569207597055,0.017383732761620863,development
2021-01-18,10.48548634106135,10.526729440837004,10.459779071206011,10.508624881978834,24.625474891307242,10.458580479273943,0.05712775536926428,-0.0070833526643721,10.428835717031982,0.05755634248131621,0.022232822465536373,development
2021-01-19,10.50895679891564,10.538896785682509,10.493211359133825,10.493211359133825,24.7705920853672,10.4647380132719,0.040197393471795746,-0.01172404760987078,10.438000255061315,0.0463777788910801,0.008833325181431206,development
2021-01-20,10.492665285010515,10.501728495271202,10.421402285881658,10.478632142089177,24.925486345905227,10.470756351983031,0.03711171287712863,-0.02923592277098308,10.4469292962199,0.014766358557454718,0.01693648731182229,development
2021-01-21,10.478678513569228,10.478770810449676,10.317276256540067,10.336104011311368,25.04929163635267,10.476701670268955,-0.009070907821124876,-0.1315267511364624,10.455671057783077,-0.06489966939533218,-0.0546673770763757,development
2021-01-22,10.335842045554383,10.428566657881841,10.273441989167402,10.404437422783992,25.069759493063586,10.482647741373208,0.0013540122518019672,-0.0795643308410181,10.46431368990358,-0.05540574897926624,-0.004470518140321289,development
2021-01-23,10.40383116577536,10.41514212942552,10.357525663458127,10.37560278141032,24.601830047343547,10.488677776691402,-0.026592009065925112,-0.08648298621515593,10.47295617699559,-0.07934500327380171,-0.018008392311466892,development
2021-01-24,10.375500940550584,10.402564666336508,10.345178044518079,10.38249362881973,24.607790825615222,10.494881540905883,-0.05564114342475459,-0.05674676866139805,10.481681738287493,-0.06830995111626997,-0.030878158351493212,development
2021-01-25,10.382382747824,10.457451461221341,10.37623077286044,10.384875897398315,24.81589317289576,10.501350703465306,-0.0449312729427897,-0.07154353312420092,10.4905449080627,-0.029976037389157235,-0.07569297327522762,development
2021-01-26,10.384635517349395,10.39801764581423,10.34271831783118,10.391142280820258,24.82185838819012,10.508173457450242,-0.06720084732818492,-0.04983032930180009,10.499578830349684,-0.049885626171588614,-0.05855092335783674,development
2021-01-27,10.390963562460078,10.390963562460078,10.287631595885225,10.323267935740956,24.859659832333648,10.515424691619556,-0.08937494820431272,-0.1027818076742868,10.508799282823423,-0.02830219763193155,-0.15722914945053468,development
2021-01-28,10.323547010471005,10.429939816878743,10.309725929261704,10.418288195235883,25.060780836382694,10.5231648831803,-0.06431988782031085,-0.04055680012410612,10.518207674501063,-0.048682548364929204,-0.0512369309002505,development
2021-01-29,10.443444854717908,10.555975790907064,10.375514584882922,10.443378266008072,25.493060234777904,10.53143428840416,-0.04949836198268447,-0.038557660413404804,10.527794991313256,-0.03564235844785145,-0.04877436685733194,development
2021-01-30,10.442782071898518,10.458369497209246,10.402448695883008,10.442011708731696,24.899832711300622,10.540251344004758,-0.037970582513933114,-0.06026905275912853,10.537542410950387,-0.012842691522428586,-0.08268801069626264,development
2021-01-31,10.44205126116949,10.442560401229235,10.38189873219572,10.407722285420165,24.68891572259947,10.549609452583628,-0.058150249944575474,-0.08373691721888754,10.54742084071047,-0.006601943517539958,-0.13309661177276588,development
2021-02-01,10.407728891293917,10.452712826706383,10.385426809193387,10.420409827299897,24.84068219750167,10.559479797888049,-0.027931156253716328,-0.11113881433443495,10.557391212545667,0.018481209695009732,-0.1554625949407793,development
2021-02-02,10.42029124856809,10.488405740901431,10.41897883765709,10.477577766146187,24.867805693679763,10.569826477799761,-0.032758042999863186,-0.05949066865371222,10.567410014590724,-0.06963797417740226,-0.02019427426713527,development
2021-02-03,10.477592726486986,10.531567739007935,10.475708824471916,10.531351663918054,24.836870692500103,10.580608683543764,-0.026521940100241476,-0.02273507952546794,10.577426132583147,-0.03588397578631786,-0.010190492878775714,development
2021-02-04,10.531432137376445,10.5608048349065,10.50005499774704,10.516672987415859,24.955022835687597,10.591771741200539,-0.022576650667939773,-0.05252210311673977,10.58739182229087,-0.060838438786213235,-0.009880396088798094,development
2021-02-05,10.516821393782271,10.551268738822309,10.50940774340915,10.549131840524428,24.793967536449145,10.603242946728908,0.007897858060251686,-0.06200896426473257,10.597271135729573,-0.04479704555670257,-0.003342249648442319,development
2021-02-06,10.548976579360993,10.617577565013796,10.548976579360993,10.578114581935704,24.99052722611061,10.614939400040596,0.02141724774033569,-0.05824206584522784,10.607041241067002,-0.04494432320752425,0.016017664076226623,development
2021-02-07,10.57771159988656,10.587135657896756,10.530659242412115,10.568837993816857,24.905325767997727,10.626779891236765,0.03690946321872775,-0.09485136063863564,10.61669775077441,-0.04347075963482732,-0.00438899732272624,development
2021-02-08,10.56841086378245,10.740820131677692,10.547347956410055,10.740658555527412,25.34299945942141,10.638697434473649,0.07816343938787049,0.023797681665893577,10.626258197857636,0.10395341029451838,0.01044694737525731,development
2021-02-09,10.740410179924174,10.779033842299429,10.718121145889311,10.746801175020932,25.242985393384693,10.65064117998263,0.06885251215459097,0.027307482883712098,10.635758428374379,0.1045795656137804,0.00646318103277288,development
2021-02-10,10.746557094456668,10.760995252039082,10.689240175211166,10.712597971480927,25.192628784215756,10.66257076523272,0.034159431240257915,0.01586777500794767,10.645241511169157,0.0758111990789417,-0.008454738767172287,development
2021-02-11,10.71216436374138,10.788565571462138,10.696203145563397,10.777065587596715,25.122504882138234,10.67444461309151,0.05072524510549609,0.05189572939970866,10.654745074034963,0.08561689659975343,0.036703616961998975,development
2021-02-12,10.77639123544888,10.794372972700218,10.745592881320402,10.768587122912255,25.061275811839305,10.686213730413591,0.06300985371510663,0.019363538783556677,10.664293596883716,0.10611377294733826,-0.00182024691880045,development
2021-02-13,10.768299775608444,10.779950505701988,10.744888372005567,10.760145377819205,24.97533263846303,10.69783245491413,0.05053267583321044,0.011780247071865091,10.673897654813672,0.06115739355293938,0.025090329452593707,development
2021-02-14,10.76033625401938,10.809478233138057,10.76033625401938,10.793789257567983,24.98944206264512,10.709272720051597,0.05035410391505799,0.034162433601327535,10.683548979517912,0.07551672211773824,0.03472355593233267,development
2021-02-15,10.79336315992773,10.797032965966391,10.743922126361973,10.777811021612273,25.067978680306304,10.720512417059274,0.04687355401834035,0.010425050534658808,10.693218514287924,0.0622883427897714,0.022304164534576287,development
2021-02-16,10.777798474672263,10.826577150849573,10.762176812928908,10.803646282355016,25.067714985161217,10.731526037532358,0.03970568940417122,0.03241455541848737,10.70286092037167,0.053203635345989646,0.04758172663735749,development
2021-02-17,10.803796804956923,10.86921422211833,10.80105160783547,10.861860434552817,25.115497044965455,10.742289036873238,0.05271900836439396,0.06685238931518533,10.71242421369801,0.05078775786372265,0.09864846299108265,development
2021-02-18,10.861706342089098,10.868075097759352,10.839889993935628,10.852822208108202,24.675561378706306,10.75278494167541,0.03635657206064138,0.06368069437215063,10.721861954879433,0.0397315004576789,0.09122875277109088,development
2021-02-19,10.852748358148393,10.935134419123473,10.838350298734401,10.931107343403653,24.874234825669078,10.763006695717594,0.0430159707010657,0.1250846769849936,10.731137913793297,0.010330801379884623,0.18963862823047073,development
2021-02-20,10.93109308499778,10.95963111935024,10.908275464530892,10.934882526946483,24.94491037551115,10.772955104312983,-0.013457933800341156,0.175385356433841,10.740231618121044,-0.06941233023351176,0.26406323905895057,development
2021-02-21,10.934330620929254,10.973881597001446,10.92724355236218,10.960234686635848,24.672538097943303,10.782624900600466,-0.000762956350886454,0.17837274238626932,10.749133270077678,-0.06162547560863117,0.27272689216680135,development
2021-02-22,10.960109426152046,10.960120764849302,10.798913447933625,10.900571239377923,25.245624037957175,10.791998921553335,-0.040427093582618194,0.14899941140720685,10.757846124572918,-0.08889751385591768,0.2316226286609222,development
2021-02-23,10.900527136981738,10.900527136981738,10.720854560090977,10.795985994897432,25.387666732539486,10.80104828293492,-0.07858863362747592,0.07352634558998794,10.766384292984583,-0.08944005287894656,0.11904175479179635,development
2021-02-24,10.796204307683448,10.84525374600659,10.76243514762775,10.813867490636005,24.877380089187824,10.809738324805544,-0.05780603310006997,0.06193519893053079,10.7747652692225,-0.043669686093568263,0.0827719075070732,development
2021-02-25,10.813942932412477,10.85801714551225,10.759897731356016,10.759897731356016,24.72158700750573,10.818033271521752,-0.06483009692711664,0.006694556761379644,10.783000859088688,-0.04620995215208718,0.023106824419416583,development
2021-02-26,10.761735205392995,10.786651298060725,10.702229205758826,10.74375565597919,26.583960888167894,10.825902026103371,-0.08803764509913665,0.0058912749749548965,10.791092011331635,-0.03259274006187904,-0.014743615290566225,development
2021-02-27,10.743863801744743,10.784218866751164,10.720378354447028,10.740485113580478,24.54996940887005,10.833320474313021,-0.06167476777421914,-0.031160592958324074,10.799045777707565,-0.04550971496438065,-0.013050949162707326,development
2021-02-28,10.740605536861677,10.751851195275497,10.674558671377545,10.717474636877771,24.701898107765594,10.840277576658309,-0.05945900023942635,-0.06334393954111128,10.806865314301454,-0.043661531419294,-0.04572914600438871,development
2021-03-01,10.7179560330394,10.815449240205295,10.716972142449272,10.812375797282975,24.710234893911625,10.84677991219089,-0.029963916147215983,-0.004440198760699232,10.814539385861433,-0.008471904584319888,0.006308316005862125,development
2021-03-02,10.81199014482992,10.822325272480631,10.762760081328581,10.786820871998275,24.584645814854515,10.852851981498524,-0.049268885951170134,-0.016762223549079636,10.822042848653092,-0.013254726218783666,-0.02196725043603287,development
2021-03-03,10.787581824652605,10.869237495574994,10.78465502765332,10.830485599767481,24.69771535935063,10.858529103037219,-0.030563723143290266,0.002520219873552776,10.829351285982142,0.0138943913268258,-0.012760077541486226,development
2021-03-04,10.830170194782566,10.853891550579537,10.771783327469757,10.790579477544627,24.68109965231071,10.86384482929757,-0.037203349182813726,-0.03606200257012837,10.836453320228806,-0.05548175583656121,0.009607913152382963,development
2021-03-05,10.789876267027159,10.80763342708238,10.748121488468094,10.798090897746519,24.607422741715414,10.868834277171812,-0.03058326211544883,-0.04016011730984381,10.843344642388757,-0.027572186907207606,-0.017681557735031106,development
2021-03-06,10.797516938529323,10.802575536995572,10.76336722901666,10.797785870604732,24.260262673209898,10.873539693260701,-0.024365025165076888,-0.0513887974908922,10.850024274259775,-0.044848358409993246,-0.0073900452450494925,development
2021-03-07,10.797914600270909,10.847089264910851,10.797914600270909,10.843625494089759,24.487657583706802,10.878006226523151,-0.005078728469763085,-0.02930200396362892,10.856495812549406,-0.027142877277142905,0.014272558817495451,development
2021-03-08,10.842989159574635,10.865020644654662,10.809850258046367,10.863728630579878,24.606836445650035,10.882280314059608,0.0024176473626801465,-0.020969330842410372,10.862769142294011,-0.028448881017222462,0.029408369303089543,development
2021-03-09,10.864234666535664,10.911885470830864,10.85864955247628,10.911885470830864,24.653368955347315,10.886403763826392,0.02580821499099417,-0.00032650798652156254,10.868865165123681,-0.008952971680326362,0.05197327738750879,development
2021-03-10,10.911883547040626,10.95532708412498,10.883520688042895,10.933259650560974,24.77148927819472,10.890403709114837,0.06917166492301853,-0.02631572347688227,10.87480764561334,0.051255866009087665,0.007196138938546426,development
2021-03-11,10.93244924793001,10.969767101402885,10.905673257202588,10.964832650908715,24.762315135573942,10.894299626192232,0.07353787902668324,-0.0030048543102001446,10.880617992458369,0.06821973345779485,0.015994924992551063,development
2021-03-12,10.965111093694786,10.968140030762582,10.92191327557253,10.956615778055065,24.74306544160442,10.898110026645476,0.05426634689614915,0.004239404513439737,10.886311660057222,0.05411136897127622,0.0161927490265672,development
2021-03-13,10.956812528954428,11.029777640517015,10.936991782977872,11.022606239423007,24.828712373803558,10.901851095279655,0.0656837827811511,0.05507136136220048,10.891891607112555,0.08054740579009789,0.050167226520354546,development
2021-03-14,11.022247716248495,11.028383349762095,10.990403646786133,10.990403646786133,24.505208073836037,10.90554128698282,0.07642525998256466,0.008437099820749694,10.8973524756197,0.09261691508922709,0.00043425607720593007,development
2021-03-15,10.989815187720406,11.01107597144042,10.922211472703133,10.931448438328434,24.919254566114088,10.909198128874877,0.057598646949419484,-0.035348337495861415,10.902677092013946,0.06145971976138369,-0.032688373446895014,development
2021-03-16,10.930259798225652,10.947875583632186,10.88846495270182,10.947377909787669,24.813431657041054,10.912837833239093,0.055742765824615875,-0.021202689276041298,10.907842073349252,0.07207415206791284,-0.032538315629496495,development
2021-03-17,10.947746221953754,10.984781005711765,10.906481143829929,10.983102096912809,24.821906378089505,10.916479807326267,0.049292761243252846,0.01732952834328927,10.912828959532494,0.06617890112923822,0.004094236251077632,development
2021-03-18,10.983478843718498,11.004035466671994,10.901424225541048,10.965762945103846,24.744072231330087,10.920138224756068,0.03677938059065356,0.008845339757124648,10.917624884934202,0.05275737650950485,-0.004619316339860902,development
2021-03-19,10.965616362843361,10.9937042802364,10.944536106350471,10.974157264003738,24.616388832851165,10.923815230264877,0.03268721019444072,0.017654823544420495,10.92222280099949,0.038106640646932685,0.013827822357315611,development
2021-03-20,10.973910593554516,11.002621124645746,10.971869076353046,10.973591384921198,24.64249742247767,10.927496488698878,0.009092585851324858,0.037002310370993996,10.926618791725405,0.02864631288628424,0.018326280309509002,development
2021-03-21,10.973527410368433,10.981351039906581,10.933207271651165,10.959947480889708,24.67342078110494,10.931147797634173,0.03463283824419292,-0.005833154988657441,10.93080928695135,0.009274298985969414,0.019863894952388605,development
2021-03-22,10.959851319782302,10.976294401013353,10.902061365188157,10.906490599735431,24.757886137088867,10.934717872320801,-0.016965690322920886,-0.01126158226244911,10.934781789210898,-0.060284272416885984,0.031993082941419004,development
2021-03-23,10.906169905657658,10.932846961096546,10.886889031598644,10.910330715145626,24.756355794115763,10.938155774668882,-0.01421622122075857,-0.013608838302497261,10.938515124793138,-0.06178241620509689,0.03359800655758427,development
2021-03-24,10.909810711894668,10.955399191652846,10.868841402372059,10.873778957508383,24.979831621352528,10.941419632938088,-0.05557836351594674,-0.012062311913757284,10.941984512714809,-0.09112369729814607,0.022918142091720384,development
2021-03-25,10.872878121726076,10.885423443997588,10.836764602766046,10.853293524570612,24.9427707897952,10.944479598561498,-0.08362022003552946,-0.007565853955357582,10.945164965289779,-0.08997571823565555,-0.0018957224835123299,development
2021-03-26,10.852884413074275,10.917581943817977,10.85088647737635,10.917581943817977,24.76019662294401,10.947313336758212,-0.06780032638711521,0.03806893344687978,10.948037374808095,-0.05153036274184889,0.021074931751730475,development
2021-03-27,10.917586548855907,10.94320253118381,10.901227574567315,10.932633852815133,24.579068529805866,10.949907796796536,-0.050429140585833664,0.033155196604431225,10.950596379158078,-0.029876501558623352,0.011913975215678718,development
2021-03-28,10.932659394749123,10.943946447241578,10.916380597777632,10.932227048593074,24.587915872809294,10.952251273387791,-0.059730857510601226,0.03970663271588393,10.952841964393818,-0.030428329321165376,0.009813413520420866,development
2021-03-29,10.932176151640522,10.974079198551802,10.917618712072313,10.96388207807506,24.777232525248213,10.954332429491723,-0.05092136431451291,0.06047101289784962,10.95477388901339,-0.019234034940567864,0.028342224002237515,development
2021-03-30,10.963880928121656,10.992844183786264,10.955210008909878,10.983896688037047,24.719889450399435,10.956145407685417,-0.05800410880555932,0.08575538915718894,10.956398115947216,-0.016966811543326014,0.044465383633157884,development
2021-03-31,10.98411028408255,11.000932949651025,10.963470198147938,10.983916047399777,24.905633886698652,10.957686834761478,-0.011584219714183568,0.03781343235248258,10.957727578783992,0.03280671132093023,-0.006618242705144439,development
2021-04-01,10.98404724421136,10.99517710610588,10.976872240091357,10.986915280236223,24.84504986647731,10.958958467799828,-0.015756828839016093,0.043713641275411774,10.958777626108068,-0.016985783232039392,0.04512343736019453,development
2021-04-02,10.986967233840327,11.006543080380778,10.983074692842969,10.991785371143768,24.79618007845484,10.959967926736002,-0.008744076275805878,0.04056152068357122,10.959559946281933,0.0018402565706528984,0.03038516829118265,development
2021-04-03,10.992005904400228,11.003935979969254,10.961345390062599,10.961345390062599,24.811614869932246,10.960732652749899,-0.016581843611799346,0.017194580924499547,10.960088290143068,-0.033711098614233354,0.03496819853376465,development
2021-04-04,10.96136186815408,10.983829722546593,10.953761401142106,10.981192033150725,24.650170813880738,10.961273751354764,-0.016639873600482052,0.03655815539644358,10.960381382936689,0.000962881372349662,0.019847768841687596,development
2021-04-05,10.981231521259312,11.000286479390393,10.962922746912973,10.986273240497889,24.829312859426597,10.961610780850258,-0.0030818791330329207,0.02774433878066418,10.960453511670382,-0.028058531786184317,0.05387826061369161,development
2021-04-06,10.98820261369013,10.993388307912758,10.962090165795402,10.971509342970691,24.91379940464695,10.961756762862251,0.00027937007463378453,0.009473210033807078,10.960307324631843,-0.024715130458033106,0.03591714879688013,development
2021-04-07,10.971408782273613,10.98072543632259,10.926010841649301,10.933980472031605,25.049321194420898,10.96171393194387,0.003832103620395967,-0.031565563532661045,10.95993041362879,-0.031294633357047776,0.005344691759862741,development
2021-04-08,10.934889559602306,10.97402161617379,10.930945455685215,10.973768147821561,24.69457337876218,10.961483224729164,0.027634935326889716,-0.01535001223449406,10.959309992108425,-0.014002137794767097,0.028460293507903245,development
2021-04-09,10.97381288607216,10.98422515120204,10.964880088314047,10.9724135979641,24.566050409604188,10.961068702996416,0.04848230279692294,-0.037137407829238356,10.958439754562063,0.0007766646913020623,0.013197178710736779,development
2021-04-10,10.972564216364095,11.023154365269503,10.968865429527378,10.998647796080004,24.787811978917198,10.960475893867947,0.06646361313714243,-0.02829171092508531,10.957314209906782,0.04412299723836855,-0.0027894110651462967,development
2021-04-11,10.999533726045216,11.0151897053927,10.990192510822716,11.005510100321498,24.557981196927695,10.959714178336576,0.06658369249561479,-0.020787770510692027,10.955928733535002,0.03767480863562186,0.011906558150874602,development
2021-04-12,11.005027971875618,11.022768680811886,10.99524095607143,11.000322481469123,24.671209665335702,10.958795368240592,0.055198655345865266,-0.013671542117334567,10.954282925425568,0.06987463268084992,-0.02383507663729567,development
2021-04-13,11.0002651513563,11.062603438599474,10.999930106197409,11.058849624816226,24.97152468481401,10.957732701324511,0.06273637933167799,0.03838054416003622,10.952386269587954,0.07750375375095964,0.028959601477311026,development
2021-04-14,11.05916919225414,11.080034137894481,11.027683063263096,11.052629686647125,25.07292138208628,10.956535697637435,0.05725801738380716,0.03883597162588259,10.95024706935155,0.07210224885712854,0.03028036843844717,development
2021-04-15,11.052082869976918,11.063848096292615,11.038254397602097,11.055861937823458,24.83339157839487,10.95519305002671,0.053924216838759254,0.04674467095798995,10.947846789334632,0.06781855993454271,0.04019658855428432,development
2021-04-16,11.054984846722247,11.060285768841403,11.005801834529963,11.027975315888545,25.15756475034064,10.953677061025587,0.05440477310248473,0.01989348176047301,10.945139711781884,0.06829703402453477,0.014538570082125446,development
2021-04-17,11.027278870109157,11.044075981921466,11.008104304281195,11.013432389786544,24.915020784103337,10.95195149376084,0.02874340751491116,0.03273748851079361,10.942047226921293,0.042909848982594534,0.028475313882657005,development
2021-04-18,11.013730059266345,11.019570618353148,10.874825691331084,10.936959958662916,25.302798910224038,10.949972355304947,0.012621334955181012,-0.02563373159721216,10.938454321284011,0.019649105409687347,-0.021143468030782486,development
2021-04-19,10.936522308303061,10.959888943194198,10.903541945358171,10.928170979701553,24.902944699484213,10.947694764172928,-0.03260557840610986,0.01308179393473452,10.934226200511644,0.011885407478941748,-0.017940628289032645,development
2021-04-20,10.927408495818872,10.95189627635449,10.886465374719133,10.941518480170792,24.940555259375145,10.945080251671378,0.002593624190619307,-0.006155395691205712,10.929239618097819,0.00030812976841637814,0.011970732304556364,development
2021-04-21,10.941484793789884,10.946551412877099,10.891083896117328,10.8949987345594,24.729263812401086,10.942094394250345,-0.04402848224381301,-0.003067177447132252,10.92342782460214,-0.04354759713610257,0.015118507093362155,development
2021-04-22,10.894089623183612,10.922519521210262,10.831386893025902,10.854416850930455,25.03806541666572,10.938700585478543,-0.05972751364736772,-0.024556220900720405,10.916827272901065,-0.06774995213481178,0.0053395301642016335,development
2021-04-23,10.853982756274345,10.86131924543617,10.772994052273285,10.841415548123559,25.185358263500465,10.934867223292773,-0.09292307985758863,-0.000528595311626745,10.90951726780566,-0.09434242703874456,0.026240707356643966,development
2021-04-24,10.84238533954166,10.842861065331336,10.795593888435967,10.820795111066792,24.615381903190883,10.93056544698151,-0.08035389749118559,-0.029416438423531588,10.901603461134533,-0.07764667397295888,-0.003161676094782351,development
2021-04-25,10.820834367158536,10.829847806773722,10.761290421173387,10.7996623878144,24.554449959726156,10.925770364478625,-0.06426292451385236,-0.06184505215037284,10.893192418080016,-0.05266070901989035,-0.040869321245724066,development
2021-04-26,10.801161929802346,10.902058559047292,10.79656691028436,10.897142094609247,24.7885941334071,10.920462824268341,-0.03778219557583851,0.014461465916744132,10.884385940653257,-0.022376989085581986,0.035133143041573334,development
2021-04-27,10.897300366096689,10.922641050406945,10.884051535991997,10.91569041373391,24.624191954187268,10.914636441086794,-0.03470572526693344,0.03575969791405065,10.875284130714155,-0.024138116189635243,0.06454439920939059,development
2021-04-28,10.91575436463552,10.937156029592021,10.894661575369545,10.911896158405947,24.594478784366395,10.908293931875303,-0.036055959696978106,0.03965818622762285,10.865981694738005,-0.005049672916487041,0.05096413658442778,development
2021-04-29,10.912504945073884,10.917192499179809,10.867005844349386,10.888466484582976,24.553838623209625,10.901447400789486,-0.04481936249457125,0.031838446288061206,10.856564717907384,0.006342312074778066,0.025559454600813325,development
2021-04-30,10.888719550352358,10.966485077128253,10.88048952007563,10.963881672188931,24.682094791404783,10.894115426574027,0.0019210034999470995,0.06784524211495757,10.847100954250159,0.048381450665987175,0.06839926727278467,development
2021-05-01,10.963266563361536,10.975898563417283,10.951723204452412,10.965229244549272,24.480654684113766,10.88631056089318,0.01367170041737831,0.0652469832387137,10.837633349963838,-0.009120539657149072,0.13671643424258306,development
2021-05-02,10.96519141617108,10.966517459621631,10.935637804629751,10.944313197068954,24.36550969421287,10.878038717187565,0.00846663204363688,0.05780784783775239,10.828181786573147,-0.008363804609768035,0.1244952151055756,development
2021-05-03,10.944122388043137,10.984840223745898,10.943602963020396,10.954314299207919,24.66897772605667,10.869303988267598,0.010690189171626133,0.07432012176869485,10.8187428474607,-0.019871407396431565,0.1554428591436512,development
2021-05-04,10.954557043324906,10.954557043324906,10.881652492791655,10.884320662915414,24.951043763605096,10.860114442383733,0.013703411384936076,0.010502809146744951,10.809293872528807,0.023844406492345642,0.05118238389426111,development
2021-05-05,10.882793722370318,10.96666890130002,10.877463148240004,10.958217749393231,24.96086358423131,10.850488201995756,0.0265304102868795,0.08119913711059645,10.79980820181453,-0.01098133679104911,0.1693908843697507,development
2021-05-06,10.958518985321934,10.97444282778705,10.922019079376096,10.940162655967782,24.964927570915414,10.840459255290414,0.012385081397027325,0.08731831928034062,10.790274777680764,-0.025878513697625345,0.17576639198464328,development
2021-05-07,10.940471802810812,10.978603157043798,10.920923184714798,10.957039752595179,24.949135955696093,10.830075035487194,0.017534646542696073,0.10943007056528842,10.780699993834947,-0.03021207825808849,0.20655183701832058,development
2021-05-08,10.956976345108828,10.993136679818917,10.950371556432613,10.981961372299578,24.90352782660374,10.819380997811034,0.025858115985910982,0.1367222585026333,10.771093010403945,-0.027695861218579636,0.23856422311421355,development
2021-05-09,10.983212435674817,10.988860635227203,10.941677351530641,10.972195744393717,24.9115057960332,10.80841580979465,0.025530943582460094,0.13824899101660826,10.761465885235637,-0.032855731178738884,0.24358559033681892,development
2021-05-10,10.972514325650897,10.994056840651298,10.898061729118588,10.930600203259116,24.996823606420538,10.797205581057728,0.05861145013307201,0.07478317206831697,10.751830064898224,0.023731068701067802,0.15503906965982495,development
2021-05-11,10.930375424406192,10.94856795479261,10.907947616943874,10.945610160535939,24.839182641569256,10.785757522612162,0.06290503004807693,0.09694760787570011,10.742182494260673,0.01876254709348242,0.1846651191817834,development
2021-05-12,10.94578573994973,10.967152281963683,10.802643013817155,10.802643013817155,25.04362188612765,10.77406560172903,0.037963696626072144,-0.00938628453794621,10.732510371704379,0.0454052217490798,0.02472742036369624,development
2021-05-13,10.814472907553942,10.846047093174949,10.75747767392163,10.814085941926379,25.295097963436245,10.762121894330512,0.04161981949689698,0.010344228098968955,10.722791522995701,0.04772581364182114,0.043568605288857754,development
2021-05-14,10.81341770816532,10.848134756180976,10.796889894895159,10.817386128685897,24.743918961221603,10.749925343709842,0.06242089213164236,0.005039892844411753,10.71299499586376,0.08628961191558947,0.01810152090654782,development
2021-05-15,10.81688402187029,10.832490422909798,10.750731282101142,10.752787425415434,24.8035291804301,10.737487170497992,0.05827082192878364,-0.04297056701134139,10.703082561204791,0.08279282468145567,-0.033087960470812305,development
2021-05-16,10.751855626897148,10.814163409864017,10.69111164673965,10.746262168244478,24.88289663376119,10.724830657077232,0.05515865142615844,-0.03372714025891277,10.693020805366663,0.08371247205867695,-0.030471109180862044,development
2021-05-17,10.745397318320183,10.749861241508453,10.650348211648875,10.681378183867444,25.03946830373967,10.711998087036063,0.020890854511015636,-0.05151075767963498,10.682798625075373,0.04564330927171534,-0.047063750479644284,development
2021-05-18,10.680241664218174,10.732311320674953,10.654144674740104,10.666846249666712,24.751957748018526,10.699052816515971,0.0007100484604185374,-0.032916615309677155,10.672445461466292,0.02387844675814336,-0.029477658557723885,development
2021-05-19,10.667674960385762,10.681575820785788,10.331415018633841,10.518739173503564,25.562384984969345,10.686070996132871,-0.05466273915424611,-0.11266908347506188,10.662025237997383,0.004338171006268086,-0.1476242355000874,development
2021-05-20,10.511993308367908,10.656388019645462,10.46454850115221,10.616014189495528,25.203801431685765,10.67313830509267,-0.024670488482448537,-0.03245362711469291,10.651631057335367,-0.005607969464657605,-0.030008898375180948,development
2021-05-21,10.611448200401963,10.649515848378567,10.422770902586985,10.52687437278991,25.130614360101884,10.660348130896294,-0.06592635836485591,-0.06754739974152812,10.64138617871379,-0.028912486817050578,-0.08559931910682828,development
2021-05-22,10.528651117763749,10.56697558408746,10.474006077330927,10.53307261006003,24.77291412530041,10.647795945219906,-0.093018261025818,-0.021705074134057867,10.631430098870034,-0.08953073806836917,-0.008826750741635081,development
2021-05-23,10.532934506358215,10.552923640763577,10.349049267014166,10.456526964292348,25.085972975712846,10.635574014241845,-0.11040410596284912,-0.06864294398664761,10.621892163087777,-0.10209138676144983,-0.06327381203398019,development
2021-05-24,10.454505435044414,10.592504732120775,10.450194146505714,10.563749401187234,24.933311032559164,10.62377068876711,-0.06936232195842104,0.009341034378545388,10.61287215055801,-0.056094146520081545,0.006971397149305503,development
2021-05-25,10.566066789029653,10.591027832766954,10.507296005106742,10.555870618671566,24.752394596354144,10.612455268447498,-0.057175845330946384,0.000591195555013968,10.60441730398489,-0.05275349666056498,0.0042068113472399915,development
2021-05-26,10.555620662838788,10.615998002369043,10.542860361802168,10.578832184418495,24.661867191182832,10.601673653571886,-0.04018271709974765,0.01734124794635683,10.596509785986502,-0.033907132315533814,0.016229530747526866,development
2021-05-27,10.579409492548265,10.606080411633679,10.525350909201933,10.556775003315149,24.489360205569756,10.591455858519748,-0.027679075430397916,-0.0070017797742014665,10.589095015020352,-0.024531702804702273,-0.00778830890049953,development
2021-05-28,10.558597452190533,10.567642715514253,10.456770158429402,10.482838891848724,24.734232267632834,10.581820080273781,-0.018204248631891476,-0.08077693979316614,10.582103402367107,0.0070543517597119534,-0.10631886227809417,development
2021-05-29,10.482462066737236,10.524991029828454,10.425072972222301,10.452073200379886,24.53504882425329,10.572766308400503,-0.02700002460040573,-0.09369308342021121,10.575460965088638,0.016931171288761215,-0.140318935997513,development
2021-05-30,10.451822991607848,10.502342404280634,10.419919579413136,10.482293144455646,24.177880152340357,10.564281490525053,0.015601151822020825,-0.0975894978914269,10.56910394142983,0.05509739947776255,-0.14190819645194708,development
2021-05-31,10.481745455698443,10.531249186667175,10.441206642602108,10.527629061616489,24.387079954792135,10.556353592818086,0.03273752312103135,-0.061462054322628745,10.562988971816594,0.0038594963091543133,-0.03921940650925926,development
2021-06-01,10.526582183473515,10.542620223242082,10.48534237937786,10.510121207975814,24.26825827206095,10.548973165487853,0.014364912578706809,-0.05321687009074516,10.557076417703978,-0.00911987610681582,-0.03783533362134861,development
2021-06-02,10.510529905430042,10.5514108728982,10.490337906736157,10.534098996778736,24.221918586487135,10.542129993252782,0.023069875817986793,-0.031100872292032733,10.551329215201276,-0.010931465726638159,-0.0062987526959013,development
2021-06-03,10.534743642020898,10.583522976731818,10.525245402930178,10.576655613791095,24.2916923000307,10.535805482551831,0.026942027610884132,0.013908103628379465,10.54571449369808,0.028735893530437345,0.0022052265625784884,development
2021-06-04,10.57751522411144,10.57751522411144,10.48340227763883,10.515815226396446,24.456905684408497,10.529961545588618,0.03445779577720253,-0.04860411496937367,10.540224257454451,-0.0019376199623833395,-0.022471411095621008,development
2021-06-05,10.51542891437522,10.543173691894863,10.460253972303521,10.478750483786511,24.30565840239366,10.524546388610242,0.01395860999684739,-0.05975451482057714,10.534863952511817,-0.029382689078457924,-0.026730779646847225,development
2021-06-06,10.478374972636976,10.503324154456138,10.471767926580087,10.487444083776426,24.08757239613218,10.519502490471414,0.027006079024868762,-0.05906448571985656,10.529648161640935,-0.026353839616103707,-0.015850238248406257,development
2021-06-07,10.486687760986008,10.512996849745454,10.418722659127633,10.42111122799927,24.240286903813136,10.514774211789794,0.023524956382593918,-0.11718794017311751,10.524601863114885,-0.035722050102653495,-0.0677685850129599,development
2021-06-08,10.421969378544524,10.43462704700876,10.345427407079516,10.418483452898371,24.633327929901753,10.510312415853468,0.01989196226548373,-0.11172092522058108,10.519753612096244,-0.045212493851394156,-0.05605766534647749,development
2021-06-09,10.416819330073666,10.533092278119854,10.388252484140002,10.527957555254781,24.711748257884253,10.506080670371796,0.05183618147955127,-0.02995929659656582,10.515128158167398,0.010924026209182994,0.0019053708781999745,development
2021-06-10,10.52914561335395,10.554100967560583,10.48703172383091,10.51060281246424,24.497773130997576,10.502052303600477,0.05805963797188163,-0.049509129108118444,10.510734976377694,0.002836072020528462,-0.0029682359339826547,development
2021-06-11,10.510451138400125,10.534990560886602,10.49250815637792,10.527670390845017,24.379098640731662,10.498209606147102,0.0325242552248543,-0.003063470526939227,10.506557485398924,0.03155507877191692,-0.010442173325822424,development
2021-06-12,10.52782428773632,10.529664612147771,10.455307068655095,10.478766195878286,24.358856020537072,10.494537556556763,0.021941570417504833,-0.03771293109598162,10.502572710165586,0.016541236470120957,-0.04034775075742125,development
2021-06-13,10.478858264730626,10.579559305482887,10.459213194513119,10.57382299716019,24.428734742981202,10.491025064831094,0.04615240847517292,0.036645523853923834,10.498763663276915,0.07714221203329287,-0.0020828781500163984,development
2021-06-14,10.571751926638745,10.620799481512615,10.565074021239964,10.602081784936466,24.487923101760913,10.487670373322135,0.049014567926526656,0.06539684368780385,10.495122929657752,0.09209038998060802,0.014868465298105704,development
2021-06-15,10.60725731244453,10.628503233163825,10.586823478508853,10.606740238295219,24.560999451617782,10.484473547650348,0.03881896787100771,0.08344772277386348,10.491645682273491,0.08966206568210519,0.025432490339621694,development
2021-06-16,10.600843150521987,10.609471422623232,10.549963245894704,10.55443320673001,24.392239353503346,10.481431159060755,0.00528390545235827,0.06771814221689709,10.48832818133533,0.053032128771687975,0.013072896622992047,development
2021-06-17,10.554286101983951,10.584402014546582,10.53048627083181,10.546748446040887,24.33679304641288,10.478533112916447,-0.007114334896642564,0.07532966802108376,10.485167263245218,0.03633597025104711,0.025245212544621864,development
2021-06-18,10.54795582243774,10.55025727615635,10.470386907069354,10.485346854445819,24.312349465864504,10.475762863035463,-0.061910332582512315,0.07149432399286759,10.48216210853826,0.00549343026577769,-0.002308684358219182,development
2021-06-19,10.487225123688996,10.503910620734981,10.46118900930832,10.48054663462802,24.16391722890493,10.473091488037076,-0.042443111209424074,0.049898257800368384,10.47930500702321,-0.0036813259856522075,0.004922953590462242,development
2021-06-20,10.479065004906785,10.492925197708876,10.417271024154003,10.482858260187164,24.32506211299308,10.470486315413924,-0.07138952802747567,0.08376147280071677,10.476583484660827,-0.008092530381457732,0.014367305907795114,development
2021-06-21,10.481255994705478,10.483511964226825,10.351243513463814,10.363336464218154,24.689948198519424,10.467913766500011,-0.08148215226118578,-0.023095150020671085,10.473975027158053,-0.11209609890666467,0.0014575359667663434,development
2021-06-22,10.36162028029743,10.413086017550723,10.27137612620809,10.389169511923182,24.80019891281788,10.465336848746977,-0.09222843074893594,0.016061093925140213,10.471452998768523,-0.11563903903957827,0.03335555219423725,development
2021-06-23,10.389478784991619,10.456032980278822,10.366360594777388,10.42593618685223,24.558777253021443,10.462712687110646,-0.043611841091052934,0.006835340832637371,10.468986804598034,-0.017194667055701513,-0.025855950690102603,development
2021-06-24,10.424742623449852,10.46962067245027,10.385457265530476,10.453411886821074,24.223504855646816,10.460008676717734,-0.03224712466045356,0.02565033476379419,10.466561819020136,-0.05318320241740495,0.04003327021834302,development
2021-06-25,10.453315754223333,10.476928645841928,10.352997767991374,10.362107232945585,24.417901299091014,10.457208600110066,-0.03716966475398381,-0.05793170241049772,10.464188935699553,-0.04468184527220102,-0.05739985748176757,development
2021-06-26,10.360743526455982,10.39321990591835,10.315083891177224,10.379295471131224,24.37613942830535,10.454316243505525,-0.01790394413509995,-0.05711682823920228,10.46189386024462,-0.022403476130149237,-0.060194912983247306,development
2021-06-27,10.382436163381378,10.453229869496015,10.375731102847086,10.453042745690968,24.293126392211427,10.451356051486421,-0.005086321044539689,0.006773015249086356,10.459733756038442,0.0064848400749515055,-0.013175850422426194,development
2021-06-28,10.453893087147723,10.469366276707499,10.431231477927406,10.44680948334389,24.24646028875109,10.44836758424884,-0.007683996666291894,0.006125895761341482,10.457797229844646,0.02010619359449095,-0.03109394009524813,development
2021-06-29,10.448005905285859,10.506220556235151,10.441514377702052,10.487594604290877,24.35825547190755,10.445399295581666,0.020133233703411253,0.02206207500579893,10.456199680130013,0.050826895767981564,-0.019431971607117404,development
2021-06-30,10.48872616056349,10.493348670106023,10.436646491058772,10.46426940150092,24.25136121172178,10.442504594296604,0.03982965371962313,-0.018064846515308375,10.455076682624092,0.0169434886912328,-0.0077507698144057,development
2021-07-01,10.464130937455732,10.464130937455732,10.40073484407863,10.421451155903167,24.35660501943949,10.439739006598836,0.014259964118849121,-0.03254781481451907,10.454555546393152,-0.007570168982382229,-0.025534221507601984,development
2021-07-02,10.420780266323346,10.432337453859567,10.397289482704496,10.431083176889645,24.379853863378695,10.437158870012524,0.01461075069232444,-0.020686443815202793,10.454721261471146,-0.007614418597312286,-0.01602366598418925,development
2021-07-03,10.4298249014189,10.460507451780355,10.416391873613083,10.453588124907709,23.917191320419025,10.434828307539922,0.023897496635023767,-0.005137679267237516,10.455604144210936,0.015930267630258683,-0.01794628693348521,development
2021-07-04,10.453502150778657,10.489538445468433,10.445709412534237,10.471292042774403,23.939109385588345,10.432823390385018,0.015069206260693035,0.023399446128692603,10.457174063377868,-0.00950169918261896,0.023619678579153813,development
2021-07-05,10.47119462470735,10.47119462470735,10.410716520884401,10.426617286623861,24.00873635319704,10.431218904828592,0.0029540650431234047,-0.0075556832478547165,10.459344672897702,-0.029707598001907906,-0.003019788271933166,development
2021-07-06,10.425950434285369,10.464203739381963,10.422278904579269,10.441009496519174,24.000458111110376,10.430078744448387,0.017955627888860203,-0.007024875818073539,10.461986135181585,-0.01581009150764719,-0.005166547154763279,development
2021-07-07,10.440731509418912,10.463036597101404,10.429377804634223,10.429851670089583,23.93394929494808,10.42945491007503,0.01556925421784568,-0.015172494203293141,10.464958874246257,-0.030733924808792598,-0.0043732793478810095,development
2021-07-08,10.43086362304617,10.431403488890217,10.37764453185743,10.400539891289872,24.12147198088101,10.429384466588795,0.017108625952085142,-0.04595320125100777,10.468154666675778,-0.03357420260183275,-0.034040572784073575,development
2021-07-09,10.40006226917707,10.435358941464486,10.383406885179072,10.42815725488879,24.035122623057898,10.429889258055283,0.03240597838787779,-0.03413798155437142,10.471506624892545,0.00609017675507723,-0.049439546758831554,development
2021-07-10,10.42854863534054,10.44024610163044,10.407772182166111,10.419913053580922,23.85753641188001,10.430985500708609,0.03962087533994457,-0.05069332246763025,10.474990877032447,-0.0028030465904429038,-0.05227477686108095,development
2021-07-11,10.419571670057508,10.451166757218749,10.414715243862123,10.441155306292087,23.724419854796444,10.432682810381463,0.03145735153541351,-0.0229848556247898,10.478616805088418,0.02288296420248084,-0.060344462998811466,development
2021-07-12,10.441559081489284,10.451382237369067,10.395048047381803,10.408974380057359,23.91462655077843,10.434984103477452,0.006836284197268779,-0.032846007617362005,10.482410783500145,-0.006421180102614984,-0.06701522334017085,development
2021-07-13,10.408057714131797,10.414126205624191,10.381627365589681,10.395192293499344,23.674045548482272,10.437881289227766,0.02082508394910887,-0.06351407967753175,10.486398129142346,0.04757847580615512,-0.13878431144915737,development
2021-07-14,10.39585931742873,10.40612167054089,10.36214976663193,10.398864893469137,23.785559484805866,10.441356484555861,0.042361821100988656,-0.08485341218771403,10.490606217655094,0.08059066691911655,-0.17233199110507336,development
2021-07-15,10.39903328101724,10.40908877173574,10.3473945122303,10.366615425037375,23.781997521471595,10.445387402441803,0.026473673945492757,-0.10524565134991981,10.495057125361129,0.07556618174333786,-0.2040078820670903,development
2021-07-16,10.36852734417426,10.3802931908893,10.344984764492095,10.355248894059994,23.88871881391566,10.44994884069381,0.006599521222906395,-0.10129946785672317,10.49976320292646,0.05020253653589331,-0.19471684540235934,development
2021-07-17,10.354477454528448,10.371487466622249,10.348941995960068,10.358792063376724,23.662164176287714,10.455017555059113,-0.00041788189628497174,-0.09580760978610492,10.504727349989512,0.03897227648486774,-0.18490756309765644,development
2021-07-18,10.358817953639676,10.385882716423836,10.348669795111404,10.36712126656836,23.656483495509036,10.460574002307688,-0.03802805516156364,-0.05542468057776517,10.509941611793838,0.005051865661348057,-0.14787221088682756,development
2021-07-19,10.36722193732166,10.369917910871655,10.327569434113283,10.335848763440808,23.740504655206415,10.466600949999318,-0.04028362792968071,-0.09046855862882985,10.515383840719258,-0.004050436372737154,-0.17548464090571336,development
2021-07-20,10.336512221721426,10.34194206032469,10.287421012172116,10.302510207872963,23.86518576569245,10.473079647957151,-0.04670819756567646,-0.12386124251851172,10.521017076244032,0.008720673036975437,-0.2272275414080447,development
2021-07-21,10.302139005662507,10.396729266632626,10.293032727984341,10.376944380123552,24.0626950630399,10.479994757647036,-0.04496475265276955,-0.058085624870715336,10.526796263201579,-0.09889590995574868,-0.05095597312227795,development
2021-07-22,10.377821574893307,10.391343390785055,10.36549992501118,10.383228169024942,23.69650863332271,10.487329765251332,-0.0578369935624886,-0.04626460266389998,10.532677167035018,-0.12089667490577573,-0.028552323104300115,development
2021-07-23,10.38300698073972,10.421732111220939,10.375298690378541,10.421732111220939,23.839091639044526,10.495072500352284,-0.031261576938024574,-0.04207881219332066,10.538630952392836,0.02240408196710363,-0.1393029231390006,development
2021-07-24,10.422094735385866,10.448436031758312,10.41705519493063,10.44268035554193,23.798950361744417,10.50322003918589,-0.012736096800686096,-0.04780358684327446,10.544647185478878,-0.07317187275380435,-0.02879495718314473,development
2021-07-25,10.442617589310814,10.473475810782748,10.430634336790119,10.47305897541249,23.760940371112213,10.511779783718591,-0.03369633218064327,-0.005024476125457866,10.550752318528243,-0.05344670215304565,-0.024246640962706678,development
2021-07-26,10.474015902715307,10.609049247630487,10.471278759051348,10.527754404204538,24.65552522289993,10.520756789136197,-0.015783595942038882,0.022781211010380886,10.55699250009443,-0.006247690561671586,-0.022990405328219055,development
2021-07-27,10.526105910139353,10.5816972576873,10.503469731151565,10.5816972576873,24.281392051820106,10.530142992728775,-0.0019295641711177354,0.053483829129641336,10.563417087059568,0.009214331162583191,0.009065839465147718,development
2021-07-28,10.584136643835981,10.61683116298889,10.567783446131557,10.596532384108594,24.379167571899277,10.539918067456174,0.007941539244786355,0.048672777407633205,10.570085108613279,0.02621681548216251,0.00023046001315130127,development
2021-07-29,10.59652105488495,10.611352649002287,10.580303567343757,10.596845257934165,24.025274213571898,10.550051865858107,0.01615114580188848,0.030642246274169338,10.577049741126535,0.03534279451824713,-0.015547277710616925,development
2021-07-30,10.597321606644417,10.651017488580193,10.555743868235561,10.651017488580193,24.221976514043178,10.560503679892994,0.02463236502363369,0.06588144366356552,10.584346317659472,0.04106006618424676,0.025611104736473322,development
2021-07-31,10.650087929602249,10.650920464649133,10.624026918801686,10.6364849430266,23.97375060744424,10.571223379380351,-0.0029340564399040307,0.06819562008615243,10.59198417998644,0.007805071273141211,0.0366956917670187,development
2021-08-01,10.632504736723359,10.658239572930054,10.585091905495299,10.596006899299676,24.00749627920503,10.58214931275155,-0.006405533990229253,0.02026312053835433,10.599924369610514,-0.0029085314240734463,-0.0010089388867644544,development
2021-08-02,10.594313584313316,10.607059696095561,10.564791776403828,10.576481649802364,23.965673227460513,10.593208351946332,0.013780296006267479,-0.030506998150235276,10.608072582147587,-0.001951274269530082,-0.02963965807569302,development
2021-08-03,10.575880913229641,10.59036590624569,10.53958942174215,10.549359158693767,23.98863702163828,10.604319746602648,0.0033838136930470046,-0.05834440160192855,10.616292554783021,-0.01542073947132032,-0.05151265661793403,development
2021-08-04,10.550939739727173,10.595441443409046,10.534471097949682,10.590302323393827,23.956934219448936,10.615404209374137,0.0017863422993246638,-0.026888228279634774,10.624445193297932,-0.013888985368183799,-0.02025388453592214,development
2021-08-05,10.590227138991198,10.62963260500116,10.53097568867337,10.618140680731898,24.283886573933387,10.626387527996963,0.012908216415639157,-0.021155063680703634,10.632421828361927,-0.004478479777023595,-0.009802667853005431,development
2021-08-06,10.61805045057421,10.675253199943052,10.594937786346021,10.664678821297143,24.36679438583757,10.637203929408583,0.02769494308475599,-0.00022005119619628033,10.640164814394796,0.00433084817596874,0.02018315872637899,development
2021-08-07,10.665059370368539,10.70750189535732,10.66004526853128,10.704497632727865,24.41291654711592,10.647796100895102,0.039821612647660945,0.016879919185102565,10.647666960722495,0.01808455027719617,0.03874612172817393,development
2021-08-08,10.704915823470563,10.720672645274137,10.676644597768746,10.68734610891091,24.315156984641355,10.658111206724325,0.01688676652115251,0.012348135665433801,10.654952075138201,0.00041120856602423804,0.031982825206684495,development
2021-08-09,10.687204736448917,10.746278816956941,10.665430293451797,10.744308820863019,24.37998564509254,10.668102292192959,0.022503574771089083,0.05370295389896995,10.662058753015748,-0.008623156477946002,0.09087322432521638,development
2021-08-10,10.742483497043077,10.750170687161017,10.707853038876806,10.727334679551289,24.23618405004674,10.677725930263273,0.024985714192583858,0.0246230350954324,10.669023183574483,0.007323855619107233,0.05098764035769854,development
2021-08-11,10.727656485174268,10.752262167912304,10.722203182284762,10.727523440151048,24.258985634665443,10.686939292894797,-0.0003178285769939067,0.040901975833245174,10.675857179345844,-0.023632270132869587,0.07529853093807404,development
2021-08-12,10.727155825466125,10.741360642401991,10.688790974233324,10.70163168652316,24.24146434352648,10.695703146971086,0.0013965300357076504,0.004532009516367452,10.682545617616277,0.016142387354427544,0.0029436815524555016,development
2021-08-13,10.70188829976006,10.775449660512118,10.698342991700263,10.77464116624604,24.180977744048715,10.703984005016812,0.024862488100887748,0.045794673128339625,10.689056274055936,0.05531341003923219,0.030271482150871165,development
2021-08-14,10.775004481353614,10.781010087528069,10.74025082152535,10.759963422487294,24.164047790012532,10.711754635287988,0.005394191962976981,0.04281459523632769,10.69534971337472,0.04831830704508996,0.016295402067484588,development
2021-08-15,10.759957533765323,10.765472150080333,10.727215304075553,10.758902464133657,24.156896798855673,10.71899376375041,0.004921956045185074,0.03498674433806137,10.701385443786087,0.038412677222638525,0.01910434312493159,development
2021-08-16,10.75832749138338,10.778916657021323,10.729860585829288,10.736494157241468,24.212989122348336,10.72568703368637,0.007816835506718006,0.0029902880483803074,10.707126964441093,0.0352091567836613,-0.005841963983286291,development
2021-08-17,10.735014351588607,10.76086806125978,10.703523484731203,10.707624958210065,24.233358358146887,10.73182912835981,-0.011657639048016515,-0.01254653110172832,10.71254498768575,0.003298319767547628,-0.008218349243232836,development
2021-08-18,10.70743231607874,10.735354012521874,10.700184224989883,10.709989924748209,24.195049759671516,10.737432885466138,-0.0252045260341227,-0.002238434683805579,10.71761482604469,-0.003109100086383614,-0.004515801210096981,development
2021-08-19,10.708665317529226,10.757280596049434,10.691906648759245,10.751875778187584,24.33969051355008,10.742524468756393,-0.01942584043324982,0.028777149864440688,10.722320972143484,0.01943380973758435,0.010120996306515195,development
2021-08-20,10.751994419423207,10.806534011750474,10.750443362216371,10.806473685039077,24.270203413626117,10.747133992334096,-0.002762864367999418,0.06210255707298096,10.726662498711608,-0.07229500227231123,0.1521061885997792,development
2021-08-21,10.806228382110048,10.814102598735351,10.785439379592416,10.797644983880064,24.426669435986227,10.751295381858949,-0.0279070670928922,0.07425666911400697,10.73064434739301,-0.12979799189350183,0.19679862838055584,development
2021-08-22,10.796900685820022,10.809154236136491,10.783113084477787,10.806118459150177,23.956871655975444,10.755043060128108,-0.03543310360210541,0.08650850262417542,10.734275371076016,0.04244041314777733,0.029402674926384265,development
2021-08-23,10.805510497498444,10.829373663760768,10.801096979784786,10.810659805959947,24.258558519040523,10.758400616919735,-0.015437390579575529,0.06769657961978837,10.737583067276198,-0.08086586761536865,0.15394260629911827,development
2021-08-24,10.810986704677651,10.817350730885046,10.772416560524082,10.772814911630944,24.288880129458,10.761368009221593,-0.023428081852495966,0.034874984261845654,10.74060140010633,-0.04915339024151315,0.08136690176612582,development
2021-08-25,10.773257956222961,10.80370741519939,10.761377969188773,10.798775033477908,24.20899889260629,10.763926046801407,-0.017669326219084416,0.05251831289558595,10.743364626811593,0.010230731781643673,0.04517967488467178,development
2021-08-26,10.799629466048891,10.806644047308684,10.745179326358095,10.756672736076593,24.20961744232,10.766052490212942,-0.010623266305358195,0.0012435121690099749,10.745892411094976,0.019075705160723926,-0.00829538017910636,development
2021-08-27,10.755656843002868,10.801874670110994,10.74493148169616,10.800772166404341,24.264546181798856,10.76773169147153,-0.000990375844489723,0.034030850777300614,10.748196880010159,0.028146028114576702,0.024429258279605293,development
2021-08-28,10.801055826696832,10.805344697749574,10.789303371235231,10.797581801863604,24.07555666673635,10.768952455905486,-0.011607510289977899,0.04023685624809481,10.750289887311174,0.01899539712559893,0.028296517426831258,development
2021-08-29,10.797762710352602,10.812635098093557,10.77741041793711,10.796096717156281,23.977109121194115,10.769707411455743,-0.009173522634336493,0.03556282833487501,10.752178142993806,0.03665962942610986,0.007258944736365791,development
2021-08-30,10.796199508253737,10.798056167660365,10.756844308687606,10.759072077340862,24.18420924334022,10.770001037459718,-0.02682496748367167,0.015896007364816,10.753870351941337,0.015340471421246088,-0.01013874602172038,development
2021-08-31,10.758420615580526,10.782897487739923,10.752571540062416,10.761443149093335,24.270880168030022,10.769854055500858,-0.027650077715489253,0.01923917130796582,10.755385567981955,0.0017139837623339667,0.004343597349045325,development
2021-09-01,10.760023469801856,10.80184015060135,10.748549432839136,10.796448802804582,24.3903954468803,10.76929706559123,-0.0020417411623161238,0.029193478375667326,10.756748479224138,-0.015749492882356914,0.05544981646280078,development
2021-09-02,10.79564639161718,10.826623241746587,10.792454780413111,10.806241527745547,24.399770799883388,10.768365142182324,-0.011991317420092799,0.049867702983315,10.757981596585617,-0.02858975906011791,0.0768496902200475,development
2021-09-03,10.805440994910077,10.839233271678827,10.786967570795747,10.820285655675711,24.489249368725524,10.767097592106866,-0.000601007999644477,0.05378907156848989,10.759099885218793,-0.009525612865360257,0.07071138332227811,development
2021-09-04,10.819964751424228,10.830630822607427,10.810712943088333,10.818670170678978,24.3468418853398,10.765542487072963,0.007101061377791348,0.04602662222822218,10.760108162178437,-0.005537448418859843,0.06409945691940067,development
2021-09-05,10.81853469907848,10.856470412809028,10.81050739541621,10.85424560576811,24.135161662954378,10.763751620857228,0.033168734962471344,0.05732524994841093,10.760999867968927,0.008289416247278171,0.08495632155190513,development
2021-09-06,10.854546869030912,10.872388597937265,10.840632901112697,10.871108746147119,24.38385140322241,10.761776761500263,0.05851278887363822,0.05081919577321692,10.761760726914654,0.038957140567725895,0.07039087866473892,development
2021-09-07,10.871620557011715,10.875284240037331,10.67556621658865,10.753876250858683,24.9008795836095,10.759670155596634,0.0119248800689196,-0.017718784806870502,10.762381478734907,0.0002740619616505473,-0.008779289837875126,development
2021-09-08,10.754231505177973,10.76498528772874,10.704623169668023,10.738381457314063,24.615244540653066,10.757487287355616,0.02032990142419093,-0.039435731465744084,10.7628802959499,-0.004052143445160447,-0.020446695190676323,development
2021-09-09,10.731487737413252,10.76346079449468,10.729191175486031,10.744869847847314,24.378398650161234,10.755294461418622,0.02664113271045575,-0.03706574628176362,10.763330437841509,0.006246147251933783,-0.02470673724612915,development
2021-09-10,10.744982840371138,10.758578018480062,10.699743614276498,10.711834661178619,24.39078545018521,10.753164444391631,0.007723058372464977,-0.049052841585476514,10.763858396048994,-0.01913784480554631,-0.03288589006482745,development
2021-09-11,10.711521129540882,10.735728908434009,10.710371050265277,10.718884600477772,24.264220385494063,10.751171321679598,0.006729804172583771,-0.039016525374410804,10.764621493293259,0.0042653375211005855,-0.05000223033658813,development
2021-09-12,10.718999012368077,10.744297531562632,10.709750470284806,10.737771155006527,24.051246444778595,10.749384178435351,0.020306239776822152,-0.031919263205645976,10.765768189359207,0.02588466975795779,-0.053881704110636974,development
2021-09-13,10.737639703461301,10.749327486879737,10.68261333406026,10.713596859009346,24.436104543441992,10.747871354447181,0.007007101135260959,-0.04128159657309638,10.767406050393049,0.02313330138456718,-0.07694249276826959,development
2021-09-14,10.713529614015334,10.762533102100177,10.708898834747432,10.759868865812543,24.37786831239491,10.746703755384896,0.014784662938305148,-0.0016195525106592612,10.769580958211828,0.021798913335381746,-0.03151100573466614,development
2021-09-15,10.759985816257926,10.788297292194711,10.75306840769217,10.782623467151803,24.140484078767777,10.745948694101434,0.03171699437599744,0.004957778674370417,10.772275538759276,0.03526180767246048,-0.024913879279933937,development
2021-09-16,10.782261368968996,10.78904745509125,10.759594185586845,10.774432727742665,24.181608657984718,10.745663757950865,0.012775316012591626,0.015993653779208472,10.775427301993815,0.01254464579648315,-0.013539220047633194,development
2021-09-17,10.77417412165408,10.782303221826075,10.754333185842215,10.763578647902301,24.08112812835131,10.74589057206367,0.0003429203832235198,0.01734515545540738,10.778951251250037,0.0016330865593050976,-0.01700568990704099,development
2021-09-18,10.763705742116022,10.795317160649304,10.759758289420203,10.78473877405688,24.075820109446017,10.746655852936897,0.012112629254163532,0.02597029186581956,10.782764463757152,0.023238944780462116,-0.021264634480735012,development
2021-09-19,10.784541817372807,10.785773979662583,10.756195140141527,10.763424179380207,24.01790653037705,10.747973172525707,0.026715975312268797,-0.011264968457769697,10.786803206204455,-0.049270613221316685,0.025891586397069233,development
2021-09-20,10.763449305905489,10.7648615748492,10.659584040383251,10.665316240981076,24.505404406209827,10.749848399127663,0.001875377561444464,-0.08640753570803206,10.791028441216174,-0.11172076692975692,-0.013991433305340806,development
2021-09-21,10.669239874672543,10.682986941173269,10.591310820691188,10.613827973116207,24.608967250542143,10.752284425906085,-0.02317731173897655,-0.11527914105090176,10.795420138850538,0.05552289019265205,-0.23711505592698323,development
2021-09-22,10.613441532524904,10.691458910502181,10.61215449637226,10.682227575086335,24.364521813780765,10.75529070345031,-0.012022858554991696,-0.06104026980898247,10.799970065812605,-0.06952511887067016,-0.04821737185559982,development
2021-09-23,10.68190139245067,10.713131959787635,10.671494954239563,10.712083884250461,24.25677908535157,10.758884427499435,-0.01512655896891216,-0.03167398428006152,10.804683429090684,-0.03117133078904983,-0.0614282140511726,development
2021-09-24,10.712066134270755,10.716204886239629,10.61977879583838,10.665221688877057,24.480722809650224,10.763077906519563,-0.01978075985718456,-0.07807545778532088,10.809588529593869,0.017241556978299037,-0.16160839769510993,development
2021-09-25,10.665248314028123,10.668868363214154,10.639692351865115,10.662342736138648,24.176572226050077,10.767872694589014,-0.023101000741391674,-0.0824289577089754,10.814724778271446,0.017924152283650158,-0.17030619441644745,development
2021-09-26,10.66246060282288,10.69010915574703,10.617624423691002,10.673793418125287,24.1462645686303,10.773257297134755,-0.01985922280336741,-0.0796046562061008,10.82012250176992,0.020106732184851168,-0.16643581582948386,development
2021-09-27,10.674386748135406,10.699038920142616,10.649953504057807,10.65102183538317,24.156608609959225,10.779211224629856,-0.04536823216899938,-0.08282115707768689,10.825793822756289,-0.0039404112161732065,-0.1708315761569441,development
2021-09-28,10.650196789844866,10.663712477597468,10.619659224902371,10.622169502436297,24.131602359225315,10.785710050752908,-0.04037994085149968,-0.12316060746511148,10.83173558904027,0.017906775119826572,-0.22747286172379866,development
2021-09-29,10.62291107580164,10.65832367796679,10.617164252269781,10.634998427190332,24.144342964042178,10.792721444544519,-0.039775896893601156,-0.11794712046058464,10.837924239098228,0.0160660236241517,-0.21899183553204793,development
2021-09-30,10.634683354088784,10.694047282281437,10.632112441042937,10.687181187310026,24.161813013647052,10.80020481674572,-0.03174748222305609,-0.08127614721263932,10.844317904647655,0.00938484832577106,-0.16652156566340004,development
2021-10-01,10.68777126510958,10.787998859843011,10.676370242204346,10.781389606347785,24.48098645464357,10.808115233462122,-0.00442438303513703,-0.02230124407920009,10.850867372331695,-0.010745700976889013,-0.058732065007021106,development
2021-10-02,10.781816128940923,10.784815393851623,10.767758327962534,10.77292749232251,24.144734575674306,10.81640504351927,-0.010857271375181032,-0.03262027982157889,10.85752615874497,-0.021737577404680755,-0.06286108901777965,development
2021-10-03,10.772267875145108,10.802239198135112,10.761243869114397,10.78311332763158,24.005608954892228,10.825022834081977,0.004845043614118826,-0.04675455006451479,10.86425205322042,0.006180666428158194,-0.08731939201699745,development
2021-10-04,10.783299059940484,10.808854382058144,10.758859952552777,10.801877056044917,24.231317807672653,10.833913303288604,0.0036652710990329844,-0.035701518342719396,10.87101164694753,-0.0005211474917302091,-0.06861344341088227,development
2021-10-05,10.803139848950895,10.855917029714382,10.801061000651664,10.849624666655957,24.303275966643344,10.843021981591484,0.013779221567713806,-0.007176536503239461,10.877783964427723,-0.0011913486399876471,-0.02696794913177669,development
2021-10-06,10.84907810282715,10.925371140195052,10.829494754454798,10.921638768055846,24.615794662951043,10.852304186972773,0.03929593638047689,0.03003864470259643,10.884556530669723,0.03019760795179824,0.006884629434324552,development
2021-10-07,10.921226406628191,10.921226406628191,10.887912871009448,10.893139973792849,24.328977257518968,10.861727549553676,0.0011143166585924312,0.030298107580581046,10.89132782334965,-0.005247202462848125,0.0070593529060474225,development
2021-10-08,10.893068606507857,10.931730674307103,10.890945810500945,10.896143734513576,24.272908336198874,10.871262375468541,0.009094464901891702,0.01578689414314205,10.89810440374334,-0.00313855951106822,0.001177890281304883,development
2021-10-09,10.895438132139104,10.92229778378044,10.891822526952478,10.914510527423127,24.20423547171256,10.880875083569425,0.0284314096430831,0.005204034210619213,10.904895837650011,-0.0011484938125935979,0.010763183585709157,development
2021-10-10,10.914230283537432,10.94024757002001,10.901621053646622,10.910926691129319,24.400269865617332,10.890530716719743,0.008875851148542183,0.011520123261034243,10.911714799271373,-0.034428435099601834,0.03364032695754915,development
2021-10-11,10.910242651295961,10.964623615920125,10.906318587011794,10.959275653702113,24.47599603743038,10.900194684077674,0.01145191093070642,0.04762905869373313,10.918571826453649,0.003652305122024917,0.037051522126439806,development
2021-10-12,10.96000676194099,10.961761738443645,10.905551727575924,10.933839890172603,24.438878720985166,10.909835511072188,0.0186610277762502,0.005343351324164303,10.925463446403793,0.009222323790196291,-0.0008458800213855255,development
2021-10-13,10.933789911637927,10.962815902158908,10.903585699624973,10.957818705121332,24.453389263351458,10.9194209482805,0.014448795755882558,0.02394896108494926,10.93236302043826,0.01614604321663386,0.009309641466437313,development
2021-10-14,10.95732616067944,10.976418452260607,10.950053179246941,10.956431459397717,24.3237454424172,10.928910343835947,0.018441876488319256,0.009079239073450651,10.939220963901466,0.013460041371858307,0.0037504541243915668,development
2021-10-15,10.95685666996125,11.047027458668605,10.948490613251971,11.028318917748976,24.670271391067704,10.938255504470723,0.044764898481201215,0.045298514797051936,10.945982393125183,0.04417387219686769,0.03816265242692474,development
2021-10-16,11.028571802172664,11.03930693479598,11.00552930536381,11.01686003313715,24.256980554192666,10.947402792106356,0.03220163678081706,0.037255604249976315,10.95259904299639,0.026420883836350932,0.03784010630440804,development
2021-10-17,11.016785680103046,11.029155893466214,10.988076450652175,11.02766389820425,24.09167716563625,10.956298461328485,0.014738439469659192,0.05662699740610577,10.959036434705821,0.005351057322913169,0.06327640617551467,development
2021-10-18,11.027585711277803,11.04475471752992,11.002312448768315,11.035310190593536,24.362313088652602,10.964892873503299,0.023027604585911902,0.04738971250432655,10.965271049009685,0.017381206570281395,0.05265793501357052,development
2021-10-19,11.035585616312376,11.07340502860475,11.028789378774666,11.070723634212328,24.42385635672664,10.973142450524872,0.018432014464899178,0.07914916922255699,10.971282295314474,-0.027829751908122355,0.12727109080597643,development
2021-10-20,11.071075160492706,11.11140841247389,11.060536593417707,11.097301468753344,24.431677185216518,10.98100700388901,0.003910563821874627,0.11238390104245966,10.977050372426541,-0.08139040380702103,0.20164150013382276,development
2021-10-21,11.097443874677944,11.106468067906178,11.036781585472735,11.038273800405104,24.549907874548914,10.988441638016806,-0.01909691198725101,0.06892907437554996,10.98254878534481,0.03911987573971375,0.01660513932058194,development
2021-10-22,11.038719267371794,11.062175660534564,11.004144364408234,11.013571549324409,24.37221047517239,10.995389444277427,-0.008913130849632814,0.027095235896615222,10.987749165121292,-0.039071930465420915,0.06489431466853723,development
2021-10-23,11.013610487300527,11.03075012261326,10.999204377391754,11.025061154171324,24.014743066679827,11.001796104655817,-0.013966415554675853,0.03723146507018171,10.992621787627014,-0.023056877957706043,0.055496244502014846,development
2021-10-24,11.02464940707697,11.026886834543857,10.996137832867086,11.017494662826746,24.030745179718306,11.007624809917743,-0.016037138022910666,0.0259069909319134,10.997129589384608,0.02134437062970181,-0.0009792971875643985,development
2021-10-25,11.016888707836836,11.062400084454849,11.013563890164294,11.05152193613955,24.159344775294652,11.012851822688699,-0.017418943525666537,0.056089056976516005,11.001238944304028,0.02075284817241229,0.029530143663109243,development
2021-10-26,11.051409897507918,11.05451876804647,11.001952499683343,11.008144750039365,24.275149779240092,11.01746340915025,-0.019174283449019086,0.00985562433813314,11.0049197685783,0.013710096086045027,-0.010485114624980696,development
2021-10-27,11.00794936599313,11.02573797265889,10.971781302519368,10.976480906176349,24.499631234246458,11.021457405484055,-0.0510828030685769,0.006106303760869736,11.008144932360114,-0.027571076575235737,-0.004092949608530461,development
2021-10-28,10.97628157416505,11.036962237504175,10.971759492119507,11.012415397763618,24.53562503070929,11.024841244943516,-0.04292878600948427,0.030502938829586768,11.010892697395956,-0.0007284340650211144,0.0022511344326829885,development
2021-10-29,11.012460501887007,11.04974028724068,11.007584188640008,11.03855977318789,24.33030818897367,11.027626189893894,-0.031016753684545494,0.041950336978541,11.013151387599327,0.019198607745444754,0.006209777843118047,development
2021-10-30,11.038742928722824,11.040200448587308,11.017290324714914,11.033095022847466,24.19392518147273,11.029819073361935,-0.018943666713495556,0.022219616199025793,11.014923100315658,0.018986318902072613,-0.0008143963702647028,development
2021-10-31,11.032475272373143,11.041419457799746,11.003337876688613,11.023844324197919,24.196510972502665,11.031426742866879,0.00408259952091902,-0.01166501818987875,11.016225107040931,-0.00028340060904294157,0.007902617766029962,development
2021-11-01,11.023868658790619,11.041625057831373,10.997006619241716,11.018701374153284,24.31095863173269,11.032467849457412,0.0006508780921078957,-0.014417353396234844,11.01707735803485,-0.006115885897335976,0.007739902015769573,development
2021-11-02,11.018026566724698,11.070424824792601,11.013254968935385,11.054477251442448,24.35416298153507,11.032972162338114,0.014632170212929752,0.006872918891403401,11.0174994013328,0.018173565471175785,0.018804284638470392,development
2021-11-03,11.054918956651225,11.059061881597517,11.021644890885707,11.05041444596401,24.310243551102253,11.032972434088881,0.004172546307430774,0.013269465567699257,11.01751195128782,0.002079278755894495,0.0308232159202948,development
2021-11-04,11.049965843388136,11.052845062210341,11.015339542610047,11.02601541165034,24.20806410849846,11.032500877502496,-0.010629613715861502,0.004144147863705427,11.017136790926568,-0.02077141092578312,0.02965003164955604,development
2021-11-05,11.02614310691699,11.043585115705683,11.016078505830825,11.02068728242158,24.144432578638057,11.03158666276748,0.007944539686687211,-0.01884392003258739,11.016388464707054,0.001474747795265078,0.002824069919260097,development
2021-11-06,11.01975760456396,11.028265897661548,11.004825809873275,11.027239190903295,24.093829914251664,11.030255976513155,-0.007849022108055721,0.004832236498195641,11.015275724503004,-0.012019127294426703,0.02398259369471667,development
2021-11-07,11.027685093971984,11.056066872403024,11.025694099279352,11.056066872403024,23.931151664536756,11.028530591117121,-0.00030298824366439825,0.027839269529566835,11.01380434804106,-0.006064401214221819,0.048326925576185786,development
2021-11-08,11.056336517747736,11.122453528273578,11.056336517747736,11.120872433458322,24.439896838165705,11.026428998734467,0.01933765924780604,0.07510577547604846,11.011977552349652,-0.012017493008645751,0.12091237411731548,development
2021-11-09,11.120619411182242,11.135031786654531,11.103182155897024,11.112027334276778,24.469422946782366,11.023968298430644,-0.0012913385781145453,0.08935037442424942,11.009800202075176,-0.04450560236548121,0.1467327345670828,development
2021-11-10,11.11175117721181,11.138808213131455,11.054187946579168,11.082069168800906,24.60957769302118,11.021164119063924,0.00188938586721989,0.0590156638697632,11.007287973010799,-0.006973853952695112,0.08175504974280301,development
2021-11-11,11.081817736593514,11.091011040069455,11.069454522612471,11.081372420712883,24.30346352272709,11.018031486203974,0.008728850843550358,0.054612083665359634,11.004470622702868,-0.0017302141748012497,0.07863201218481564,development
2021-11-12,11.080047748160167,11.08920701986863,11.040260923595804,11.069071983214132,24.309140162853883,11.014577710018417,0.015588901821817689,0.03890537137389671,11.001379423623986,0.014374069232346472,0.053318490357799675,development
2021-11-13,11.069105957354731,11.080844410968929,11.055699601336842,11.073947946805788,24.140147205283107,11.010803877654249,0.0070371788362345805,0.056106890315303914,10.998041302823578,0.007548058636581962,0.06835858534562789,development
2021-11-14,11.073728342210721,11.089731826396196,11.061120174327659,11.089299031444744,23.947013462976255,11.00670867892291,0.029182521258588924,0.05340783126324489,10.994474937953846,0.03244324161924057,0.06238085187165687,development
2021-11-15,11.09013039263134,11.101667163323818,11.05955307918113,11.059706125596307,24.14291734064218,11.002289838972342,0.03131795711026537,0.02609832951369917,10.990692947876052,0.028298558616929412,0.04071461910332452,development
2021-11-16,11.06227252263649,11.06227252263649,10.985569564902553,11.004783671341393,24.5700959331558,10.997537413106677,0.011898418495207064,-0.0046521602604912005,10.986698197914166,0.00716628093346871,0.010919192493759056,development
2021-11-17,11.004424156057091,11.015733304751652,10.977045420069048,11.008214636346665,24.39139123103606,10.992436886232678,0.009935097810620467,0.005842652303366336,10.982481099638019,0.010158942902516737,0.01557459380612869,development
2021-11-18,11.00808417795543,11.017784524270237,10.942894503903954,10.949790885944601,24.44626500418709,10.986975349891296,0.002856270791056154,-0.04004073473775094,10.978013521399253,-0.027804679230304545,-0.0004179562243482593,development
2021-11-19,10.94898258458389,10.974233716881452,10.927828414230966,10.970257859054986,24.379167651403378,10.98114583617485,0.00655531929386831,-0.017443296413732767,10.973261913762297,-0.04516791426315562,0.042163859555843786,development
2021-11-20,10.97018049658847,10.999761758517907,10.959013593529793,10.997040318545118,24.145058501082374,10.974952791609622,-0.0051886596937338915,0.027276186629229926,10.968198832229888,0.0184673036767327,0.010374182638496876,development
2021-11-21,10.997598187448123,11.002173601483882,10.978812955653979,10.980714062905575,23.98609912368594,10.968411872135137,0.0005626796075397155,0.011739511162897287,10.962792259349083,-0.0038676644989266195,0.02178946805541848,development
2021-11-22,10.98031165420841,10.989797128565993,10.927373418567383,10.938259548426279,24.279645417208787,10.961543349002186,-0.016671255442548834,-0.006612545133357628,10.957018647839716,-0.0060769862294696286,-0.012682113183966948,development
2021-11-23,10.938530711210765,10.966049700722497,10.92652754627355,10.96074079659562,24.347228135583173,10.954373422017381,-0.008007599109230722,0.01437497368746854,10.950872507265354,0.028088272638778326,-0.018219983308512155,development
2021-11-24,10.96068481601494,10.964797105329382,10.93246788447438,10.938102076587057,24.3242853757093,10.9469394656041,-0.0005741257498595356,-0.008263263267183518,10.944365173699508,0.032286485630192686,-0.038549582742643196,development
2021-11-25,10.95370441359108,10.991510113271984,10.953376637617897,10.955613914813696,24.257945083935798,10.939295771820424,-0.004568638605222534,0.02088678159849522,10.937531054251288,0.008190474133630134,0.009892386428777655,development
2021-11-26,10.984619363350843,10.988397735816621,10.888740113842102,10.888740113842102,24.45641927792132,10.93150925738471,-0.02943271355558094,-0.013336429987026222,10.93042171817821,-0.05914471916825698,0.01746311483215024,development
2021-11-27,10.89184644323005,10.921057121921834,10.890578823188465,10.911720583447403,24.142985867441187,10.9236510433709,-0.015554674969086024,0.0036242150455905175,10.923101593711024,-0.023768690944751977,0.012387680681131386,development
2021-11-28,10.911683098715464,10.957692324813618,10.888870192752924,10.95515596961224,24.05963617080229,10.915796019361737,-0.00808586189175823,0.047445812142260735,10.915640428907883,0.02552075251438903,0.013994788189968688,development
2021-11-29,10.955914640544302,10.98313580366336,10.947160035138854,10.964857653917171,24.200523865529973,10.908024102797002,-0.0037350365642159905,0.06056858768438467,10.908104394765045,0.016096629462022942,0.040656629690102974,development
2021-11-30,10.965264909995236,10.987212951627336,10.934129326396839,10.950901731409298,24.326276750393536,10.900411515344397,0.006607844130550126,0.04388237193435174,10.900555048113345,0.021058405471199915,0.02928827782475274,development
2021-12-01,10.949190589931547,10.985998974958564,10.942934981031733,10.954830512253436,24.33034382727325,10.89301670509636,0.0026421079237382763,0.059171699233337094,10.893054600013851,0.016564227846785535,0.045211684392798546,development
2021-12-02,10.954612821647913,10.956914772511997,10.931232585763864,10.941603210123722,24.200805818147874,10.885877050548334,0.020567731191381593,0.03515842838400651,10.885661535931527,0.03880019671300983,0.01714147747918382,development
2021-12-03,10.942158099734437,10.959230056426719,10.868503416750906,10.889271624322017,24.406859702314645,10.87901273747812,0.007814075898203477,0.0024448109456933764,10.878421839241357,0.016775818290996142,-0.005926033210336357,development
2021-12-04,10.891687306115049,10.894972574835167,10.666035255915261,10.803663193638442,24.84044237892786,10.872430210003328,-0.025137715244565543,-0.04362930112032082,10.871365446716624,-0.024108788645965294,-0.04359346443221668,development
2021-12-05,10.803679786759572,10.815130468829855,10.775983042709726,10.807074890085225,24.339526241196115,10.866125561535183,-0.018114342103243822,-0.04093632934671376,10.86450842612848,-0.01614136940552289,-0.041292166637733274,development
2021-12-06,10.807978549958042,10.838197985905229,10.763864546087342,10.831363416860695,24.353119758821524,10.860084737268597,-0.01173878681216364,-0.016982533595738758,10.857854729435221,-0.014588766125173134,-0.011902546449352513,development
2021-12-07,10.831347662908088,10.857744003657277,10.8232882889308,10.833682884646871,24.24007545097551,10.85428653242895,-0.0030036738219747445,-0.01759997396010604,10.85140130293062,-0.007222860435271644,-0.010495557848477333,development
2021-12-08,10.833042888077832,10.842935572651715,10.79478838737527,10.829823598475176,24.0724573703095,10.848700943653153,0.009969834455683913,-0.028847179633659792,10.845142442902201,-0.016271980526233496,0.0009531360992092175,development
2021-12-09,10.828739651746737,10.835595806417716,10.765498462364286,10.772102042489037,24.111161044082387,10.843288460431534,-0.0017402962056879837,-0.06944612173681008,10.839065731909571,-0.043664004123475916,-0.023299685297057948,development
2021-12-10,10.771473037779336,10.820083316083391,10.758406992329974,10.763066223199,24.156155830780556,10.838005085462035,-0.002288968658934542,-0.07264989360409935,10.833147598513476,-0.013177541955875493,-0.05690383335860005,development
2021-12-11,10.763517574078646,10.808883368565144,10.756675482214856,10.806946463812162,23.97270459128561,10.832802330347606,0.010768503251003404,-0.03662436978644834,10.827354830174968,-0.003449731442744679,-0.01695863492006211,development
2021-12-12,10.80679142847165,10.834171546455003,10.793965001082972,10.821743071750875,23.81154190374711,10.827631806689261,0.02134880601038408,-0.027237540948769734,10.821652470681878,0.015363819346493168,-0.01527321827749617,development
2021-12-13,10.82207049907778,10.823869902313536,10.734108138331854,10.752301701419542,24.194198456424544,10.822449038433653,0.010364815343732105,-0.08051215235784248,10.816007168279224,0.013211330766454945,-0.07691679762613646,development
2021-12-14,10.751709790269205,10.787903610470785,10.745582531880899,10.749626873718737,24.268235054949944,10.817218944287747,0.015704188126623712,-0.08329625869563273,10.810389755945119,0.02207429426984147,-0.08283717649622346,development
2021-12-15,10.786836697545047,10.809201689500712,10.750898938764744,10.797465651949045,24.32172342826985,10.811924539126323,0.027086631853188034,-0.04154551903046588,10.804781425457255,0.023729881512029264,-0.031045655020239593,development
2021-12-16,10.797542181348252,10.80822326597841,10.769113821950697,10.771961587647668,24.028985226151153,10.806569661280713,0.011627029698241156,-0.046235103331286,10.799177940304707,0.007446845150931468,-0.034663197807971,development
2021-12-17,10.771716195000087,10.779058254066504,10.72806236398988,10.740781494390799,24.216821328065077,10.801170170845793,0.012011634650195904,-0.0724003111051914,10.79358242041513,0.010941708571131515,-0.06374263459546192,development
2021-12-18,10.741151741551828,10.764557881225704,10.727628815313079,10.754680189994117,23.98513573499753,10.795751081812114,0.001511310005853899,-0.04258220182385131,10.78800445775348,-0.01825070255926324,-0.015073565200101058,development
2021-12-19,10.754788828336835,10.780822548595406,10.747271097730932,10.751649659997076,23.94828490785874,10.790340127097656,0.0047159958186015,-0.043406462919181266,10.782459058009847,-0.014374638429680599,-0.01643475958309004,development
2021-12-20,10.751650663486076,10.766413767574294,10.727220103361283,10.755352340189026,24.156023322088174,10.784965299732779,0.005154565295615182,-0.034767524839368846,10.776966972006312,-0.0005854975214184515,-0.02102913429586728,development
2021-12-21,10.755476068790363,10.805697979938566,10.751473178643971,10.79828113313094,24.02116738221801,10.779658276119655,0.007948955520719336,0.010673901490566351,10.771553323372952,0.0020798394221225743,0.024647970335864855,development
2021-12-22,10.798291031192338,10.81063252677726,10.788307047677097,10.7919652987757,23.919813413869964,10.77445397606392,-0.03249779485575519,0.050009117567535455,10.766250046330041,-0.01514920254308449,0.04086445498874269,development
2021-12-23,10.791920715500348,10.846076238774137,10.780326932213862,10.835347238030353,24.06343419806107,10.769383236557973,-0.025362933657939173,0.09132693513032031,10.761087411644866,0.05344031801741112,0.020819508368076,development
2021-12-24,10.835770736316078,10.855416189657893,10.830015625359241,10.836088453697947,23.916533031196803,10.764465665935154,-0.01187163243898064,0.08349442020177378,10.756085096922027,0.020956422547840487,0.05904693422808016,development
2021-12-25,10.836732112040993,10.843037629582962,10.824501254208895,10.828338726647292,23.669316722346327,10.75969857163138,-0.010419094145434675,0.07905924916134666,10.751248351286488,-0.020077380279119705,0.09716775563992286,development
2021-12-26,10.828315566092417,10.843424084112447,10.812211840333783,10.835838931576387,23.76609030665198,10.755057497343241,-0.020259532595652132,0.10104096682879771,10.746573167608403,-0.07144827365634553,0.160714037624329,development
2021-12-27,10.83570299799543,10.858158801043455,10.829718095406138,10.83250531053597,23.914743568829444,10.750498305001882,-0.006671802535635907,0.08867880806972295,10.742047349730012,-0.03796891206415915,0.12842687287011678,development
2021-12-28,10.833283859766665,10.833283859766665,10.76667727161023,10.770353884025576,24.232730811140772,10.74596224352522,-0.0055681121450073135,0.029959752645364546,10.737647695247043,0.013342391376555983,0.019363797401977578,development
2021-12-29,10.771089408001073,10.781447812426714,10.740767459445948,10.746017872096795,24.12610275050798,10.741385030045707,-0.006333239095487692,0.01096608114657549,10.733340416507252,-0.011918274622321305,0.02459573021186401,development
2021-12-30,10.747005538260826,10.7764524253358,10.737706957980405,10.761685610756102,24.007423319969956,10.736703864440623,0.013131498476779791,0.011850247838699701,10.729085728475317,0.04228237686871495,-0.009682494587929469,development
2021-12-31,10.761500043350756,10.788752469836153,10.732474933091206,10.743036437945248,24.33348546262882,10.731863740513266,0.01293326338754007,-0.0017605659555570696,10.724842977895573,0.044359211272922444,-0.026165751223247824,development
2022-01-01,10.743150903147507,10.775352146511134,10.742648491644399,10.772410171147005,23.92530743824953,10.726824642856343,0.027869521835174185,0.017716006455486877,10.720576803758716,0.05883843916650687,-0.007005071778218408,development
2022-01-02,10.772286718077579,10.776482529541363,10.754854355679413,10.765221116746984,24.053739190534362,10.721559113915953,0.013788036611056046,0.0298739662199754,10.716260303754993,0.028099717748490086,0.020861095243500216,development
2022-01-03,10.765185721205428,10.768710786844501,10.732824320463402,10.746306480105032,24.22194160261296,10.716048077808788,-0.032814032051823094,0.06307243434806686,10.711870870968323,-0.029353083888562587,0.06378869302527157,development
2022-01-04,10.746322287120906,10.766515617976726,10.731000945536545,10.734167545414593,24.47264467929421,10.71027607701907,-0.0304248615353223,0.05431632993084534,10.707382127739647,-0.023794035995483683,0.05057945367043004,development
2022-01-05,10.734206439088494,10.75639209918525,10.66425185407212,10.682101257018617,24.330150895039864,10.704232214342516,-0.00920021884935258,-0.012930738474546288,10.702762080645398,-0.01554525614072137,-0.005115567486059902,development
2022-01-06,10.68202110072288,10.68621760564264,10.660677953311142,10.672690959686879,24.13137422549138,10.697914420486239,-0.006301011760709475,-0.018922449038649702,10.697979873446705,-0.013454673887127956,-0.011834239872698049,development
2022-01-07,10.67252043491948,10.67252043491948,10.623214473939305,10.634842970888347,25.156420466658535,10.691336547953183,-0.0005717654277729433,-0.055921811637063,10.693017584777676,-0.018015452202983225,-0.040159161686347034,development
2022-01-08,10.634928690982784,10.65086108036303,10.61330199290771,10.639070019401032,24.057837395094715,10.684537633134852,0.004871495750654208,-0.050339109484474065,10.687895436878808,-0.025710560103515204,-0.02311485737426011,development
2022-01-09,10.639088832448351,10.66110956204909,10.629541327165553,10.643317954457642,23.781709230441386,10.677575838684064,-0.0005172776382014531,-0.03374060658822131,10.682680877349844,-0.018231663184445843,-0.0211312597077562,development
2022-01-10,10.643285240068874,10.650163281466044,10.591536014443834,10.64116014278098,24.19225370674006,10.670523527571556,0.012985909400780956,-0.042349294191357245,10.677488882039047,-0.0072753541331751605,-0.029053385124891307,development
2022-01-11,10.641118203664204,10.668982283849067,10.63122343478843,10.662793553417778,23.993885512924237,10.663468054500697,0.020799267543820596,-0.021473768626739442,10.672472527611143,0.009157427779056891,-0.018836401972421868,development
2022-01-12,10.662941526402879,10.695016717120643,10.657941199580062,10.690787460583557,24.234809445626503,10.65651112290788,0.005099889506574133,0.029176448169103253,10.66779443617275,0.005262915259592283,0.017730109151214535,development
2022-01-13,10.690733774996163,10.698252746621073,10.656012530184798,10.659411632629674,24.588011370252392,10.649756808183474,0.0038261341624782627,0.005828690283721016,10.663595182985299,0.0031060090701789853,-0.00728955942580356,development
2022-01-14,10.659583031671582,10.676985566370965,10.645010935166447,10.671271297413195,23.883554607247422,10.643301270774963,0.018550068098789372,0.009419958539442774,10.659976680033688,0.010892138170213492,0.00040247920929381564,development
2022-01-15,10.67132232245357,10.685667795684832,10.661228764255435,10.673072453064304,23.634058130268276,10.637232098547475,0.016947529204974613,0.018892825311853656,10.656991323169628,0.009553578158594016,0.006527551736082771,development
2022-01-16,10.672948320697909,10.679062484827947,10.661743953228989,10.67160024072898,23.60818374102652,10.631624811282295,0.023107389108997258,0.016868040337687518,10.654634847162125,0.015355837321444521,0.0016095562454108148,development
2022-01-17,10.671698630653914,10.6731185916487,10.637784361378525,10.651372668913368,23.800158851188193,10.626536355245102,0.016451949660471074,0.008384364007794076,10.65285107766704,0.005519028179345843,-0.006997436933019685,development
2022-01-18,10.651361389470168,10.658068494294458,10.630848094787293,10.654328778140568,23.833094769946904,10.6220051054734,0.0015673665748266645,0.030756306092341035,10.65154833834409,-0.007901647511266797,0.010682087307744226,development
2022-01-19,10.654291167375476,10.656748746691962,10.627234596643254,10.63931886787647,23.86273229476189,10.618051517314592,-0.0018236878339779397,0.023091038395856245,10.650622470815806,-0.011335579465971655,3.197652663544659e-05,development
2022-01-20,10.639311662320718,10.678514754336392,10.613315438831055,10.613502124691818,23.73791966059537,10.614671565416554,0.0030035474557005186,-0.004172988180435766,10.649970944905387,-0.006733198389248077,-0.029735621824320546,development
2022-01-21,10.61397367777191,10.622802533646809,10.485463640351329,10.50389744184851,24.484744798224046,10.611832727462085,-0.03968719026953935,-0.06824809534403542,10.649489853763784,-0.018445474543027248,-0.12714693737224714,development
2022-01-22,10.504288875942786,10.510227151058306,10.444335463350994,10.463967252906004,24.404979311801608,10.609482366158378,-0.04320763416202925,-0.10230747909034577,10.649082454199288,0.04050436151425967,-0.2256195628075428,development
2022-01-23,10.464455550965578,10.50323881367568,10.456940639981601,10.4989338267561,23.982053518842164,10.607560272284518,-0.02209529427187905,-0.08653115125654054,10.648667056145165,0.01761806614195231,-0.16735129553101835,development
2022-01-24,10.498904322344158,10.525340631791849,10.409824876637627,10.509286793930293,24.457516727510182,10.606003232135993,-0.022819326237864736,-0.07389711196783466,10.648181898689167,-0.028686363459332058,-0.11020874129954095,development
2022-01-25,10.50929979531175,10.530616993387289,10.485128417584084,10.517429280722313,23.997697065108294,10.604747085772365,-0.015577972153266036,-0.07173983289678532,10.647597555324655,-0.06943096542594843,-0.060737309176394305,development
2022-01-26,10.51733488108277,10.566830212288194,10.501634427150885,10.514668456069511,24.16766950556321,10.603734567565962,-0.0017688869673699072,-0.08729722452908106,10.646902132888695,-0.042143478411271154,-0.09009019840791233,development
2022-01-27,10.514390490968799,10.522673940649348,10.480923085789058,10.522402294196688,23.94379735559688,10.60291753168553,-0.009006300544959364,-0.07150893694388394,10.646089966109605,0.004768834055852621,-0.128456505968769,development
2022-01-28,10.522138674762035,10.544100640552566,10.497121239683358,10.539649799119388,23.82510572059367,10.602255122774835,-0.015781233861900903,-0.04682408979354591,10.645168280070237,-0.04325875383816193,-0.06225972711268746,development
2022-01-29,10.539554061998786,10.560392384927178,10.529599034203871,10.54897115095723,23.56783697030977,10.601711949070582,0.025570252206788352,-0.0783110503201403,10.644156541542081,0.05817356347848811,-0.15335895406333933,development
2022-01-30,10.549331309891874,10.552325933396471,10.53043378929936,10.543170704368592,23.40726569623321,10.601255507393786,0.025084843858658293,-0.08316964688385298,10.64307313391737,0.05936282595843145,-0.1592652555072096,development
2022-01-31,10.543241373271833,10.562231203381529,10.511446444724589,10.557975112500918,23.75507593157305,10.600854913533007,0.03668111055313572,-0.07956091158522582,10.64192968698066,0.07026538738043162,-0.15421996186017317,development
2022-02-01,10.557939788082498,10.574264699486037,10.548328133565413,10.56471243106808,23.733320076224032,10.60049417167456,0.023877908391117444,-0.05965964899759868,10.640737614234713,0.04092690750453544,-0.11695209067116963,development
2022-02-02,10.564723823948608,10.567067323459986,10.514142143807572,10.517401691179735,23.675839503695393,10.60017712474602,-0.02075767628495854,-0.062017757281326524,10.63951519082434,-0.015350859252816932,-0.10676264039178918,development
2022-02-03,10.517180312701804,10.522842906809133,10.501651823882886,10.522842906809133,23.6459721941746,10.59992681778925,-0.01799367796713026,-0.059090233012986104,10.638286510714732,-0.007632292895915264,-0.10781131100968366,development
2022-02-04,10.522699282252002,10.634118004116685,10.521200506355411,10.633469790333868,24.10467575815937,10.59978010569799,-0.0040797404761029575,0.037769425111980226,10.63708483148023,-0.00984173790500575,0.006226696758643513,development
2022-02-05,10.633484379558393,10.641779309224857,10.622256125456463,10.632029966789807,23.701488010370536,10.599774205886595,-0.012569424079108077,0.044825184982320465,10.635949124754793,-0.018801277171528248,0.014882119206541589,development
2022-02-06,10.632028929897546,10.6572778290948,10.62728289928946,10.655196843279294,23.504696437752354,10.599939623211721,-0.009057280200659216,0.06431450026823171,10.63492159331637,-0.01629188254218165,0.03656713250510535,development
2022-02-07,10.655063563573297,10.701036713305543,10.6394105676272,10.688308426162786,24.078134978859694,10.600292326788743,0.015261174174276429,0.07275492519976723,10.634036715899471,0.003998785030253805,0.05027292523306137,development
2022-02-08,10.688636088865746,10.720926920186933,10.664476447522574,10.694633234985922,24.222176534899305,10.600833568683859,0.00405622792523184,0.08974343837683207,10.633315962504494,-0.012756214789858836,0.07407348727128671,development
2022-02-09,10.694140299683431,10.708350528663294,10.67435864867874,10.699615348837353,23.869394063053274,10.601553467512593,0.005385803889772427,0.09267607743498729,10.632759619018204,-0.014120643083972607,0.08097637290312143,development
2022-02-10,10.699818398684082,10.729003585107042,10.678279432049932,10.682011954914502,24.19343093318353,10.602433090632184,0.003086933492463634,0.07649193078985483,10.632334416822088,-0.009978964348430475,0.05965650244084486,development
2022-02-11,10.682150029035176,10.687636372410301,10.648148305895553,10.655090828888024,24.01743189244243,10.60344036930234,-0.008386977261185702,0.06003743684686924,10.631971480206607,-0.011602084229982861,0.034721432911400285,development
2022-02-12,10.655193711881335,10.668782141993901,10.641908584659134,10.651228707055157,23.622068086231128,10.60453476294464,-0.0017122189936659077,0.048406163104182554,10.631587506768314,-0.006983296153416844,0.02662449644025955,development
2022-02-13,10.651041627434077,10.661791532357203,10.644256152883122,10.650116626964104,23.41393852088235,10.60566970699148,0.0021108174326439364,0.04233610253998066,10.631098401404032,-0.006003838954835951,0.02502206451490885,development
2022-02-14,10.64916547448018,10.663727271359736,10.637823629019776,10.659302395189599,23.759553654149776,10.606792480213926,0.017150776740953156,0.03535913823471937,10.63043712286158,0.008936314903815436,0.019928957424204086,development
2022-02-15,10.659291755011058,10.70699515026318,10.65704839525032,10.704932999759658,23.84658444978834,10.60784971394323,0.026661658212009547,0.07042162760441784,10.62956820155506,0.015226797497740283,0.06013800070685704,development
2022-02-16,10.705001964201314,10.705001964201314,10.67952012136801,10.691077704711324,23.708571322888737,10.608789523260892,0.02379190529144969,0.058496276158981786,10.628487833742971,0.011651188854825299,0.05093868211352692,development
2022-02-17,10.690513668931944,10.694962461427046,10.602849657631468,10.60999537390932,23.99080468700699,10.609563803258576,0.0074826624767157495,-0.007051091825973188,10.627214869078538,-0.0015220495164677164,-0.01569744565275144,development
2022-02-18,10.610343655201074,10.619597859279324,10.58753387538591,10.597408847392272,23.87214862053885,10.610134173014382,-0.00239858419407942,-0.010326741428031028,10.625784241486548,-0.011963053550442547,-0.016412340543833892,development
2022-02-19,10.597285107556747,10.60705225455119,10.589435344327134,10.599683985646616,23.343326572995863,10.61048083520992,-0.004099111913922357,-0.006697737649382418,10.624236060016935,-0.014752265689725383,-0.009799808680593713,development
2022-02-20,10.59958292191342,10.599627516000371,10.548305790672538,10.556629563997667,23.632381734742058,10.610604149651174,-0.03807760569206717,-0.015896979961439683,10.622603951190879,-0.021929416684321214,-0.04404497050889056,development
2022-02-21,10.556417007531053,10.581379905116117,10.517333823722135,10.520705752951736,24.100184282741345,10.610514007477208,-0.05174922643203409,-0.03805902809343742,10.620921804891113,0.03346618517694546,-0.13368223711632155,development
2022-02-22,10.520530102445775,10.554766761263478,10.504764304284341,10.552840287195295,23.961675643264023,10.610224787801362,-0.02655329945174891,-0.030831201154319032,10.61923138409902,0.012416861620262407,-0.07880795852398848,development
2022-02-23,10.552820799739386,10.574450332142582,10.524112867294985,10.526656652610791,23.807424370587366,10.609761465234294,-0.028740852091118516,-0.05436396053238468,10.617582555163592,-0.04284157638919433,-0.048084326163605695,development
2022-02-24,10.526173813392745,10.570517627296839,10.447531838611924,10.554056232759809,24.56021614242982,10.609162822624642,-0.01345583743963024,-0.04165075242520189,10.61602238807583,-0.05288173517019585,-0.009084420145825334,development
2022-02-25,10.554085886184525,10.587349867326893,10.548267253020633,10.576794683224678,24.002129814209702,10.608480573866174,0.00030809291036372856,-0.03199398355186034,10.614585714668046,-0.04448634297128864,0.006695311527920467,development
2022-02-26,10.57676569535977,10.596768415660161,10.563660384882652,10.574009410962532,23.583610947284033,10.607774399328694,0.0010600468324494198,-0.03482503519861169,10.61329602141725,0.005818729628333083,-0.045105340083051004,development
2022-02-27,10.573844477389374,10.59109294094277,10.525916531940647,10.537674893073618,23.87814177374287,10.607110303330968,-0.003008719450071232,-0.0664266908072797,10.612170939720558,-0.036928094821185836,-0.03756795182575523,development
2022-02-28,10.537574511966529,10.686485881054121,10.532581823096992,10.673439150393255,24.298136769657145,10.606565829616313,0.03596792302798595,0.030905397748956176,10.611217165621937,0.06517964974078658,-0.0029576649694682544,development
2022-03-01,10.673468541832948,10.70982058588157,10.667852133748974,10.699972530638203,24.20386103056617,10.606223743516638,0.030648153980174966,0.06310063314138858,10.610446648775067,0.0632356774713622,0.026290204391774097,development
2022-03-02,10.700039724737547,10.716140242886224,10.67897138213465,10.69021881473153,24.096856044365918,10.606161355122568,0.04192121159795204,0.042136248011010125,10.609882810750937,0.07355669124944342,0.0067793127311492896,development
2022-03-03,10.690243359488212,10.692435204733167,10.643393072602304,10.656124335963309,23.940852134491525,10.606438867414711,0.032217032466903904,0.01746843608169435,10.609565740242196,0.047184808753364095,-0.0006262130322518544,development
2022-03-04,10.656273943200885,10.656779552296229,10.566326227141916,10.574839060488904,24.07374068860228,10.60709399754862,-0.002715806526715934,-0.029539130533001057,10.609539633636345,9.585950492305656e-05,-0.03479643265236376,development
2022-03-05,10.575116089395578,10.585733933175254,10.565583473063251,10.581535966749048,23.555061556117714,10.60814009182891,0.006583525270337293,-0.03318765035019844,10.60983851587976,0.013901493829264354,-0.04220404295997682,development
2022-03-06,10.581627668794685,10.58759842284378,10.550895681096346,10.556333029763382,23.706177775223214,10.609567707447377,0.00960344091369922,-0.0628381185976945,10.610477184929305,0.006987724421495998,-0.06113187958741939,development
2022-03-07,10.556575590499037,10.582287972733939,10.52568109583154,10.546972714296823,24.074787685255483,10.611357601756763,-0.008202597861813878,-0.056182289598126545,10.611456957035712,-0.011246307927406808,-0.053237934811482646,development
2022-03-08,10.546916574898345,10.579092804448967,10.544219407361453,10.564557452546198,23.972732299569586,10.613482942134128,0.0004913734350569332,-0.0494168630229872,10.612769865394934,-0.004325461993294001,-0.04388695085544114,development
2022-03-09,10.564700634628204,10.656451308059978,10.563752327862463,10.645018285562552,24.197841337472255,10.61590926401565,0.022334967638092527,0.006774053908808142,10.614401169517407,0.01494060617630223,0.015676509868841393,development
2022-03-10,10.64480733304054,10.645537428076533,10.567024170822501,10.582471428855186,24.15976809255346,10.618592568206937,-0.001046107428602581,-0.03507503192314765,10.61632734949636,-0.012124124131896882,-0.021731796509277146,development
2022-03-11,10.582535016373459,10.598674643313746,10.554442883825994,10.56604594659781,23.995299055397172,10.621481170298726,-0.004515850549236473,-0.050919373151678826,10.618511832303861,-0.018662020628726794,-0.03380386507732425,development
2022-03-12,10.566032856671749,10.579198543905246,10.56546741826149,10.568852653337947,23.40541348874328,10.624519664944915,-0.028571020891176805,-0.027095990715791274,10.620903940507343,-0.036233924679611514,-0.01581736248978416,development
2022-03-13,10.568356819086832,10.576670557531674,10.538161634171574,10.54137738326478,23.574015419082855,10.627657021620669,-0.034928687756799776,-0.05135095059908856,10.623452000014337,-0.03873680657678787,-0.04333781017276905,development
2022-03-14,10.541288933389863,10.590176423035027,10.536904218415447,10.588268682834903,23.914653667694342,10.630844560875392,-0.016825659814356155,-0.02575021822613266,10.626106560878815,-0.0137546996807506,-0.02408317836316165,development
2022-03-15,10.588205557199844,10.591487230155638,10.553471743813704,10.579966210937513,23.898565915405914,10.634033569789848,-0.021864282140560465,-0.032203076711773804,10.628820189887499,-0.025630592518766024,-0.02322338643121924,development
2022-03-16,10.57988448545066,10.63261590483717,10.571889777923353,10.62483167857715,24.40252204058381,10.637177879801653,0.0029668521361905947,-0.015313053360692663,10.63154942125415,-0.0006328449591657668,-0.006084897717833826,development
2022-03-17,10.624756672233389,10.628315921288147,10.61307069683895,10.620140761730164,23.81474460846775,10.640236605568077,0.009284948361904915,-0.029380792199818373,10.634249987763383,0.0028279994911106915,-0.016937225524328525,development
2022-03-18,10.619981070107922,10.65007469138858,10.604166260804046,10.64067927961353,24.261949092791546,10.643179346869555,0.008701971988327268,-0.01120203924435259,10.63688238784767,0.003804352035293855,-7.460269435100031e-06,development
2022-03-19,10.640523582565399,10.652933652301309,10.635919578087096,10.649953966956659,23.702098777152685,10.645987455578338,-0.005969672622081407,0.009936184000402193,10.639415483082992,-0.009223943195380765,0.01976242706904685,development
2022-03-20,10.649971835921049,10.651150476239058,10.621443383100186,10.62735364418988,23.725375068563874,10.648647892491864,-0.0055845208376843975,-0.01570972746429966,10.641825503927594,-0.008389980752766408,-0.006081878984947053,development
2022-03-21,10.62731263730741,10.632349552008616,10.613197877999195,10.623227882180819,23.926643920682874,10.65115177028718,-0.01120480644870818,-0.016719081657653234,10.64409734953816,-0.015474878219246169,-0.00539458913809554,development
2022-03-22,10.623133164701192,10.671851360803338,10.620065116483397,10.653931673493553,24.189147115959752,10.653500746074561,-0.02668678588164132,0.027117713300633284,10.646234202974243,-0.02117272600971081,0.02887019652902012,development
2022-03-23,10.654063168074256,10.666475760363866,10.642504155334153,10.666462919643573,23.951812471229065,10.655706923634572,-0.03600152374154121,0.04675751975054254,10.648249707796802,0.006043772611045229,0.012169439235725221,development
2022-03-24,10.666315922238066,10.69493714692695,10.662566753019313,10.691056645553196,24.15863892877493,10.657786160574679,-0.020521731061157795,0.053792216039674656,10.650158660950765,-0.005415026075478183,0.046313010677909716,development
2022-03-25,10.691138835379917,10.714406484022117,10.685247195913458,10.699839362074352,24.143429320788357,10.659751570679617,-0.019338244312737007,0.05942603570747096,10.651964644824936,-0.02258332280767571,0.07045804005709044,development
2022-03-26,10.699864817044988,10.708533738191834,10.695716732455388,10.703263077644095,23.553560572829888,10.6616063780271,-0.0018247851336577361,0.04348148475065372,10.65365390343177,-0.00438373295828971,0.05399290717061511,development
2022-03-27,10.703364808553586,10.754226917290682,10.70183432763179,10.754076253377516,24.061199963014122,10.663343152449615,0.004793909428688025,0.0859391914992127,10.655204959563576,-0.018693786485430502,0.11756508029936974,development
2022-03-28,10.754105286610681,10.78076373755527,10.751289638565927,10.76062266616706,24.31679494230926,10.664944219263434,0.014824604909300841,0.0808538419943261,10.65659598793639,0.006552959843589511,0.09747371838708219,development
2022-03-29,10.760037568708714,10.779420537527082,10.760037568708714,10.767763265853015,24.169980065283145,10.666378242717368,0.016335928631878643,0.08504909450376807,10.657801738324123,-0.014984581473540235,0.12494610900243153,development
2022-03-30,10.767577176821835,10.771745950255134,10.752488482020388,10.759235270538829,24.102009134046234,10.667591664198147,0.04720358243473572,0.04444002390594548,10.658787663720128,0.06609891214225087,0.0343486946764493,development
2022-03-31,10.759224314447946,10.768738165129106,10.723058971564171,10.726317261021917,24.229646531776957,10.66852494472567,0.04852371958591655,0.009268596710329646,10.659521089087166,0.06032464938797695,0.006471522546773301,development
2022-04-01,10.726657315853371,10.749704304235877,10.70106548082863,10.742500715032376,24.365122975884635,10.669126491619949,0.06060332450365446,0.01277089890877292,10.659980009446556,0.07689532792333517,0.00562537766248461,development
2022-04-02,10.742584016078807,10.758504428449463,10.731657457008081,10.733543679545965,24.10210152231669,10.669353133308599,0.04712032511039657,0.017070221126969543,10.660144512206632,0.05791560071182798,0.015483566627505496,development
2022-04-03,10.73332956168287,10.764550450600872,10.728410642918167,10.746208520842487,23.958581685459322,10.669168274159102,0.02546003049151641,0.051580216191869255,10.659996529490998,0.028437737704090506,0.05777425364739841,development
2022-04-04,10.746029983197982,10.753448075745448,10.719644450489746,10.749842306481083,24.204499324906468,10.668541848418789,0.04247759551943565,0.03882286254285816,10.659515013955579,0.04882033019208582,0.04150696233341833,development
2022-04-05,10.749881600536511,10.760158645816496,10.726451924513366,10.726697445956875,24.11241101692372,10.667452016844301,0.023268383991289693,0.035977045121283524,10.65867443319339,0.026324989348121178,0.041698023415364105,development
2022-04-06,10.72644197558026,10.72644197558026,10.673455790592357,10.673751740772492,24.39686401963204,10.66588172078899,0.005454201585744123,0.0024158183977576186,10.657446264071874,0.0033846535415376815,0.01292082315907983,development
2022-04-07,10.673769370274648,10.688773963933269,10.666624919599036,10.680604665119155,23.985276746387026,10.663820076750234,0.018671643384431502,-0.0018870550155103416,10.655803122520034,0.008372564594759133,0.016428978004361383,development
2022-04-08,10.680634295622472,10.689738378702446,10.649779427758975,10.6522506927149,24.027070703397964,10.661259097608704,0.026697922523283873,-0.035706327417088346,10.653720199255572,0.0073455720195711414,-0.008815078560242995,development
2022-04-09,10.652118590384598,10.663985306315842,10.64977859449027,10.66387592809317,23.4990228160184,10.65820050402352,-0.014852888942611338,0.020528313012260213,10.651184482090727,-0.04186990270280987,0.054561348705252755,development
2022-04-10,10.663851457767723,10.677670307176133,10.645929699117323,10.650357281605096,23.594255162288885,10.654651038844058,-0.013077748393514742,0.008783991154553306,10.648188655284617,-0.039698895961471733,0.0418675222819509,development
2022-04-11,10.650200121995862,10.65548342217119,10.580837069261577,10.5846102868369,24.24815210381964,10.650614034645569,-0.05064280077152329,-0.015360947037144967,10.64472471546774,-0.08145525034253394,0.021340821711694602,development
2022-04-12,10.58490912708404,10.611956403038437,10.581224811042853,10.599809278640093,24.156978837873456,10.646087044747627,-0.053822994355352066,0.007545228247817448,10.640784958965503,-0.07864211383140675,0.03766643350599708,development
2022-04-13,10.599719228894095,10.631761855128506,10.589427475347996,10.6253856962594,24.044377087706145,10.64106628080922,-0.03480031589356737,0.019119731343748114,10.63636304008321,0.004301273405884553,-0.015278617229695257,development
2022-04-14,10.625227504559714,10.632278876934048,10.588999309548772,10.595021322999697,23.91546917149318,10.635550123957694,-0.052273570044453696,0.011744769086456941,10.631457180993946,-0.04802592804282422,0.01159007004857493,development
2022-04-15,10.595118642911926,10.611959769062457,10.593299979731656,10.610376502009155,23.80319475189425,10.62954269332344,-0.022746249218989274,0.0035800579047045034,10.626076404953718,-0.018299637622540835,0.002599734677977139,development
2022-04-16,10.610348182696217,10.612352550718985,10.598593458041279,10.607190929385608,23.54661603463937,10.623059652710731,-0.026782544101959575,0.010913820776835337,10.620247053853083,-0.023472966865049655,0.01041684239757501,development
2022-04-17,10.607025000331355,10.610802064839739,10.587111897736184,10.589533406505868,23.672306477630592,10.61613352880142,-0.02934760770520782,0.002747485409656747,10.614001668687182,-0.02077516500472836,-0.0036930971765851694,development
2022-04-18,10.589640407982342,10.620993639036964,10.563496460996683,10.61707967465251,24.24091743319539,10.60881238297255,-0.037379488167101876,0.045646779847061225,10.607380026740255,-0.033250544143280034,0.0429501920555353,development
2022-04-19,10.617127704892782,10.63760777876753,10.61198217651771,10.633514969083599,23.954196965676587,10.60115329612854,-0.028993328163434345,0.06135500111849268,10.600428195448432,-0.004953374452830448,0.038040148087997494,development
2022-04-20,10.633490779791515,10.64842754622836,10.620378057694165,10.630417101328023,24.049004213163823,10.593214706734493,-0.028193549335855966,0.06539594392938675,10.593191456016536,-0.021709682681569326,0.058935327993056674,development
2022-04-21,10.63034789475247,10.666477490694156,10.598229164564387,10.609732661498224,24.289208615573802,10.585045681542224,-0.023866451279180505,0.048553431235180966,10.585706507008302,-0.016498935370609615,0.04052508986053205,development
2022-04-22,10.609695648782907,10.615892060027344,10.57937203568031,10.59012157621424,24.055888714807935,10.576689406764697,-0.017129867873490644,0.030562037323035085,10.578001933904524,0.004191144899117229,0.007928497410599533,development
2022-04-23,10.59008137316346,10.595029930589087,10.580307240334186,10.583719956981227,23.504443893139737,10.568180031792254,-0.018908706996866143,0.034448632185839045,10.57009415138442,-0.005041174567812786,0.018666980164619318,development
2022-04-24,10.583508332619266,10.59277544009575,10.577287248236859,10.583278255397895,23.61165775670026,10.55954436529432,-0.004419154268033407,0.02815304437160826,10.561994668537745,1.3399146999012665e-06,0.021282246945450112,development
2022-04-25,10.5833621778793,10.608853625203384,10.554206733754764,10.608027305349633,24.29126864743892,10.550803951247751,0.011058257101940989,0.04616509699994076,10.553714968670704,0.015679609687334374,0.03863272699159559,development
2022-04-26,10.607782907634098,10.61432460632383,10.542310122065006,10.54842774851936,24.266225721339328,10.541971581881677,0.012908541559536111,-0.006452374921853021,10.54526047003717,-0.0011903132897153066,0.004357591771904978,development
2022-04-27,10.548502248083285,10.581468250488749,10.545270712523275,10.577480483352732,24.156640440442786,10.5330558699709,0.01980435692595342,0.02462025645587751,10.536638038703254,0.015972283166394194,0.024870161483082853,development
2022-04-28,10.577488347521186,10.603348764459954,10.569813792897452,10.59096439029553,24.24679013468271,10.524065229235923,0.027287533225766127,0.03961162783384076,10.527861120495015,0.011517033900682825,0.051586235899833355,development
2022-04-29,10.590833367418712,10.59381249256918,10.551520601980348,10.561262036541367,24.153471534408794,10.515010390189476,0.03871939998972613,0.007532246362165651,10.518954832072005,0.04872248144307956,-0.006415276973717354,development
2022-04-30,10.561159341342188,10.565433264120976,10.537360767435938,10.537809857951071,23.8969649380429,10.505899482128743,0.04976191600303878,-0.017851540180711112,10.50994489608444,0.025569104888539838,0.0022958569780922033,development
2022-05-01,10.53776718501795,10.56172904071568,10.534381307404768,10.557610438151473,24.019204924059316,10.496735240914573,0.06294653033456578,-0.0020713330976658284,10.500850974855728,0.09067490562194538,-0.03391544232620092,development
2022-05-02,10.557690856619983,10.57323745560933,10.549453040267768,10.55917499988706,24.217426477668837,10.487520504459933,0.04392789759016731,0.027726597836959854,10.49168558474587,0.07300483875974367,-0.005515423618552617,development
2022-05-03,10.559143367638715,10.56178435444365,10.534376838418495,10.538752758048838,24.031138984491367,10.478265843441395,0.04429208749492125,0.016194827112521182,10.482454447002507,0.07612996358253094,-0.01983165253619923,development
2022-05-04,10.538688083621201,10.594205515434576,10.538265372561924,10.58906543535492,24.327523905519048,10.468990812449501,0.05977567129532082,0.06029895161009691,10.473167500627698,0.09508405675199325,0.020813877975228934,development
2022-05-05,10.588999309548772,10.59135283967401,10.487280576515175,10.50712407085701,24.48693398171194,10.459719209199863,0.039371851314255205,0.008033010342892055,10.463839291261966,0.035215745883298295,0.008069033711745277,development
2022-05-06,10.507070562044024,10.508468854835336,10.476784547638221,10.4924102907514,24.35545793510815,10.450478393300681,0.026892683833948737,0.01503921361676852,10.45448845554722,0.0004636862703360162,0.03745814893384214,development
2022-05-07,10.492454185169095,10.494876769891029,10.461411172991959,10.477342991696565,23.91686062882591,10.441294320321703,0.04600399850659187,-0.009955327131729419,10.44513124802092,0.005347185057161434,0.02686455861848458,development
2022-05-08,10.477370828650805,10.477370828650805,10.430549594580208,10.435857392915533,24.32775888158153,10.432190989466623,0.044260865305694036,-0.040594461856782615,10.435777595224682,0.0001614281111202362,-8.163042026865241e-05,development
2022-05-09,10.43587941311264,10.44062615986988,10.318802429675614,10.318802429675614,24.872027479683535,10.423189720256532,0.005991896375618924,-0.11037918695653737,10.426426980840331,-0.03599674902166013,-0.0716278021430572,development
2022-05-10,10.318033118217873,10.391954327507827,10.307111056932666,10.342481121897062,24.814456076486053,10.414317975622264,0.012275475859704095,-0.08411232958490622,10.417080039029637,-0.036675601762890635,-0.03792331536968341,development
2022-05-11,10.342264398536239,10.37390991722494,10.246027559377943,10.27285405825374,24.977300789554384,10.40560961115057,-0.030497489373358843,-0.10225806352347178,10.40774434702787,-0.08328995269154474,-0.051600336082586296,development
2022-05-12,10.272867152767995,10.310033391444327,10.179242158350526,10.276696373743473,24.927796850339533,10.397099350294942,-0.03287600587975691,-0.08752697067171233,10.398434140770838,-0.08981113101173815,-0.03192663601562806,development
2022-05-13,10.276116408921274,10.339313818258937,10.267516938943144,10.284765956993743,24.48076433190133,10.388822318574068,-0.03126090985468543,-0.07279545172563928,10.389171203186601,0.044885212845177325,-0.14929045903803484,development
2022-05-14,10.28485266057443,10.315358854761515,10.264753795910286,10.3123224973613,24.07596841255163,10.38081484928667,-0.06586099148612401,-0.0026313604392456114,10.379977715332261,-0.05989227582765167,-0.007762942143308749,development
2022-05-15,10.31223347089589,10.351635048678878,10.293085447258512,10.351536726764143,23.97501040020756,10.37310892768892,-0.0413942884003282,0.019822087475551697,10.370874936972596,-0.035624828699127226,0.016286618490674698,development
2022-05-16,10.351513143118266,10.35154402650345,10.283699287165252,10.30437278802,24.2080043316275,10.365719114149568,-0.044489338058036024,-0.016856988071532797,10.361879005017151,-0.03907693447373849,-0.018429282523412027,development
2022-05-17,10.304355717539762,10.331838446132876,10.294525850535072,10.323048098888384,24.094054644756042,10.358627012704474,-0.05983479439654153,0.02425588058045136,10.352988098356345,-0.03929106679489868,0.009351067326937468,development
2022-05-18,10.323002777856743,10.329366761083378,10.265358475763724,10.265358475763724,24.16641316299413,10.351784271654086,-0.0629776125073413,-0.023448183383020904,10.344176502090741,-0.05695290972426904,-0.021865116602748813,development
2022-05-19,10.26536153631507,10.323208953397408,10.264964376771823,10.31937594828263,24.242940759943743,10.345125364544149,-0.050243030773904955,0.02449361451238552,10.335401614805933,0.0035652699003042186,-0.019590936423607985,development
2022-05-20,10.319269892497887,10.330876453670422,10.267908609179552,10.281949338277524,24.149135753143717,10.338572775539463,-0.0320840562484358,-0.024539381013502393,10.326609060595361,-0.014157400445510983,-0.030502321872326377,development
2022-05-21,10.281919172491353,10.295153527022848,10.275995302043523,10.289845494498936,23.572516970262267,10.332044883185425,-0.02589405636413719,-0.016305332322351873,10.317737347784579,-0.02284218940118666,-0.005049663884456379,development
2022-05-22,10.289853856046799,10.323048227397491,10.284495459667433,10.319685611243328,23.797417914485557,10.325456063182411,-0.013766505933088685,0.00799605399400427,10.30873839529578,-0.0034759320015914554,0.014423147949139903,development
2022-05-23,10.319213058273274,10.328447591587196,10.274208014008742,10.278456000911865,24.172727992657794,10.318726710942773,-0.029633753204117458,-0.010636956826790112,10.299572295689282,-0.015091921793891839,-0.00602437298352676,development
2022-05-24,10.278532112206127,10.30140274730575,10.267664927128912,10.297405782634366,24.004797395845394,10.3117891285339,-0.004602030476341819,-0.009781315423191828,10.290200036253866,8.937916803121492e-05,0.007116367212468333,development
2022-05-25,10.297323124638305,10.31419838308579,10.288237890952693,10.294257254483329,24.03836282843532,10.30458903277708,0.009766160567171275,-0.020097938860923037,10.280589755533454,0.014423918371605815,-0.0007564194217302145,development
2022-05-26,10.294338977024136,10.303409330071123,10.249270107962184,10.284223554896387,24.32806575800391,10.29708728301511,0.0004028871600383979,-0.013266615278761051,10.270722886156312,-0.0005621949085846752,0.014062863648659274,development
2022-05-27,10.283673847797118,10.286943675369459,10.251557040320169,10.262125665896132,24.322822310253926,10.289258209421941,0.0019644694459409217,-0.029097012971750047,10.260593549268277,0.004290424246489852,-0.0027583076186346034,development
2022-05-28,10.261952767982073,10.268647906984695,10.259572146602661,10.268647906984695,24.293349864093152,10.281091479180708,0.018145820738846255,-0.03058939293485885,10.250216322134952,0.019573397747530866,-0.0011418128977869202,development
2022-05-29,10.275735949928741,10.292078074628288,10.269556989413406,10.290311897142892,23.61883995075862,10.272595601004138,0.020125193056922116,-0.002408896918167258,10.23963792190548,0.02920775408354993,0.021466221153861653,development
2022-05-30,10.29022387439438,10.371915906061316,10.285464708051277,10.364904125506861,24.39393023142399,10.263788842891527,0.03578391316676346,0.06533136944856999,10.228927987655359,0.005675521573917418,0.1303006162775855,development
2022-05-31,10.364824522990933,10.381269082835088,10.350930924027983,10.366979732924564,24.23595124173941,10.254686344033079,0.04425072231644138,0.06804266657504421,10.21816047957297,0.08535978043579345,0.06345947291580067,development
2022-06-01,10.366987412110454,10.372155451341023,10.292199367658963,10.302232802218356,24.440145047115863,10.245293847729155,0.02289656117290032,0.034042393316301656,10.207397795602464,0.06891893992043843,0.02591606669545321,development
2022-06-02,10.302092202424216,10.328909994273484,10.297308633991141,10.324415436025392,24.093438973925903,10.235609542535597,0.03065125436975119,0.05815463912004404,10.196685020876739,0.07672043077476415,0.051009984373889594,development
2022-06-03,10.324425885141965,10.329834286004793,10.287922721809327,10.299050146524554,23.98809150859413,10.225627671085814,0.04167865757835718,0.031743817860382606,10.186044825956555,0.08889554470360053,0.024109775864397776,development
2022-06-04,10.299108992659106,10.30663545967326,10.292145740971959,10.303367561641332,23.5319677421743,10.215348170010962,0.036871711266354606,0.05114768036401607,10.175475975381426,0.021346896508312136,0.10654468975159403,development
2022-06-05,10.303441407885455,10.312869783358671,10.29466606551172,10.305836547603116,23.57189419459267,10.204778396795719,0.032736576895333665,0.06832157391206373,10.164958995173501,-0.005935050867721732,0.14681260329733625,development
2022-06-06,10.305957619984385,10.363860297718887,10.305419342487728,10.353628718870569,24.18735465999219,10.193938834882953,0.05632281564699626,0.10336706834061893,10.154470601589889,0.0035651478424683514,0.19559296943821103,development
2022-06-07,10.353662836461229,10.35741526609286,10.285741472860463,10.34674538419274,24.43123624458858,10.182867852736603,0.058333156072590334,0.10554437538354655,10.14400634120798,0.0043675526082685035,0.19837149037649127,development
2022-06-08,10.346617050213027,10.349892773308325,10.307097751363273,10.316072437110256,24.132499478135344,10.171615762904969,0.028322440934169597,0.11613423327111683,10.133589378292395,-0.023772589393743094,0.20625564821160403,development
2022-06-09,10.316103012506039,10.329059508000725,10.309627953582684,10.312678977626868,23.800209583516942,10.160233404839683,0.0387008081489818,0.11374476463820393,10.123265832674262,-0.018192639955939956,0.2076057849085462,development
2022-06-10,10.312623583886632,10.317112894850537,10.274297255237103,10.277936758371247,24.120035983784415,10.148773215845237,-0.0017413149500863042,0.13090485747609648,10.113105594701146,-0.06221271761364843,0.22704388128375008,development
2022-06-11,10.27796637338397,10.28881512195155,10.248360578152615,10.252763560985173,24.02819364152982,10.137283914078361,-0.008794713097282206,0.12427436000409386,10.103184987227289,-0.07069995180961623,0.22027852556749927,development
2022-06-12,10.253211371737727,10.257753591641952,10.194762479449581,10.194762479449581,24.254415471769043,10.12580161554398,-0.0237373704729551,0.09269823437855784,10.093564649869572,0.06960478441798205,0.03159304516202788,development
2022-06-13,10.19382527549953,10.195992594748805,10.005198016302023,10.020709927496117,24.945777209549476,10.11434537131556,-0.050885946655432605,-0.04274949716401011,10.084278023567832,-0.05007825216762401,-0.013489843904089582,development
2022-06-14,10.020736504706425,10.044073119552417,9.949932987117196,10.008153510694727,24.653395429128324,10.102920862301719,-0.03293365128105775,-0.06183370032593416,10.075298534125537,-0.032582853601302385,-0.03456216982950622,development
2022-06-15,10.00770028088805,10.02759154125485,9.912366862030824,10.024502685556174,24.728997868579967,10.091530681707845,-0.032462766350076035,-0.034565229801595265,10.066539281015457,-0.03580471183995865,-0.006231883619324918,development
2022-06-16,10.024656170192168,10.037534144672588,9.91666171886668,9.922390284361535,24.163170199022495,10.080182428173824,-0.04994458922676566,-0.10784755458552375,10.057908815074239,-0.031243553421303364,-0.1042749772914,development
2022-06-17,9.922589873400481,9.963797418939922,9.919681693245117,9.92678809518317,24.023995215623852,10.068893676791228,-0.06161896485312461,-0.08048661675493385,10.049343949670677,-0.06821921315815146,-0.05433664132935512,development
2022-06-18,9.926883020783784,9.939628577352206,9.781806977895366,9.853122384148465,24.46116011477765,10.057692433375852,-0.044261890907388426,-0.16030815831999767,10.04082489146195,0.015365389018201628,-0.20306789633168698,development
2022-06-19,9.8527679009525,9.937107140847209,9.801850780686129,9.93077540336108,24.28799667437049,10.046622961022914,-0.01727574869794691,-0.09857180896388584,10.032378864798828,0.004777280959622931,-0.10638074239736994,development
2022-06-20,9.930780249779751,9.948141664067812,9.887824013304197,9.93302388413686,24.151379652544207,10.035742557273462,-0.024071301032815618,-0.07864737210378614,10.024072422701161,-0.0246695971804727,-0.06637894138382805,development
2022-06-21,9.932769370790082,9.98140318003931,9.924028265223395,9.938400812495683,24.089533992332047,10.025124335312542,-0.0113346629160543,-0.07538885990080502,10.01601149455116,-0.0020692437216350166,-0.07554143833384153,development
2022-06-22,9.938826417016033,9.944425540328904,9.895862461780657,9.902838807146336,24.075790819269585,10.014856940824018,-0.031256607244444165,-0.08076152643323731,10.008339062059788,-0.013990556889303184,-0.09150969802414899,development
2022-06-23,9.902817699234491,9.958721753042237,9.90099029648622,9.956358756494334,23.988570838149194,10.005039758840619,-0.009806945790949493,-0.03887405655533627,10.0012108722256,-0.005900770659795161,-0.03895134507147091,development
2022-06-24,9.956300492577109,9.974547790813606,9.941626513498734,9.963248566256299,23.940451631277174,9.99577552754028,0.0007395926781434978,-0.0332665539621253,9.994776959397939,0.004194210422172576,-0.03572260356381207,development
2022-06-25,9.96334055343558,9.97678048828075,9.950589909350205,9.975916947273857,23.63412292564498,9.98716216286659,-0.014734825816656692,0.0034896102239247995,9.989155091976636,-0.011255323398164544,-0.00198282130461358,development
2022-06-26,9.975645137563681,9.98891839242646,9.95305215627362,9.953576630846458,23.61514592884581,9.979285746821812,-0.01988851410476284,-0.005820601870592412,9.984414857678843,-0.017073706179274416,-0.013764520653110068,development
2022-06-27,9.95362149343306,9.974788617294227,9.934026419017975,9.93960145030182,23.766153401278032,9.972212024861596,-0.0031915624418794196,-0.02941901211789677,9.980569025758571,-2.887492403700915e-05,-0.04093870053271331,development
2022-06-28,9.939411728460923,9.96007692981103,9.914863228488313,9.917421757511134,23.78579354361382,9.965978430566093,0.006347345227079819,-0.0549040182820395,9.977584269345535,0.015389501371282147,-0.07555201320568372,development
2022-06-29,9.91744814440413,9.921531587846847,9.90037225603509,9.908675245159875,23.88250801280489,9.960600097098098,0.022374250181566913,-0.07429910211978985,9.975398623233458,-0.007148255448144017,-0.05957512262543929,development
2022-06-30,9.908888565769882,9.910520769380096,9.837863442359946,9.89266553315288,23.99158836942175,9.956089005320974,0.026363065824962645,-0.08978653799305825,9.973887393538016,0.06890280337307747,-0.15012466375821454,development
2022-07-01,9.89447055634063,9.934631111978609,9.856066172603986,9.866271921741017,24.149726437802915,9.95245906021214,0.0005529669310434084,-0.08674010540216592,9.97290240718655,0.047542244289333145,-0.15417272973486718,development
2022-07-02,9.866555686851857,9.87157099755376,9.853618613273026,9.864863965787384,23.619200909812463,9.94971846661203,0.0089533247552372,-0.09380782557988354,9.972311708529514,0.0564028908498195,-0.16385063359194874,development
2022-07-03,9.86485564240432,9.88115346983872,9.850453331509557,9.867708869634251,23.519987377804078,9.9478650007027,0.009052703074544723,-0.08920883414299396,9.972018724445187,0.05754807428645557,-0.1618579290973905,development
2022-07-04,9.867721217542648,9.91634198171762,9.85550804621981,9.91498429697621,23.795710889757284,9.946880206088673,0.01732403728494911,-0.049219946397412784,9.971982369986115,0.00546752043902866,-0.06246559344893399,development
2022-07-05,9.914692221131162,9.93476656368996,9.869994490865318,9.912948418571428,24.008511517198006,9.946725867860252,0.0167922490146235,-0.050569698303446486,9.972196161374928,-0.018393703335105267,-0.040854039468394276,development
2022-07-06,9.913171468696133,9.932829306952653,9.894623972814976,9.930530867863506,23.925969340304302,9.947342330888253,0.04470653350933271,-0.061517996534078634,9.97266783368224,-0.003473804958265368,-0.03866316086046773,development
2022-07-07,9.930509861470467,9.988371587128311,9.918184201778526,9.982187261405736,23.97422049081881,9.948651663463323,0.053084852822038286,-0.019549254879626332,9.973418753773977,0.006210425462126315,0.0025580821696316036,development
2022-07-08,9.982167222464863,10.013011751471755,9.964462848388647,9.986500484262086,24.633283522844675,9.950561433053705,0.036051734187875245,-0.00011268297949484918,9.974481325022923,-0.008217116894207292,0.020236276133369202,development
2022-07-09,9.985842728853404,9.993197474218286,9.973291423141042,9.980087742925308,24.112428688573416,9.95296954336283,0.04896228835045185,-0.02184408878797406,9.975888040649023,-0.0018160365712919192,0.006015738847576557,development
2022-07-10,9.98003554912184,9.98003554912184,9.939198413840204,9.945610263318095,24.07977289235641,9.955769471610758,0.02030879528472658,-0.03046800357738988,9.977651951084734,-0.03670628399434091,0.004664596227701878,development
2022-07-11,9.945413905987516,9.945413905987516,9.899707369639257,9.902014299832109,23.90756052862744,9.958864715981333,0.024292089035512714,-0.08114250518473654,9.979745047728647,-0.037304121191821,-0.04042662670471664,development
2022-07-12,9.902010192276675,9.905657462078654,9.868302310903628,9.869098678345013,23.974036375204722,9.962181349573022,0.006216786114138237,-0.09929945734214662,9.982089769862,0.08691403403731938,-0.19990512555430584,development
2022-07-13,9.869205203883721,9.914578456945335,9.85219179130343,9.91403543848105,24.221058340581607,9.965671849844284,-0.013693823139728906,-0.037942588223504714,9.98460929095361,-0.012003616083392649,-0.05857023638916736,development
2022-07-14,9.914005385695733,9.942222307727118,9.88782847716957,9.931585089591296,24.162360727674855,9.969304613318188,-0.0011034614352516945,-0.036616062291640716,9.987243417113657,-0.0019567835918357485,-0.053701543930523954,development
2022-07-15,9.931742410351335,9.958839197318092,9.92314311019457,9.944453286965308,23.977724047350613,9.973060323105233,-0.004909550312913824,-0.0236974858270127,9.989949432832304,-0.013509154961381541,-0.03198699090561519,development
2022-07-16,9.944346515333049,9.976477957229617,9.929101615582553,9.961299583194279,23.91386374603604,9.976935293984187,-0.022775831491268883,0.00714012070135972,9.992719615328848,-0.014047765900064256,-0.017372266234504607,development
2022-07-17,9.961522519146978,9.980478252028739,9.941658661682407,9.941714683307564,23.855616075929372,9.980932547140688,-0.03470593176705883,-0.0045119320660642614,9.995557388158444,-0.05056019908517117,-0.0032825057657088763,development
2022-07-18,9.941838277263047,10.027165764113288,9.941838277263047,10.020634361398717,24.41150697645592,9.98505927090587,-0.027430721577831232,0.06300581207067779,9.998478533102412,0.023662032987609917,-0.0015062046913065785,development
2022-07-19,10.01984066011025,10.071835383755886,9.984302558064735,10.060039643380783,24.610282835990482,9.989315197724796,0.00406902953508505,0.06665541612090209,10.001494656073922,0.02147041371305138,0.03707457359380939,development
2022-07-20,10.060200293622536,10.093976430774209,10.043681976160396,10.053274399824033,24.48289609612956,9.993690588285741,-0.023763662858516083,0.0833474743968079,10.00460536632703,-0.02887535575667415,0.07754438925367779,development
2022-07-21,10.053337619542088,10.059992128489151,10.018205827273519,10.050381778296579,24.238714460520995,9.998162846254743,-0.012656195652087653,0.06487512769392367,10.007795084246698,-0.008158215367175418,0.05074490941705534,development
2022-07-22,10.050343919861476,10.072045141101407,10.0258563251656,10.030779832562416,24.17075997991043,10.00269055671879,-0.027195238745589302,0.055284514589216016,10.01102620309121,-0.01579870265082171,0.0355523321220268,development
2022-07-23,10.030427838083439,10.042258175020395,9.998930003592225,10.019735121967367,23.902227553790663,10.007208428521754,-0.014991074905583681,0.027517768351197347,10.014234500201766,-0.01408212238510706,0.019582744150707043,development
2022-07-24,10.019736512989518,10.042118505583904,10.012648629701978,10.026110592452307,23.88304941573054,10.011637931272109,-0.0025003793188888655,0.016973040499086878,10.017342630060483,-0.002242764328732906,0.011010726720556363,development
2022-07-25,10.026021783367996,10.027876326184776,9.969352189930227,9.969354932693074,24.294896652160453,10.015899563411327,-0.015753009219680494,-0.030791621498572397,10.020274522808592,-0.015536773846860754,-0.03538281626865647,development
2022-07-26,9.969327777183707,9.969327777183707,9.941593048392626,9.963629889130562,24.07753490507905,10.019922888738433,-0.021891423442973006,-0.03440157616489792,10.022969731520337,-0.022668194267180565,-0.036671648122593936,development
2022-07-27,9.963837780003994,10.042663640723534,9.95564378988128,10.040225310585138,24.18144057712936,10.023651928313619,-0.017210474932228204,0.03378385720374766,10.025387444314484,-0.017937411016275048,0.03277527728692853,development
2022-07-28,10.040360134727505,10.090401494004139,10.031100587493698,10.079283141447807,24.41744089852216,10.02704725656879,-0.00742234724806974,0.05965823212708621,10.027504724545965,-0.004371612483809168,0.05615002938565006,development
2022-07-29,10.079338758769635,10.098017084093234,10.063954265452232,10.077635496598921,24.30364790910561,10.030082142481907,-0.006203183058666246,0.05375653717567985,10.029309942117518,-0.025405464779008204,0.07373101926041059,development
2022-07-30,10.077307168370343,10.109386469363137,10.068175709482883,10.07138081318492,24.06074989652725,10.032731321224146,0.0009456221634653586,0.03770386979730844,10.030788722410172,0.04145318629218786,-0.0008610955174397361,development
2022-07-31,10.071205929623602,10.090864748854074,10.05516531135599,10.057790926990682,23.88254416794412,10.034966599153188,-0.01951333659930917,0.042337664436802314,10.03192373670222,0.020731318189926937,0.005135872098534833,development
2022-08-01,10.057783311124668,10.06325615552595,10.038490225796295,10.056817862523477,23.97554390901589,10.036758617589035,-0.013154581851948958,0.033213826786392175,10.032697662246497,0.028930262714765332,-0.004810062437783813,development
2022-08-02,10.056570530715646,10.061133873484568,10.030564333023193,10.042297615496048,24.06927641462087,10.03807910361756,-0.016608463883625444,0.020826975762112454,10.033095812700854,0.021496269454734068,-0.012294466659540149,development
2022-08-03,10.042436239526145,10.068096937084398,10.032225296338085,10.036553553570283,23.99238486379407,10.038901094465382,-0.007051814342744402,0.004704273447645235,10.033111446129276,-0.016256269034990535,0.019698376475997037,development
2022-08-04,10.036628268106307,10.05182176819873,10.020634882618978,10.027074028055953,23.94693932539948,10.039205550096483,-0.006844672951144892,-0.00528684908938537,10.032741859498158,-0.02893917150523198,0.02327134006302778,development
2022-08-05,10.026891825172454,10.061466386906424,10.02624387775014,10.055749927065166,24.08645839948179,10.038983294075159,0.018142142703199856,-0.0013755097131920024,10.031986903141902,-0.00787892070200747,0.031641944625270924,development
2022-08-06,10.055840495831541,10.05734801168201,10.041564567522391,10.041564567522391,23.494494878113688,10.038232893748445,0.02533841805869548,-0.02200674428474869,10.030849822907015,0.004658814547371806,0.006055930068004756,development
2022-08-07,10.041661533027794,10.058738046060807,10.038654459976854,10.05086782033208,23.488755485535656,10.036964346791565,0.013858252567576362,4.5220972937798365e-05,10.02933993875114,0.00312094375441809,0.018406937826522807,development
2022-08-08,10.051024725831661,10.09426035713602,10.050896135995087,10.077839365539667,24.075817113742094,10.035202665328512,0.025355254796513783,0.017281445414640828,10.027474597834232,0.008325228090019862,0.04203953961541629,development
2022-08-09,10.077923280250829,10.081575796073642,10.04246657981758,10.050368371991523,23.882634482276934,10.032984976182028,0.006683642517371182,0.010699753292122693,10.025275218269584,-0.01355310664963381,0.03864626037157137,development
2022-08-10,10.05030707238846,10.091103985864265,10.033265890691522,10.083625167096718,24.214834912717233,10.030354989365803,0.03019024787430233,0.023079929856614,10.022760486242364,0.004173623464745185,0.05669105738961022,development
2022-08-11,10.083654527384514,10.119510972166497,10.081675414456981,10.08403792921623,24.337611289965334,10.027357449385988,0.01966238730220987,0.03701809252803123,10.019940513389182,0.07034199106239036,-0.006244575235342609,development
2022-08-12,10.08402431461448,10.102853295508936,10.07142556153843,10.102453911168302,24.028899178514443,10.024035823638258,0.02121936896430453,0.05719871856573988,10.016838534007325,0.014873913927107742,0.07074146323386898,development
2022-08-13,10.10242805890217,10.121017407701393,10.100127576974032,10.103324333297138,23.858209740176953,10.020442392203554,0.033818227354402625,0.049063713739181836,10.013493965045546,0.018543731165220716,0.07128663708637184,development
2022-08-14,10.103528548688368,10.125627162469792,10.09436654687775,10.099026950014318,23.858504957558907,10.01663596836036,0.015293307483670901,0.067097674170288,10.00995464736087,0.0005040007310235793,0.08856830192242526,development
2022-08-15,10.098985107121335,10.132040042730187,10.0791106995745,10.091500079165126,24.282136307064167,10.012673919717145,0.007030440820552504,0.0717957186274294,10.006270164598254,0.0013917396245144097,0.08383817494235757,development
2022-08-16,10.091051043024633,10.095281438995187,10.07464283117921,10.08093437291881,24.046634484427685,10.00860699597244,-0.006634981315028239,0.0789623582613963,10.002483051329282,-0.030195454182760467,0.10864677577228754,development
2022-08-17,10.080851692034054,10.102627655921438,10.053774500039328,10.057752427985674,24.15504489808294,10.004466817700886,0.0030177463008481597,0.05026786398394023,9.998621758052078,0.02592277131960755,0.03320789861398943,development
2022-08-18,10.05796842327294,10.067468274369695,10.05094164130737,10.052456470767133,23.890747863345116,10.000271269940267,0.026834665004654014,0.025350535822212805,9.994699028637223,0.037797822714186594,0.019959619415724106,development
2022-08-19,10.052481207740897,10.052481207740897,9.946012783405482,9.946429828709741,24.424805073305052,9.996029291520454,-0.013991496747534152,-0.03560796606317851,9.99071790963046,-0.020148759001772324,-0.02413932191894652,development
2022-08-20,9.946204157547923,9.96884479967608,9.94543197945339,9.9601542603696,24.04092474957776,9.99174763975188,-0.008228188236576168,-0.02336519114570379,9.9866825312386,-0.007271683485889672,-0.019256587383109647,development
2022-08-21,9.959886438730189,9.983630825921994,9.957179837368626,9.977393983560372,23.8631983509562,9.987436318560281,-0.019644853547935028,0.00960251854802685,9.982602770372063,-0.013655746584308015,0.008446959772616225,development
2022-08-22,9.977270534636302,9.977270534636302,9.949377495603347,9.971095181016857,24.178525137517415,9.983110416223726,-0.02163659909516314,0.00962136388829471,9.978493842018773,-0.020571416761563054,0.013172755759645938,development
2022-08-23,9.971195027855277,9.982585342992895,9.950139177850996,9.977113774988522,24.185190757795493,9.97878704826586,-0.004321142357010379,0.002647869079673626,9.974371675431666,-0.0036633587871980526,0.006405458344055148,development
2022-08-24,9.97703792654661,9.988888624805774,9.961520860267001,9.970913441680601,24.1878214612727,9.974479594912967,-0.01768507072970943,0.01411891749734373,9.97024578475306,-0.016605585999433282,0.01727324292697574,development
2022-08-25,9.970933981296671,9.989189755931859,9.969389584763562,9.980490458536652,24.158177761939278,9.970190341676387,-0.023213654234689574,0.03351377109495424,9.966113176985779,-0.02275966132515923,0.03713694287603175,development
2022-08-26,9.980267370770896,9.989890370224437,9.91341226028875,9.91640474177062,24.46868604558388,9.965910814844165,-0.019977477678228512,-0.02952859539531616,9.96196106487931,-0.020375055633797916,-0.02518126747489191,development
2022-08-27,9.91652620219399,9.920382790311542,9.89799868824382,9.905572291956021,24.128346660842844,9.961628478269382,-0.004867342020294487,-0.05118884429306725,9.957776326051286,-0.008106747846442202,-0.0440972862488227,development
2022-08-28,9.905537208555362,9.91041622822957,9.884142357551834,9.884142357551834,23.916487821665015,9.957332857552196,-0.014699313584153282,-0.05849118641620876,9.953556024519694,-0.0192973004621724,-0.05011636650568718,development
2022-08-29,9.884057725041465,9.921202850424237,9.883324903599934,9.918277349310328,24.208738619752335,9.953018221327358,-0.0008705691321063737,-0.03387030288492454,9.94931378181686,0.00795914258062058,-0.0389955750871529,development
2022-08-30,9.918307755300823,9.930258225438376,9.884184472575399,9.893276021368127,24.263742734025854,9.948685153119005,-0.00963157082959887,-0.04577756092127849,9.945072571642413,-0.0020716027746441362,-0.049724947499642624,development
2022-08-31,9.893416106863857,9.924318583686878,9.893416106863857,9.90597264563283,24.22657545049031,9.944342872540874,-0.007549853460432945,-0.03082037344761268,9.9408608670221,0.00012261209964240682,-0.03501083348891321,development
2022-09-01,9.9060092728252,9.913358208433152,9.886034568913985,9.909824463338301,24.130512584608944,9.940010106848232,-0.010558647424188192,-0.019626996085742476,9.936708274914528,-0.0030638134185834577,-0.02381999815764324,development
2022-09-02,9.909771381364303,9.923367057269319,9.894182677646436,9.90197498317964,24.09482837670508,9.935714255529513,-0.011585884554410572,-0.02215338779546272,9.932642196427745,-0.013924560417158775,-0.01674265283094556,development
2022-09-03,9.901972342685248,9.90533633099157,9.888290432561337,9.89505650543171,23.88506542399577,9.93148705668187,-0.008514423278137345,-0.027916127972023475,9.928687012849082,-0.007534327938218568,-0.026096179479154102,development
2022-09-04,9.895075807802067,9.903472024915576,9.885161471518769,9.902822976254223,23.951928084304846,9.927360773907346,0.013841525480712375,-0.038379323133835186,9.924862151049606,0.016087770416232754,-0.03812694521161575,development
2022-09-05,9.902926848370923,9.905044348100823,9.887004799234846,9.894061824100046,24.08410847692259,9.923366677248245,0.01676649433036378,-0.046071347478562785,9.92118259675193,0.011673855237201866,-0.03879462788908583,development
2022-09-06,9.894331998569122,9.911221048322183,9.841621291329439,9.843613759683318,24.493816953827377,9.91953454444484,0.004702878955751974,-0.08062366371727414,9.917658705448611,0.0007296041831301211,-0.07477454994842248,development
2022-09-07,9.843614588872661,9.874427977479954,9.833304694724788,9.867358913430897,24.2854407462483,9.915893977358465,0.012370944643309905,-0.060906008570878356,9.914299268469602,0.0005803032545970998,-0.047520658293302986,development
2022-09-08,9.867339068570123,9.873922355614138,9.856223751980846,9.8694049834433,24.195060779479213,9.91247263258902,0.0007376832970948788,-0.04380533244281537,9.911114667633429,-0.010264392955642479,-0.031445291234486916,development
2022-09-09,9.869317376680755,9.972986103612268,9.868428239016222,9.970265081162136,24.604201152322645,9.909291833957676,0.02522827295985843,0.035744974244602545,9.908117638812442,0.025914290394555995,0.036233151955137544,development
2022-09-10,9.970066745242658,9.987841356680237,9.960280025038823,9.984170319635613,24.331849646473884,9.906362145700516,0.007981204455243862,0.0698269694798519,9.90532030743069,0.04116787713209385,0.037682135072827805,development
2022-09-11,9.984078247114335,9.988313543433156,9.971470695552155,9.98825397174268,24.264049840224633,9.90368186706012,0.0288466277331074,0.05572547694945129,9.902726783684015,0.027360165895138178,0.05816702216352709,development
2022-09-12,9.988294972762995,10.018563890165925,9.980628969996062,10.015496135641511,24.63952165070834,9.90123876076223,0.03833232255677459,0.07592505232250701,9.900333572654475,0.024613287968140284,0.09054927501889587,development
2022-09-13,10.01554223334035,10.028966247610091,9.906616149369215,9.918213936600623,24.656876476049497,9.899012370190112,0.013635372014342138,0.005566194396168456,9.898132662366503,0.007398212675761821,0.012683061558357522,development
2022-09-14,9.912672971611928,9.926578940924157,9.893103649944317,9.915469967801569,24.357487946965733,9.896974205696175,0.008719458632033671,0.00977630347336067,9.896112847968109,0.004979978575938718,0.014377141257520876,development
2022-09-15,9.91552921285635,9.919270642697938,9.88515729415266,9.888435381872469,24.317532684255394,9.8950953161797,-0.0022600143138002743,-0.004399919993431922,9.89426257584816,-0.01614845805745457,0.010321264081763815,development
2022-09-16,9.888577237201872,9.896997986277988,9.873032271332372,9.89205160969774,24.12856686293089,9.893355233406167,0.006433559907584388,-0.0077371836160118335,9.89256804648827,0.008715991917792102,-0.00923242870832297,development
2022-09-17,9.892276604038319,9.91158127233927,9.892276604038319,9.909846102541588,23.94043813567755,9.891741601162297,0.018021683707533237,8.28176717586615e-05,9.891016765030164,0.021381337050185405,-0.002551999538761507,development
2022-09-18,9.909829121217102,9.909829121217102,9.872383404647834,9.874033296619427,24.165438134075817,9.890246017830023,-0.021398969563789533,0.005186248353192369,9.889597681307235,-0.020611825479657755,0.005047440791850377,development
2022-09-19,9.873985220605105,9.885297128910922,9.819579629030905,9.880430208802029,24.416560594869644,9.888855914812728,-0.01736776369970751,0.008942057689008465,9.888293673888482,-0.014368210818813213,0.006504745732359041,development
2022-09-20,9.880505056612353,9.883410196035337,9.842327588574655,9.846429730930728,24.328528505257427,9.887554286528744,-0.02419502448653558,-0.016929531111479434,9.887080996196085,-0.020169890952671774,-0.020481374312684153,development
2022-09-21,9.846455888310167,9.887085311229038,9.814126933692016,9.828084917514147,24.559784689342987,9.886323864052578,-0.03153456944804629,-0.026704377090384313,9.885934542061467,-0.026477181260200794,-0.0313724432871183,development
2022-09-22,9.827397253254256,9.875957564099355,9.820952965207752,9.873726595032586,24.44014384585057,9.885147831012299,-0.017256207307177668,0.0058349713274648,9.884830542391196,-0.011255960677088225,0.00015201331847869426,development
2022-09-23,9.8736673362139,9.876356402979795,9.831860109862244,9.8677380187031,24.384159261228366,9.884011098087983,-0.017246774133661175,0.0009736947487777314,9.88374893469759,-0.011152607691006684,-0.004858308303482772,development
2022-09-24,9.867704416099912,9.868388591320663,9.844903249010251,9.848873578156942,23.987101381819308,9.882904521556032,-0.0193215297541859,-0.014709413644904856,9.882677999927761,-0.013881859716138555,-0.019922562054681237,development
2022-09-25,9.848836551038218,9.859260413962708,9.83608994811235,9.841723720253292,23.874289544263263,9.8818291845231,-0.01853433431493482,-0.021571129954873314,9.881618174876344,-0.01476274798473634,-0.025131706638315876,development
2022-09-26,9.841819594852815,9.86655761215822,9.837416399384564,9.86384568847125,24.510831545551216,9.880791694177095,-0.0011138446060327259,-0.015832161099812225,9.880577252748934,-0.004844806694209479,-0.011886757583475571,development
2022-09-27,9.863802403229071,9.920268711948912,9.847745850744413,9.857995654302607,24.79351303622358,9.879799278394286,-0.012799026556578493,-0.009004597535099634,9.879565640625152,-0.01213619707648674,-0.00943378924605831,development
2022-09-28,9.85768552665632,9.887782051792504,9.82840278162364,9.8744047530373,24.69490210559908,9.878861607277793,0.005938690376292671,-0.010395544616786268,9.878596233474212,0.006140104254175905,-0.010331584691087414,development
2022-09-29,9.874459243508174,9.882737023252778,9.8482049176165,9.88190893888939,24.437760496760053,9.877993349120217,0.003909687359400954,5.9024097716076085e-06,9.877683996244265,-0.004639424649109856,0.00886436729423501,development
2022-09-30,9.881928397087238,9.908965004369763,9.866079625013665,9.874665615332846,24.506892769077712,9.87721038156743,0.0064092072176468685,-0.008953973452230812,9.87684441715702,0.0016849933799955104,-0.0038637952041700174,development
2022-10-01,9.874630435760746,9.876689382690046,9.864283104810564,9.868486898793137,23.652833610628914,9.876530358687145,0.00908803733860444,-0.017131497232613313,9.876092828631684,0.011343043261583755,-0.018948973100131994,development
2022-10-02,9.868474155920909,9.871496687611259,9.850646803036218,9.85451301092022,23.756580719616654,9.875975337186564,0.003583567766471864,-0.02504589403281443,9.87544552387359,0.00026199388542424567,-0.021194506838794425,development
2022-10-03,9.854510959889987,9.886012904861422,9.853521091200374,9.884487187421568,24.140491722722455,9.875570382936147,0.008521007928119594,0.0003957965573011535,9.87492291367113,0.01305332535650122,-0.003489051606063498,development
2022-10-04,9.884487386162043,9.922326173660966,9.87939155373635,9.920189483028798,24.30364871549196,9.875341029225646,0.025689751599086597,0.01915870220406468,9.874548514107657,0.03149786475909031,0.014143104162050335,development
2022-10-05,9.920143095207168,9.920528922538441,9.893528161031913,9.911491277108777,24.226532039769566,9.875310555939851,0.03494857470762774,0.0012321464612981003,9.874344791208342,0.02159199847495915,0.015554487425475827,development
2022-10-06,9.911507261531733,9.92370149621052,9.898479427285745,9.901257235226497,24.270334373770304,9.875493578681427,0.023223491049984637,0.0025401654950858443,9.874328055573454,0.0017386117768948505,0.02519056787614815,development
2022-10-07,9.90136322725409,9.905539742353405,9.872811464317998,9.880569407159676,24.09836956754782,9.875889471948271,0.024896516788770435,-0.02021658157736539,9.874501640941553,0.00012887591403686624,0.005938890304086897,development
2022-10-08,9.880542728335893,9.88337133688626,9.867830014846623,9.873882019742728,23.522826472683356,9.876483688675874,0.017789161153561342,-0.020390830086707723,9.874854649305675,-0.006884801074675259,0.005912171511727848,development
2022-10-09,9.873928894074574,9.880348858813225,9.870409442945833,9.875418567635402,23.546860275123898,9.87724956764827,0.02507411776178266,-0.026905117774651544,9.875365042113854,0.031646293785790945,-0.031592768264243176,development
2022-10-10,9.87541806574356,9.878962599390126,9.857599545332302,9.859613215813805,24.03472167355403,9.878155593062926,-0.013764558562455823,-0.0047778186866658245,9.876009111163672,0.020424999296118157,-0.03682089464598448,development
2022-10-11,9.859483417038073,9.86484863898463,9.848270967889642,9.8548968119055,24.080564722583325,9.879169180935385,0.016255511059652755,-0.040527880089538115,9.876762905659158,0.020785140564680383,-0.04265123431833828,development
2022-10-12,9.85496129374061,9.862832170176963,9.853759233461968,9.860446708083861,23.940146626935295,9.880247292309287,0.01890396545949461,-0.038704549684920764,9.877592429872362,0.014500934880325724,-0.03164665666882627,development
2022-10-13,9.860421730015627,9.875773446490852,9.815738936761848,9.872146734897882,24.512439394209963,9.881335907209799,-0.0038028398902756133,-0.005386332421641882,9.878456581147574,-0.001241162391532589,-0.005068683858159062,development
2022-10-14,9.872127588976982,9.897929458911182,9.85825000085934,9.861918208507285,24.3726858243357,9.88237839115821,-0.00956588149680854,-0.010894301154117159,9.879291334294896,-0.006532206731719701,-0.010840919055890907,development
2022-10-15,9.861906806695211,9.863318522912888,9.853206903145256,9.855747662061141,23.507797676203083,9.883317247272752,-0.012807384536263148,-0.014762200675347614,9.880006642391184,-0.013545098467524224,-0.010713881862518093,development
2022-10-16,9.855814752033345,9.872492300374212,9.855814752033345,9.866205833318512,23.613021663584746,9.88409488803524,-0.0075052902328729965,-0.010383764483854918,9.880493861131384,-0.0019031295228983695,-0.0123848982899748,development
2022-10-17,9.86623016080541,9.885109848784028,9.861275737454218,9.880769327322106,24.036453270449023,9.884654071315792,-0.00465017208584065,0.0007654280921549628,9.880639227413697,0.001348549896405857,-0.0012184499879968058,development
2022-10-18,9.880754442366307,9.886697085267558,9.859784825708877,9.86964200032693,24.143612441142473,9.884943519170793,-0.024351303391033294,0.009049784547169537,9.880335289428649,-0.018289917019327282,0.007596627917608956,development
2022-10-19,9.869673618056432,9.870365835675738,9.85889217169814,9.859511378400638,23.833459510517024,9.884922779371657,-0.022216967302449663,-0.0031944336685683083,9.879493656990178,-0.016200921713829572,-0.003781356875709463,development
2022-10-20,9.859435656871502,9.868647589310715,9.85069096982932,9.855018698815964,23.9216929822484,9.88456382022808,-0.030144024788536047,0.0005989033764208784,9.878058072905187,-0.023842402633578487,0.0008030285443556551,development
2022-10-21,9.854990509727433,9.864610788265647,9.840066843746817,9.861230609698971,24.203252460006,9.883848804945744,-0.035385844882737584,0.012767649635964773,9.876012912886665,-0.028210750419237842,0.013428447231543572,development
2022-10-22,9.861226025510957,9.865165989745975,9.859130365538338,9.863092000930333,23.502360906801723,9.88276846533914,-0.02914639740439863,0.00946993299559118,9.873386474153252,-0.019314637218860155,0.009020163995941743,development
2022-10-23,9.863068309192395,9.885662238407159,9.858709685003396,9.88160015191943,23.820145508549178,9.881324878737496,-0.017502780282251936,0.017778053464185817,9.870247987144396,-0.009795037839696734,0.021147202614731242,development
2022-10-24,9.881639079954896,9.882729844295309,9.862994890238395,9.870218849018078,24.131181791898165,9.879527171959321,-0.01635382151049616,0.0070454985692531835,9.866691759157444,-0.009287226701789978,0.012814316562424821,development
2022-10-25,9.870187449609054,9.920758158833692,9.865860826350353,9.908268974298489,24.58948623414333,9.87738544265895,-0.011600068632758129,0.042483600272296584,9.862818861642436,-0.007046467170219745,0.05249657982627198,development
2022-10-26,9.908088767193751,9.949327405480995,9.907286188075979,9.941286168931283,24.799038173763382,9.874911599643836,0.002975136772075758,0.0633994325153715,9.858720533998225,-0.0014244413894171485,0.08399007632247546,development
2022-10-27,9.941399849027839,9.945303209370428,9.916175373141837,9.917678184552356,24.627762800696882,9.872121036819369,-0.006110628113184422,0.05166777584617144,9.854474069778005,-0.004147603039981786,0.0673517178143328,development
2022-10-28,9.917782739233921,9.939095037662883,9.907781737313021,9.932820676887149,24.50733537072112,9.869030413523502,0.006064425761450367,0.05772583760219696,9.850141004743712,0.0036172214347604983,0.07906245070867612,development
2022-10-29,9.932808633320283,9.95172492251443,9.931418057977014,9.943596167541713,24.42134882446634,9.865655753877531,0.005681562062987729,0.0722588516011946,9.845766796494136,-0.008608960712271874,0.10643833175984874,development
2022-10-30,9.943572431613534,9.94831778460878,9.930492751961893,9.934773189154187,24.172819814419867,9.862013165201407,0.00827452266937141,0.06448550128340891,9.84138429463366,-0.0006862816756106091,0.0940751761961387,development
2022-10-31,9.934680713146333,9.942483255280312,9.917758189886113,9.927973970211253,24.544673892657972,9.858117017907993,0.01745538599593727,0.05240156630732251,9.83701602581491,0.020108414058240855,0.07084953033810315,development
2022-11-01,9.927931277571195,9.935339309383746,9.92131989205028,9.927461538195521,24.40761763568047,9.853977491280034,0.011042103215648233,0.0624419436998398,9.832673554485952,0.005804056105868765,0.08898392760369944,development
2022-11-02,9.927348550162318,9.939954986102876,9.907834827926523,9.911431114243642,24.7405884068869,9.849601810408744,0.017115970243461506,0.04471333359143692,9.828358086648413,0.022565628855868235,0.06050739873936095,development
2022-11-03,9.911589118545551,9.922412132697016,9.907790293953456,9.913932230486564,24.489771624266545,9.845000482753283,0.026733140079744838,0.04219860765353545,9.824064146762357,0.032134554977284215,0.0577335287469225,development
2022-11-04,9.913871924328413,9.962207328343615,9.912844614866065,9.959264228855194,24.883284649355993,9.840190608558052,0.04116903261485168,0.07790458768229058,9.819780444905701,0.022588401211120202,0.11689538273837208,development
2022-11-05,9.959150806153117,9.97333477256341,9.956916216972377,9.965649411491995,24.356792388920397,9.835194201844407,0.03523587046244119,0.09521933918514591,9.815488933370029,0.0033771697504677584,0.14678330837149822,development
2022-11-06,9.965760539287606,9.968590458909635,9.948470067754592,9.948770924137342,24.280973774907114,9.830034704672396,0.030103495143831753,0.0886327243211138,9.81116842040356,0.00033968908576951845,0.13726281464801282,development
2022-11-07,9.948681787188946,9.95481003577268,9.927690906922637,9.93318306436453,24.703150315829397,9.82473339091558,0.02215057783030451,0.0862990956186458,9.806797974367704,-0.00857306911841899,0.13495815911524467,development
2022-11-08,9.933078969779778,9.936177729426886,9.775855576653873,9.827754417135095,25.50232210091576,9.819308145908575,0.00910504662914383,-0.0006587754026234904,9.802357909060145,0.017263590589234747,0.008132917485715652,development
2022-11-09,9.827888716057807,9.83040377002878,9.660312987072446,9.672864868984451,25.35707206948055,9.813775371052113,-0.03787258769439637,-0.1030379143732656,9.797825694208017,0.002180377695223364,-0.12714120291878928,development
2022-11-10,9.6730145941205,9.801139854891858,9.669915977260313,9.774902277963426,25.1445406329786,9.808156193229738,-0.008042475920808007,-0.025211439345504516,9.793175346316538,-0.0021625144706687712,-0.016110553882443313,development
2022-11-11,9.774702134223473,9.77854450909178,9.71374749176074,9.742983824684272,24.746322333039902,9.80248056199336,-0.01126249372831421,-0.048234243580774105,9.788381379217084,-0.013427020412837857,-0.0319705341199743,development
2022-11-12,9.743135391546154,9.744883056343722,9.720272119754043,9.729085685049531,24.11500864532064,9.796785674289408,-0.017034638798354235,-0.050665350441523316,9.783424659387508,-0.013549757004672036,-0.040789217333305317,development
2022-11-13,9.729117656921753,9.736296882136465,9.700185522982286,9.702188979611282,24.026820388666767,9.79111417435893,-0.013541910419701595,-0.07538328432794472,9.778303980085102,-0.008979940079362713,-0.06713506039445782,development
2022-11-14,9.70210722490017,9.74737886990519,9.672371140391737,9.71825371235863,24.627866223874086,9.785512941245594,-0.006805269813955668,-0.060453959073008434,9.773044849285991,-0.0014814210524795547,-0.05330971587488165,development
2022-11-15,9.718210695942375,9.744020601598425,9.713691175550537,9.734158029388894,24.323298672426333,9.780031753321415,-4.807807572037746e-05,-0.0458256458568016,9.767705647523474,0.004779922711320303,-0.03832754084590029,development
2022-11-16,9.734141950715488,9.738630298345647,9.706870987027834,9.721332348904719,24.247433163849998,9.774722770196293,-0.009044467484511851,-0.04434595380706163,9.762378388625315,-0.0047817091519966465,-0.036264330568599235,development
2022-11-17,9.721391517110318,9.72474594706279,9.70873000374537,9.722416268625196,24.050777711875554,9.769637186148458,-0.011137161617855185,-0.036083755905407244,9.757186775874896,-0.005860856249425845,-0.02890965100027465,development
2022-11-18,9.722439910568008,9.737849563236466,9.715023851132438,9.723030896133958,24.013986623662408,9.76482029053328,-0.013181298749459927,-0.028608095649861554,9.75227422940427,-0.00799104440028462,-0.02125228887002706,development
2022-11-19,9.722937667404697,9.729007785381924,9.71537386328263,9.723855189417414,23.502471586604962,9.760306969701652,-0.024387272000378574,-0.012064508283859965,9.747778288889627,-0.018762831270544955,-0.005160268201668927,development
2022-11-20,9.72393734719776,9.725961238167914,9.69576771559701,9.698419158747072,23.782600818260565,9.756122289147136,-0.022619194469734948,-0.03508393593032899,9.743807552110155,-0.016382902946147002,-0.029005490416937008,development
2022-11-21,9.698381814183296,9.698381814183296,9.654965093935207,9.666960096256519,24.345724613617335,9.752283903433336,-0.02051270202295962,-0.0648111051538578,9.74042723157674,-0.010724255778200954,-0.06274287954202151,development
2022-11-22,9.666644387320357,9.696035730170706,9.658648244273573,9.692134811239907,24.14840201092017,9.748803030661508,-0.008387001216932274,-0.04828121820466791,9.737653194018966,-0.001429099538470235,-0.044089283240589694,development
2022-11-23,9.692494192166976,9.719456136365435,9.690944054746721,9.717802768227601,24.218526428207998,9.745687208248322,-0.006535620702887173,-0.021348819317832834,9.735460457193362,-0.00020034936547193728,-0.0174573396002895,development
2022-11-24,9.71785873598275,9.727434782376678,9.711222780211692,9.717426904444753,23.98631307749193,9.742936363415772,0.0040903938856762774,-0.029599852856694753,9.73379529097132,0.007897912040613997,-0.024266298567180655,development
2022-11-25,9.717294683674186,9.717357738125461,9.704329308853053,9.712438529964636,23.650625902272868,9.740543534095336,0.011852496983458905,-0.03995750111415752,9.73258872109387,0.008474949718161715,-0.02862514084739587,development
2022-11-26,9.712422452330038,9.721177792472592,9.706025668438908,9.70894854065387,23.613638081786902,9.738497775487632,0.0073391486108219245,-0.036888383444583894,9.731761916574817,0.007786442322761969,-0.03059981824370972,development
2022-11-27,9.708924340094173,9.716820944664946,9.707291714891102,9.707754073659258,23.74095031354742,9.736783846689343,0.008826213399442683,-0.0378559864295287,9.731238245472593,0.005933493766934193,-0.029417665580268704,development
2022-11-28,9.707486212314075,9.710080796723664,9.683746348543439,9.693835225878091,24.046250299852538,9.735383294565613,0.005691927603969578,-0.04723999629149134,9.730948079897107,-0.007955147136782071,-0.02915770688223418,development
2022-11-29,9.693854796118426,9.712463709043803,9.689018548311925,9.707775689604647,23.883736208254334,9.734276832053633,0.007494795137103673,-0.03399593758608965,9.730823721701157,5.957015196266652e-05,-0.023107602248472858,development
2022-11-30,9.707805737224252,9.752137634411593,9.707805737224252,9.75083545652103,24.108454987334227,9.733442875765489,0.01959026183660484,-0.0021976810810642178,9.730803685187475,0.023824023784653002,-0.003792252451098932,development
2022-12-01,9.750802578453884,9.752519190011588,9.734381603829881,9.739033387559896,23.854201543117888,9.732854826305584,0.009258038641847002,-0.003079477387533558,9.730840517252195,0.007898345012202719,0.0002945252954980049,development
2022-12-02,9.739124782443863,9.74617037397249,9.733759218799763,9.74617037397249,23.69571439276141,9.732480381642047,0.012072070443055392,0.001617921887387297,9.730899505849221,0.019587590523888945,-0.004316722400620421,development
2022-12-03,9.746254490546205,9.747771374121823,9.734366916708076,9.735556138996142,23.509373805030176,9.732278064556985,0.01601210393476609,-0.012734029495609533,9.73096388072747,0.019082253424420152,-0.014489995155749114,development
2022-12-04,9.735552211316808,9.750206270173347,9.735272397955717,9.748614981458068,23.5461032324877,9.732198742074337,0.028548028316152368,-0.012131788932419951,9.731036601692807,0.015048012857297071,0.0025303669079637103,development
2022-12-05,9.748522055085134,9.762969083616914,9.736395336782344,9.739486712021003,23.82376735896923,9.732193616387772,0.02841855190404626,-0.021125456270814524,9.731127591210644,-0.0014753152235823372,0.009834436033941074,development
2022-12-06,9.73951098944178,9.746357797668033,9.737428356625164,9.746219747601714,23.71347902683836,9.732222661250503,0.02216022572226235,-0.008163139371051287,9.731243142309708,-0.0018599476292406282,0.016836552921246195,development
2022-12-07,9.746219861706832,9.747381951845663,9.726186885353874,9.731994769364363,23.70263518453294,9.732261025354173,0.012588101526587082,-0.01285435751639774,9.731382397709652,-0.013176372350141956,0.013788744004852305,development
2022-12-08,9.731948630233564,9.756605493332525,9.728466275736034,9.75460896966715,23.743525039658714,9.73230457612182,-0.009603010377995148,0.03190740392332536,9.731539562239266,-0.0006870252480293475,0.023756432675911654,development
2022-12-09,9.754532013565196,9.757336690005403,9.746882626676017,9.74877059890612,23.735286057114642,9.732361555051515,-0.04938127613923133,0.06579031999383567,9.731713733225924,-0.012387055997767545,0.029443921677962948,development
2022-12-10,9.74883295326279,9.75364245030917,9.748042578221009,9.748512134956167,23.265401701262377,9.732439125220422,-0.02469797377933669,0.04077098351508113,9.731902859481565,-0.015817068548037334,0.03242634402263889,development
2022-12-11,9.748569716686589,9.755314333623634,9.746355283603107,9.74707893815883,23.37103417482125,9.732548268729314,-0.03520060040343864,0.049731269832955505,9.732107776684085,-0.03396580758369955,0.048936969058445356,development
2022-12-12,9.746979930635153,9.753394887401724,9.735033073642157,9.753038866034595,23.699692008357204,9.73270539947889,-0.03077132817259581,0.05110479472830143,9.7323313783494,-0.030274510648045885,0.05098199833324024,development
2022-12-13,9.7530390932751,9.794235359671909,9.747521439890809,9.785903654800473,24.005482276949195,9.732929248224364,-0.01646680313378311,0.06944120970989154,9.732578555314735,-0.016965425663521487,0.07029052514925915,development
2022-12-14,9.785945723349625,9.815668463070947,9.783549841169865,9.787832585372414,23.96329559024105,9.733237495692485,-0.0003332537175448659,0.054928343397472545,9.732860668238951,0.002981821975992031,0.05199009515747122,development
2022-12-15,9.787719989262575,9.789576369450229,9.759766699806459,9.762204204134525,23.76609390393889,9.733646072291922,0.009556546348499555,0.019001585494104134,9.733200442444486,0.011570564157368235,0.01743319753266981,development
2022-12-16,9.76218587097075,9.770271846648733,9.716235933130191,9.720014395705316,23.902635840799547,9.734171416511874,-0.005083448936161743,-0.00907357187039537,9.73363457973168,-0.004111171172337661,-0.009509012854024945,development
2022-12-17,9.71998424294732,9.729169274298835,9.718002755970351,9.728841967943929,23.39489972881214,9.734834108163872,0.0076637175826214125,-0.013655857802564952,9.734212262724803,0.010646660196345806,-0.016016954977219555,development
2022-12-18,9.72887278480585,9.73004962242314,9.723033469527042,9.726629636437321,23.114260509730485,9.73566192192353,0.001702945225579758,-0.010735230711787835,9.734987571311922,0.00455777426434251,-0.012915709138942688,development
2022-12-19,9.726693154021952,9.729582120996636,9.704922992723512,9.707453184843722,23.569399750664825,9.736687207668655,-0.007496317687063528,-0.021737705137869767,9.736015335687773,-0.004129999849641074,-0.024432150994410762,development
2022-12-20,9.707581367690047,9.74173211856028,9.706734390675619,9.735441889921995,23.846603707175568,9.737943527556563,-0.0018079010904353118,-0.0006937365441324062,9.737350058343283,0.001616182601954761,-0.0035243510232429998,development
2022-12-21,9.73533675497589,9.736062536086273,9.726506436767899,9.730177380576928,23.42348176652589,9.739461542970162,0.0044433360861610835,-0.013727498479395805,9.739038629805384,0.008874102475017812,-0.017735351703473512,development
2022-12-22,9.730227666110979,9.733094991310914,9.716700532384616,9.7309385959507,23.523078906364386,9.741260973290032,0.014364168803226038,-0.02468654614255783,9.741110496773429,0.0174611080880953,-0.027633008910823875,development
2022-12-23,9.730897165749674,9.735377655016858,9.72880428836886,9.728952787633876,23.45302959743547,9.74335452010849,0.015131933887392006,-0.029533666362006272,9.743577635673969,0.01793204566129529,-0.032556893701388034,development
2022-12-24,9.72895418252874,9.732978144613279,9.728748813771999,9.731972743528024,22.99998283868066,9.745758605996803,0.019149096080169042,-0.03293495854894779,9.746440993010722,0.019938077818055393,-0.034406327300754214,development
2022-12-25,9.731957904646398,9.732732130777412,9.72646715433889,9.731630233928286,23.179119501310137,9.74849271052596,0.014687979804207479,-0.0315504564018827,9.74969651813465,0.011992195680405597,-0.030058479886770684,development
2022-12-26,9.731645889322543,9.736258905592399,9.72987015281948,9.736240089949384,23.19870765326248,9.751576073100049,0.012849118556199723,-0.028185101706865723,9.75333873555982,0.010402668306842387,-0.027501313917278836,development
2022-12-27,9.736209730391053,9.738603811427149,9.719689242078035,9.724191843045409,23.480016054662823,9.755027013529627,0.007344346673352745,-0.038179517157571397,9.757362235649257,0.002876742768131162,-0.03604713537198023,development
2022-12-28,9.724145575781547,9.727237720657211,9.710967566499145,9.714296792897308,23.556815237529307,9.758860930483088,0.0018733007493033473,-0.04643743833508296,9.761762642421216,-0.008763012673925426,-0.03870283684998199,development
2022-12-29,9.714281689390502,9.720270946905442,9.711641799634696,9.719705437646292,23.395497994523343,9.763089653249322,0.0030315417318624175,-0.046415757334893115,9.766535773899541,-0.0028514940701128313,-0.043978842183136635,development
2022-12-30,9.71964464387306,9.719770686550898,9.705553224858017,9.717313741730338,23.491417411527852,9.767721939925172,0.016758725268816256,-0.06716692346365072,9.771678570577594,0.018399924146676377,-0.07276475299393148,development
2022-12-31,9.71737926491831,9.718902616029725,9.712176886285663,9.713990075703581,23.142672299521987,9.772766148435219,0.0020170377019521754,-0.0607931104335897,9.777191463308183,0.003032521032419345,-0.06623390863702205,development
2023-01-01,9.714015334190973,9.718989996973134,9.712401764622527,9.718667682354559,22.947279656784318,9.778231103315191,0.0035533404085508944,-0.06311676136918365,9.783077693445307,0.00917097586328336,-0.07358098695403115,development
2023-01-02,9.718693527911102,9.726711217541546,9.715483592626716,9.722473382739228,23.216287407189235,9.784127265203134,0.0009993812791648463,-0.06265326374307101,9.78933945492137,-0.0007807903913973294,-0.06608528179074469,development
2023-01-03,9.722495970533487,9.726777060434166,9.718504723095387,9.721957127914573,23.355376178305246,9.790460982767495,0.003182057605189629,-0.07168591245811129,9.795972395838293,-0.002237111616575802,-0.07177815630714335,development
2023-01-04,9.721977970801184,9.738883270200764,9.72123181377612,9.732891281914894,23.636797506237667,9.79723408051819,0.0019127540273621364,-0.06625555263065941,9.802965060088635,-0.012171474387998869,-0.05790230378574179,development
2023-01-05,9.732905180690876,9.734122979111957,9.728555617112184,9.731318464381944,23.340132958285373,9.804444312488537,-0.0026889335197214544,-0.07043691458687107,9.810301908864302,-0.010634340183370106,-0.06834910429898677,development
2023-01-06,9.73130280386084,9.740497579173432,9.724146861344568,9.738139256506134,23.391442407161605,9.81208205822227,-0.01396012008539236,-0.05998268163074272,9.817965291141919,-0.024306925720790594,-0.055519108914994675,development
2023-01-07,9.738148012972848,9.739497988067008,9.73590827693889,9.738322662629335,22.766402144081926,9.82012648192173,-0.026086094347655468,-0.05571772494473848,9.82593548340687,-0.01957778049873897,-0.06803504027879548,development
2023-01-08,9.738267712980031,9.746315744610321,9.736491012308159,9.746315744610321,23.00246232804595,9.828548492809023,-0.04459449502894663,-0.03763825316975655,9.834191104921846,-0.008416978520164481,-0.07945838179136011,development
2023-01-09,9.746482346840402,9.763648136384955,9.746482346840402,9.752464334016143,23.647756473165924,9.837314719712575,-0.0401669329212703,-0.04468345277516228,9.842709880089185,-0.017574367349118127,-0.07267117872392426,development
2023-01-10,9.752254649687886,9.76908267567816,9.750510613688675,9.7668824678133,23.483803419397155,9.846387190844528,-0.05327484255176705,-0.026229880479460732,9.851469411832085,-0.046189850841403216,-0.03839709317738205,development
2023-01-11,9.766886274345365,9.794503617995446,9.760655565442601,9.794503617995446,23.634109049785327,9.855727775450497,-0.04307455126838644,-0.018149606186664613,9.860446951775598,-0.04638423723321132,-0.0195590965469421,development
2023-01-12,9.804638775525037,9.853776578776639,9.797860508585014,9.845306798696448,24.277794668987568,9.865297635655512,-0.014452296919506304,-0.00553854003955756,9.869617170470105,-0.01906922493776366,-0.005241146835892607,development
2023-01-13,9.845270674308574,9.901702073015812,9.839117767028567,9.898956011596024,24.09829136038615,9.875055423196974,0.0012376308108963186,0.022662957588153176,9.878945241044192,0.0013832314196850766,0.018627539132145543,development
2023-01-14,9.899004373590405,9.955849548208974,9.8988683067284,9.951148452183467,24.386001106849463,9.884955383558422,0.006865980050313158,0.05932708857473301,9.888391812112246,0.0028809265826748908,0.05987571348854637,development
2023-01-15,9.95120496913663,9.95197996047581,9.933385439514954,9.946585299406513,23.683288418779483,9.894942923075629,-0.002120548020331652,0.05376292435121499,9.89791372243124,-0.0066743820749200836,0.05534595905019302,development
2023-01-16,9.946653578945833,9.969316256654588,9.938649370758878,9.960323019150902,24.01138761251165,9.90495174883302,0.03311217865527523,0.0222590916626082,9.907462343347682,0.0313458378775989,0.021514837925622032,development
2023-01-17,9.960615903868648,9.972951120694685,9.951254965302173,9.959939694830592,23.94214099633439,9.914907556130045,0.02031181048996688,0.02472032821058079,9.916981542843459,0.01846064986214988,0.024497502124983583,development
2023-01-18,9.95991754352945,9.978803813521944,9.930204695843901,9.93734686373636,24.124650714996687,9.924735945440887,0.019705168228741538,-0.007094249933267349,9.92640779042515,0.01830953102567766,-0.0073704577144670935,development
2023-01-19,9.937248488675909,9.96001020665702,9.937182491102124,9.956402197898536,23.77504040296967,9.93436866202843,0.02636097350103304,-0.004327437630927022,9.935671435539957,0.024921108798159355,-0.004190346439580495,development
2023-01-20,9.956334858696662,10.02978346924785,9.948419184516435,10.029086750257376,24.083611859768293,9.943747605229722,0.037594122718156216,0.04774502230949729,9.944705345978251,0.034571218766418145,0.04981018551270644,development
2023-01-21,10.0291253356248,10.055450741262627,10.021796404593502,10.033533973444758,24.2027282989307,9.952826674005134,0.04030652147087577,0.04040077796874719,9.953450914672748,0.0372186199627724,0.042864438809237626,development
2023-01-22,10.03354983669363,10.045713000162825,10.01627593074282,10.031019183406885,23.9319453044318,9.9615680467872,0.037801273157476514,0.031649863462208216,9.961857922580137,0.035396092257787726,0.03376516856896039,development
2023-01-23,10.031048754171152,10.048733834044889,10.028105165392116,10.040394625385645,24.00111600079957,9.969938376626686,0.03208627197806417,0.03836997678089382,9.96988387981834,0.02839839641578759,0.04211234915151607,development
2023-01-24,10.040185106639798,10.049059182468861,10.023478998524991,10.02731754621199,23.99682186335935,9.977910540564434,0.021580573076663754,0.027826432570892123,9.977499647975888,0.01836854354332434,0.031449354692776765,development
2023-01-25,10.02744118108711,10.074162365636134,10.017087458648728,10.048360731129597,24.14705172350635,9.985462341181526,0.018426403847381343,0.04447198610068881,9.984689345623519,0.012497367423153992,0.05117401808292321,development
2023-01-26,10.047975487187779,10.05350447715807,10.039388705995625,10.044673582156657,23.99503157520143,9.992577711816924,0.007043953328905618,0.045051917010827225,9.99145060903085,0.0005194043767127151,0.0527035687490951,development
2023-01-27,10.04458411695043,10.061248309614513,10.028117924916621,10.046666628983202,23.957358718571538,9.99924545525585,0.004546863485084175,0.04287431024226862,9.997790799489833,-0.0017515967534713116,0.05062742624684091,development
2023-01-28,10.046720197223996,10.050436496864505,10.039278390066478,10.044600314317718,23.41199242584639,10.00545633490558,0.006279681871936305,0.03286429754020226,10.003720434314259,0.0015540655467513554,0.03932581445670813,development
2023-01-29,10.044615918320767,10.082465635729701,10.042600167187139,10.076371650023317,24.034672975416942,10.011206000274292,0.009851278165953995,0.055314371583071065,10.009250528719571,0.00626806677676477,0.060853054526981865,development
2023-01-30,10.076375100343169,10.07699318215602,10.028249822357118,10.03627473511754,24.026688508539547,10.0164954774249,-0.0007233144298081935,0.02050257212244766,10.014393318734571,-0.0017672859972442832,0.023648702380214104,development
2023-01-31,10.036303552828567,10.052985488547058,10.03300451385301,10.049287023604096,23.85168415005218,10.021330389513894,-0.0013153418205712648,0.029271975910774017,10.019160614962699,-0.0013801122269759434,0.03150652086837269,development
2023-02-01,10.049224476063221,10.075949793109958,10.037920101497283,10.07423275827646,24.007302070977232,10.02572152709801,-0.011642790886019992,0.06015402206447007,10.023564462811814,-0.01666313519061674,0.0673314306552637,development
2023-02-02,10.074108600400042,10.09275207357622,10.063418453224532,10.063558008292016,24.19109133261924,10.02968726611789,-0.01936303108391857,0.05323377325804479,10.027618344927145,-0.02047798720389396,0.0564176505687648,development
2023-02-03,10.063453239958703,10.072305997952903,10.055347972290248,10.062596872390683,24.02217449896559,10.033249889024141,-0.019767262046157214,0.049114245412699375,10.031336769864504,-0.022734386478541903,0.05399448900472059,development
2023-02-04,10.062468845143846,10.067176139567751,10.055856428178425,10.05757455862197,23.473052720610195,10.036430556391638,-0.025323418399023433,0.04646742062935694,10.034730727976248,-0.02461074133667326,0.04745457198239578,development
2023-02-05,10.057591719138806,10.06149231939078,10.036345708525216,10.041320070420555,23.696970402453083,10.039249060618081,-0.03694388939868749,0.03901489920116141,10.037807522960694,-0.03746613433805634,0.04097868179791675,development
2023-02-06,10.041248428024788,10.048422150155124,10.02976883734236,10.032764694028367,23.89400156111413,10.041724559397348,-0.04778988290978258,0.03883001754080162,10.040569218409283,-0.039579522723997895,0.031774998343081506,development
2023-02-07,10.032639827430444,10.056679541966567,10.032595455126101,10.054674889711675,24.02604022967697,10.043875690561114,-0.0609176581400776,0.07171685729063881,10.043015306488172,-0.011731912865033726,0.023391496088537522,development
2023-02-08,10.054637277714189,10.059121088674047,10.031489206925654,10.040611167148596,23.956887121560033,10.045720539246721,-0.06872148103654233,0.06361210893841651,10.045149205035873,-0.01893186121085041,0.014393823323572974,development
2023-02-09,10.040923592531028,10.043094591610043,9.988470710370821,9.990538219003916,24.20673642720285,10.04727101577715,-0.07387481901700879,0.01714202224377459,10.046980221377762,-0.03881503735690187,-0.017626965016944496,development
2023-02-10,9.990536697395877,9.99612076837662,9.977638750684164,9.982815401220389,24.022002442601995,10.048528006284139,-0.052599133107288754,-0.013113471956460288,10.04851917502559,-0.07721428863252751,0.011510514827326901,development
2023-02-11,9.982845801405787,9.993849608725245,9.981302359665882,9.992911122015416,23.51787447115799,10.049483878602524,-0.015693319823070206,-0.0408794367640386,10.049773027761573,-0.02846063493071141,-0.0284012708154453,development
2023-02-12,9.992912372078933,10.001566357068603,9.984275895846615,9.989123961481953,23.603645978196607,10.05012976673015,-0.0007236077628047891,-0.06028219748539243,10.050742387521638,-0.008837617837176839,-0.052780808202507856,development
2023-02-13,9.989068740626333,9.99416949583073,9.973950111702864,9.990036810932073,23.89792819809199,10.050468393085636,0.0022792049636884823,-0.06271078711725053,10.051431730243907,-0.01117787432592366,-0.050217044985910064,development
2023-02-14,9.989748835650673,10.012034315063879,9.981947216934511,10.008784277209353,24.01139143935971,10.050526068440067,0.004246677645641679,-0.04598846887635588,10.051870726201445,-0.004958396820459763,-0.03812805217163273,development
2023-02-15,10.008774432782934,10.098554285088602,10.002552924137463,10.098554285088602,24.20399234549899,10.050351025624009,0.05311033899879488,-0.004907079534202552,10.052119508325497,0.048628101835813196,-0.0021933250727084186,development
2023-02-16,10.098534036685345,10.131981452772639,10.069108910721315,10.069996183504934,24.394914301491035,10.050003510963627,0.03287400678739872,-0.01288133424609228,10.052258114871657,0.028347739712937754,-0.010609671079661709,development
2023-02-17,10.069903415117363,10.123588119466,10.063084340784776,10.109102432802809,24.445542620990942,10.049551864336145,0.04510490347829968,0.014445664988363305,10.052379487265116,0.04113597110743986,0.015586974430252809,development
2023-02-18,10.109090030017201,10.11855199314823,10.105136666690566,10.112178256401208,23.7000918664417,10.049068039969638,0.0413971163984847,0.02171310003308413,10.052580351054615,0.036852351459968014,0.022745553886624137,development
2023-02-19,10.112127527224763,10.130346381252133,10.099368537536025,10.099368537536025,23.964102964200173,10.048621905524477,0.053109058811318485,-0.0023624267997703896,10.052952058997695,0.047092807352177704,-0.0006763288138476042,development
2023-02-20,10.099737616160171,10.127449128377023,10.082800845705611,10.119773582303955,24.090126281614726,10.048283780231055,0.044246270962885026,0.027243531110014985,10.053579560825977,0.04047894227649407,0.025715079201484414,development
2023-02-21,10.119930659123847,10.13169233657646,10.094122923602352,10.10382720084458,24.165352369753766,10.048122809884786,0.045858015442084094,0.009846375517710726,10.054534328787495,0.04217546302633841,0.007117409030747979,development
2023-02-22,10.103870759995745,10.105298772625458,10.070878126580393,10.09364680378454,24.13110765477094,10.048202593501557,0.0327447213095472,0.012699488973437312,10.055866397281758,0.02885812787310768,0.008922278629675873,development
2023-02-23,10.093724315853855,10.109366518471177,10.072973750750405,10.083618887126917,24.140213990272226,10.048577919653855,0.02193582678579277,0.013105140687269312,10.057602066321571,0.018001426977818237,0.008015393827527362,development
2023-02-24,10.083556900427242,10.090120845421644,10.043556937645926,10.05182681948137,24.012105872081936,10.0492939594046,0.021818658001737105,-0.019285797924966985,10.059745762318304,0.015579485000947267,-0.023498427837880698,development
2023-02-25,10.05191294557092,10.052347587551182,10.037212114814691,10.050845571532914,23.50212992569652,10.05038519737479,0.007637616321967796,-0.007177242163844966,10.062284664256364,0.001293306579319619,-0.012732399302768371,development
2023-02-26,10.050792729136365,10.071303036069285,10.04690457651986,10.067357117340258,23.535347761833435,10.051877288767079,0.012602908161490001,0.0028769204116887437,10.065195344156386,0.00647392070473372,-0.004312147520861842,development
2023-02-27,10.067367230520603,10.079870285624828,10.05216092684682,10.06572846471567,23.843900785491456,10.053786772771133,0.01759373402690212,-0.005652042082363806,10.068447925374986,0.012755841005589246,-0.015475301664904961,development
2023-02-28,10.065684540541302,10.06838250976803,10.046619912580153,10.049635734188993,23.74541428251826,10.05611702161981,0.013729256375493739,-0.02021054380631071,10.07200544297042,0.008015520394084952,-0.030385229175513118,development
2023-03-01,10.049790218103261,10.08082306673667,10.047095435443998,10.070972538886288,23.92856354300938,10.058860167932703,0.009469954411958168,0.0026424165416258916,10.075826552862514,0.006343917685799966,-0.011197931662026761,development
2023-03-02,10.070992361876895,10.074880385702594,10.05384625819395,10.063711188862785,23.738133776064302,10.06199726156877,0.0026930349351895278,-0.0009791076411751476,10.079871026616098,0.00021526356800986857,-0.016375101321322916,development
2023-03-03,10.063760856929173,10.063876490762217,10.008443709051814,10.01514876311169,23.98375967648914,10.065498234572575,-0.007995400776849248,-0.04235407068403596,10.084101061393689,-0.012757527406098285,-0.05619477087590141,development
2023-03-04,10.015159680348386,10.01704735979311,10.007801642031021,10.014731459505736,23.136140440380572,10.069327829850105,-0.01709967675134244,-0.037496693593025654,10.088483250664224,-0.01994551075811463,-0.05380628040037294,development
2023-03-05,10.014767020434183,10.02631055729548,10.01266220123196,10.018400414069527,23.312307381675918,10.07344928082877,-0.0157655840627336,-0.03928328269650905,10.092989990022954,-0.018116388404947732,-0.05647318754847852,development
2023-03-06,10.01845847835984,10.02500994230756,10.013745207857676,10.01814382986345,23.577042354995992,10.077824280055367,-0.018226447712646365,-0.04145400247927178,10.09759758974022,-0.01876204184980901,-0.06069171802696083,development
2023-03-07,10.018079826232535,10.022488422775297,9.99930949772984,10.00873769095261,23.848509969581553,10.082412253416235,-0.031084428952216397,-0.04259013351140872,10.102283889465527,-0.03075982844250726,-0.06278637007040899,development
2023-03-08,10.008587897802572,10.010946207160186,9.985438474410337,9.985900376034069,23.838405412322007,10.087171844074147,-0.04567809478444078,-0.05559337325563796,10.107029696946814,-0.036315000671393705,-0.08481432024135138,development
2023-03-09,9.98599246096557,9.989789864865484,9.91394798296935,9.921475862404352,24.13654540652789,10.09206375626693,-0.06339781599387392,-0.10719007786870449,10.11181981254702,-0.011928512684952926,-0.1784154374577156,development
2023-03-10,9.921671318712866,9.92184775277951,9.8847253332378,9.912806205705127,24.401545756343946,10.097060527688155,-0.06855340491889583,-0.11570091706413166,10.116645534846237,-0.015007041806888412,-0.18883228733422008,development
2023-03-11,9.912837552236505,9.942348844855479,9.906914681216156,9.934618427161952,24.130454838848877,10.102153237907178,-0.06513962033699378,-0.10239519040823097,10.121503805062884,-0.02221265711486106,-0.16467272078607031,development
2023-03-12,9.934406075569298,10.00717307242144,9.925679804756003,10.006222338881926,24.100137585674588,10.107351888648475,-0.044024334424662324,-0.057105215341886506,10.126394941121363,-0.07656573546758208,-0.04360686677185477,development
2023-03-13,10.00588195487585,10.108501262579153,9.995072585314999,10.094005973064869,24.62455873389162,10.11268206358054,-0.015575838462931306,-0.0031002520527394495,10.1313323295979,-0.02853769055759638,-0.00878866597543393,development
2023-03-14,10.094180869400688,10.185455208767443,10.089186050623455,10.116422138042033,24.723706782715,10.118179531971206,-0.005454827192272937,0.0036974332630990148,10.136344973649951,-0.01681224310439048,-0.0031105925035284088,development
2023-03-15,10.11742589683544,10.136209691556177,10.08434596278637,10.101352718268462,24.49959972813644,10.123879907333388,-0.005843325229278013,-0.016683863835647017,10.141468354827587,-0.023335164557102137,-0.016780472002023927,development
2023-03-16,10.1012499925291,10.134215317655045,10.095145032414042,10.128740440035763,24.245679221491507,10.12980899465842,0.0031742751752113075,-0.004242829797869163,10.146735672519034,-0.006176000079908207,-0.011819232403363245,development
2023-03-17,10.128833598577135,10.232352804273093,10.124836290936829,10.2191712575815,24.649788440019723,10.135981460681789,0.05020748965356278,0.032982307246149034,10.152172143623636,0.046528664512583744,0.020470449445280536,development
2023-03-18,10.220052854057005,10.230124189625855,10.190028788981909,10.202327601714458,24.299061606642177,10.142403148596458,0.02918864440254046,0.030735808715460777,10.157795283694023,0.025976760380690845,0.018555557639745146,development
2023-03-19,10.202462021822962,10.255571593638551,10.200168394339107,10.241340113927775,24.354766381560076,10.149067136772093,0.05157479173011491,0.040698185425567246,10.16360850206996,0.04803830609999452,0.029693305757819033,development
2023-03-20,10.241444456493163,10.258631686733278,10.212547513114885,10.231612055362806,24.524894068632822,10.155952618592039,0.0354337405447495,0.040225696226016794,10.169599293744195,0.03181766846829313,0.03019509315031854,development
2023-03-21,10.23165369529821,10.255536500535843,10.219744198374906,10.246219314885685,24.30961944368145,10.163026107212058,0.03673673295715336,0.046456474716473295,10.175739155538588,0.03291825237030239,0.03756190697679429,development
2023-03-22,10.245612379552519,10.268246490666115,10.194663368128552,10.214914379966567,24.231283325274994,10.170242523422914,0.020530764673034215,0.02414109187061797,10.181982530355187,0.018968467085580726,0.013963382525799872,development
2023-03-23,10.214713664684313,10.265691713392588,10.210360421035869,10.251816811020358,23.910462481186848,10.177546580250768,0.029671440514984125,0.04459879025460545,10.18826770011184,0.026662476170120367,0.03688663473839782,development
2023-03-24,10.251468711352839,10.253737210967573,10.20504537113425,10.221697077838849,23.980604817362806,10.184873112989202,0.01617468690205341,0.020649277947594413,10.194518069006802,0.013846695934708988,0.013332312897338383,development
2023-03-25,10.221480737255812,10.23249723378372,10.210833800788357,10.221748793493257,23.31725152919386,10.192149326041942,0.005940631249883722,0.023658836201430944,10.200647163001102,0.002819307662488424,0.018282322829666242,development
2023-03-26,10.22177848640391,10.24630193977886,10.21994098912609,10.23975727150917,23.35359685949493,10.199299706513784,0.010407224703218766,0.03005034029216702,10.20656558513764,0.0062477232055157435,0.02694396316601555,development
2023-03-27,10.239747922429457,10.241313364803215,10.188917946235927,10.20875983131707,23.624077089808846,10.206246564601514,0.0005135667644380723,0.0019996999511189273,10.21218434584544,-0.003984065053963701,0.000559550525593977,development
2023-03-28,10.208501875104698,10.22051185341496,10.191587726071468,10.213473931502993,23.60154254293299,10.21291466438576,0.013893267190122759,-0.013334000072889651,10.217425096615814,0.009215191796967621,-0.013166356909788846,development
2023-03-29,10.213433604860231,10.261845084080072,10.213163310089332,10.252327330925047,23.752672021772973,10.219238290728644,0.025477941998803263,0.007611098197600086,10.222232288151776,0.021362230372344092,0.008732812400927159,development
2023-03-30,10.252387269637422,10.280549837008618,10.229915231064926,10.24115773205143,23.833903674737215,10.225164048343787,0.017146604587538437,-0.0011529208798943813,10.226579019803404,0.011891575157496512,0.002687137090529035,development
2023-03-31,10.241111330165136,10.26255600654291,10.224980835532953,10.256904147115456,23.667774687303382,10.230651050348076,0.021051663907887423,0.005201432859493593,10.230467588166547,0.017182812520731117,0.009253746428177223,development
2023-04-01,10.256723209953524,10.268215976026712,10.250517145068732,10.254532910650475,23.10986756818971,10.235671677237749,0.005491606441364828,0.013369626971361015,10.233923788213724,0.001542598643103293,0.01906652379364715,development
2023-04-02,10.256354856104121,10.258324372459516,10.235811478588124,10.247052738540525,23.2316157012658,10.240212873833626,-0.004748104176804735,0.011587968883704391,10.236990204822533,-0.007708295277764119,0.017770828995756105,development
2023-04-03,10.246477079692754,10.25680366867302,10.213788895787443,10.232439464410664,23.69657361684251,10.244271019885996,-0.007554909302493052,-0.004276646172838738,10.23971588641953,-0.01047619642276828,0.00319977441390229,development
2023-04-04,10.23262126507978,10.255331824192451,10.228512543375134,10.245945050264622,23.45010762238693,10.24785062045548,-0.006751316190575837,0.004845745999716655,10.242148615065277,-0.008454626347293076,0.012251061546637132,development
2023-04-05,10.246003154043045,10.266018655454365,10.234364294607083,10.246296256279901,23.55955186646586,10.25096916154902,-0.0028483266581257596,-0.001824578610992944,10.244334806935674,-0.004279678595194071,0.006241127939421887,development
2023-04-06,10.246198380046899,10.246310465499056,10.230585983784987,10.241534998934169,23.35067049288841,10.253659029092436,-0.020704131966208142,0.008580101807941887,10.246315857378718,-0.020144503430021495,0.015363644985471936,development
2023-04-07,10.241350493108733,10.243937359198386,10.232576573389279,10.237308398038628,23.108506881469843,10.25596758249109,-0.02880876921535118,0.010149584762888963,10.248121305069512,-0.021821609067766774,0.011008702036882312,development
2023-04-08,10.237116954629705,10.245652955146557,10.23578633238938,10.238093581732151,22.961126317568986,10.257955536752327,-0.0549052376183795,0.03504328259820433,10.249768411117184,-0.008952338742478038,-0.002722490642554476,development
2023-04-09,10.238257168735752,10.258810635923005,10.23381525259809,10.25178427428403,23.222677031394884,10.259686090152332,-0.05601021410923685,0.04810839824093627,10.251269135206233,-0.006811478860719384,0.007326617938517188,development
2023-04-10,10.251889324872517,10.301305658039459,10.246696740567407,10.297317921127693,23.682458604636228,10.261213341993964,-0.04447647887100886,0.08058105800473747,10.252634938531095,-0.002795412805912103,0.04747839540251064,development
2023-04-11,10.297341500941432,10.325779753661179,10.295843806497327,10.316757410525842,23.72504279671861,10.262576806491852,-0.031206117311215118,0.08538672134520553,10.253881287455208,-0.06665253193344399,0.12952865500407817,development
2023-04-12,10.316642419516976,10.324251056817129,10.299763039118403,10.313577042688577,23.649215459022894,10.263802229577248,-0.011777973242160324,0.06155278635348971,10.25501931954693,-0.026730574076162507,0.08528829721780973,development
2023-04-13,10.30537092822544,10.326787526369552,10.304898555520925,10.322167176725376,23.584764814570807,10.264905634185716,-0.005936947547402773,0.06319849008706235,10.256056211895952,-0.020102303608500564,0.08621326843792332,development
2023-04-14,10.322512393853025,10.34192335162578,10.310434830021714,10.32501297460504,23.843866875423565,10.265892992778552,-0.009075659834405453,0.06819564166089265,10.256998613533687,-0.026353241383764128,0.094367602455117,development
2023-04-15,10.325178637908696,10.328812156584858,10.317115348741254,10.319513237272828,23.20321734518974,10.266756494907913,-0.0040294134068275065,0.05678615577174284,10.257845887497082,-0.007311882095559165,0.06897923187130495,development
2023-04-16,10.319430131742546,10.32730119563958,10.314199937243806,10.319409644315362,23.276984396582126,10.267475932758636,0.026779625041070933,0.02515408651565565,10.258588867522324,0.025691676587512927,0.03512910020552518,development
2023-04-17,10.319468721870894,10.31953636414198,10.284501864388995,10.290280920933629,23.606511529252227,10.2680258719527,0.01592158149614914,0.006333467484779476,10.259214351165424,0.014575592768624586,0.01649097699958091,development
2023-04-18,10.290418349894532,10.324507807276643,10.280376545351064,10.322117381851196,23.69268131636223,10.268380679444402,0.03270198044136661,0.021034721965428105,10.259706104756733,0.03038383011153599,0.032027446982928254,development
2023-04-19,10.322006668455241,10.322561462411327,10.263603016492349,10.268917845453188,23.92485573418904,10.268516017737895,0.013540477563481547,-0.013138649848187356,10.260046062610792,0.011636362530764202,-0.002764579688367519,development
2023-04-20,10.268952675057104,10.277682140973326,10.241289540717148,10.248706718702916,23.78386596932224,10.26841071494183,0.012841964218460657,-0.03254596045737479,10.260216720228234,0.010460899415576244,-0.021970900940894822,development
2023-04-21,10.248821496203572,10.252381206862522,10.210139745184433,10.213795841612937,23.75627001880299,10.268047369892344,-0.0029277015361802196,-0.051323826743226775,10.260202267383836,-0.0028544636869938314,-0.04355196208390488,development
2023-04-22,10.213391915551107,10.235382995167274,10.209852887425996,10.233420598031856,23.29784061361023,10.267414919240148,0.015824710331576706,-0.049819031539868774,10.259989248095184,0.013469658373774363,-0.04003830843710254,development
2023-04-23,10.233371869604598,10.233519241139863,10.218309768587682,10.225258856963041,23.271573394863736,10.26651254085226,0.00642884638068389,-0.047682530269902657,10.259571254496404,0.005674184515794245,-0.03998658204915628,development
2023-04-24,10.225271386157832,10.239244619913341,10.206212767782617,10.222862308108668,23.597016240683395,10.2653468033298,-0.002638103216295945,-0.03984639200483642,10.258945413978571,-0.006605166920630407,-0.029477938949272087,development
2023-04-25,10.222481975636223,10.253125529548218,10.21126381418755,10.250885516151333,23.598714189360223,10.263930683588459,0.0063264260552592655,-0.019371593492385486,10.25811268059194,0.002922324255505814,-0.010149488696113096,development
2023-04-26,10.250619153947207,10.308813914019424,10.215540801654996,10.254943441821473,24.184436397537056,10.262286046923444,0.00018698447435563687,-0.007529589576327211,10.257082129092552,-0.002186735182277813,4.804791119816798e-05,development
2023-04-27,10.255146205297553,10.304661696946587,10.25424606405421,10.29125657477094,24.024769763969115,10.260437474345665,0.012865572765607715,0.017953527659669177,10.25586513538728,0.01094789128381431,0.02444354809984617,development
2023-04-28,10.291501730718906,10.294609995270955,10.272620895632222,10.286715971902586,23.588004346114936,10.258409623278862,0.032774059290739524,-0.004467710667015012,10.254472073174403,0.03126905142829524,0.0009748472998882818,development
2023-04-29,10.286590017241346,10.290532549951468,10.27808247421759,10.283583168589361,23.090011348418727,10.256229799703847,0.021010305195492796,0.0063430636900214665,10.252915294824856,0.01972131514353863,0.01094655862096694,development
2023-04-30,10.283481529111675,10.307352357508679,10.278975174913713,10.284277608099742,23.407856282166346,10.253928530126526,0.026903017452076104,0.0034460605211403816,10.251210080167619,0.025564666653155568,0.007502861278968709,development
2023-05-01,10.282851760482318,10.286363964560286,10.228494057081383,10.24322475193233,23.649412204828433,10.251542074993795,0.008137318107599564,-0.01645464116906581,10.249377658828527,0.006815207261403175,-0.012968114157601462,development
2023-05-02,10.243068373213788,10.270949565333442,10.237246219684222,10.263974022222994,23.522552752425227,10.24911232084282,0.002670397801999301,0.01219130357817555,10.247446846956494,0.0027590058803354475,0.01376816938616443,development
2023-05-03,10.263972523993305,10.283960720926693,10.246310603903005,10.275268622896949,23.6741561989609,10.24668427419236,0.00508876219796915,0.02349558650661976,10.245452332883092,0.004825523120632049,0.024990766893225214,development
2023-05-04,10.276129998826551,10.287156355993485,10.264444681917603,10.269785925287517,23.4672414890022,10.244300519793917,0.0062337556474571796,0.019251649846141916,10.243428887769571,0.006491701696414175,0.019865335821531716,development
2023-05-05,10.26991658673747,10.297854914495229,10.269709619268404,10.29331044898434,23.610107288359472,10.241997176673399,0.011055327018694421,0.04025794529224669,10.241407970129487,0.010655994879280647,0.041246483975571735,development
2023-05-06,10.293461942611376,10.302938845519593,10.2565698887811,10.271756828435175,23.49045668653678,10.239801431795684,-0.012516936984327365,0.04447233362381908,10.239416104227187,-0.010759588277285929,0.04310031248527402,development
2023-05-07,10.271653033423213,10.280468051497373,10.255599955546527,10.25607841616082,23.148188510072497,10.237728380699812,-0.009256582779707334,0.027606618240715974,10.237473696445402,-0.00547282798147514,0.02407754769689241,development
2023-05-08,10.25591950374882,10.263371842809164,10.215013149277985,10.22898093578475,23.674152602965375,10.235777947926938,-0.03156334579227329,0.02476633365008496,10.235592387935048,-0.014239185904962138,0.007627733754663524,development
2023-05-09,10.229009638779738,10.233560801737502,10.217407441671881,10.227698330558235,23.371466471503403,10.23393534710118,-0.029056367864439256,0.022819351321494707,10.23377126854272,-0.008987238122218693,0.0029143001377338607,development
2023-05-10,10.227548686200752,10.251418440904034,10.19927431507965,10.226358996991905,23.751272882659183,10.23217843042149,-0.017434940741850848,0.011615507312265905,10.232002140506697,0.005052995688377141,-0.010696139203169253,development
2023-05-11,10.226334743351861,10.226365714500297,10.195478808481091,10.203621369003885,23.54013121612258,10.230481323779056,-0.018358938609930982,-0.008501016165240571,10.23027229440194,-0.048777946104753625,0.02212702070669792,development
2023-05-12,10.203135081660047,10.20565100482,10.161165070189703,10.196343351777333,23.684075342629885,10.228817517604256,-0.012107612203609102,-0.02036655362331352,10.22856513263022,-0.021426128479247658,-0.010795652373637665,development
2023-05-13,10.196447032319613,10.204720486687993,10.19282599182965,10.195562890324972,23.025768087109086,10.227159158392672,-0.010195046636213047,-0.02140122143148737,10.22686144088625,-0.019300859099221565,-0.011997691462056537,development
2023-05-14,10.195745686703495,10.209168293775983,10.190970435275956,10.201019901454616,23.02733572308934,10.225478439708024,-0.006918013970455471,-0.01754052428295161,10.2251416290697,-0.018147595578314808,-0.00597413203676922,development
2023-05-15,10.201047605575345,10.227248906363014,10.19489135300841,10.210703589726947,23.3914124961355,10.223752593694279,-0.015652639959566682,0.0026036359922354535,10.223388254677515,-0.00866553370304584,-0.004019131247522623,development
2023-05-16,10.209924411946984,10.214616511617935,10.199098629807654,10.204948646374154,23.267403103416232,10.221966188099088,-0.004994148505503873,-0.012023393219429579,10.221588785167338,0.001034905605499176,-0.017675044398682616,development
2023-05-17,10.204905012428364,10.22070152383358,10.188671928213676,10.218254595436063,23.44060654241928,10.22010838113746,-0.004189378611921147,0.002335592910524653,10.219734605654375,-0.0017806340445668744,0.000300623826253954,development
2023-05-18,10.218358523773894,10.220723354643772,10.181691154376185,10.1973582724942,23.446069245710525,10.218172519189501,0.0022155711952646204,-0.023029817890567017,10.217820494321417,0.003447622019084335,-0.023909843846302792,development
2023-05-19,10.197154948772495,10.20834450645863,10.192426744731664,10.199514543226876,23.1444321626861,10.216162325236594,-0.015495232298624586,-0.0011525497110937977,10.215850053076773,-0.014719567911494928,-0.0016159419384020879,development
2023-05-20,10.199466676561402,10.209322296266743,10.197770690188596,10.208380143465003,22.67557140038682,10.214093634475969,-0.012531554315479781,0.00681806330451451,10.213837467545371,-0.012514093478680946,0.007056769398312568,development
2023-05-21,10.207968622002562,10.213392775232784,10.192678057231737,10.194432776488233,22.880526491559745,10.211991391562293,-0.016275063141414123,-0.0012835519326461764,10.211805239953259,-0.014795328971445976,-0.002577134493579436,development
2023-05-22,10.194285736615155,10.205284577939452,10.186775022100266,10.1980686719898,23.12630879157605,10.209885723336733,0.007900710504895828,-0.01971776185182783,10.209781514974857,0.006663541208653111,-0.018376384193709683,development
2023-05-23,10.198243084235221,10.219563316348385,10.196760704109598,10.21191763468106,23.340457498866034,10.207811301994234,0.00445212150285648,-0.00034578881603053446,10.207800611608072,0.0048721383551675445,-0.0007551152821800855,development
2023-05-24,10.211876384609718,10.211876384609718,10.169942522110459,10.178647234608722,23.51437600024357,10.205809507249045,0.0011338756712698718,-0.028296148311593328,10.20590511374659,-0.0025118035707446433,-0.024746075567124493,development
2023-05-25,10.178443779056318,10.188347629275938,10.161635006047696,10.184001760742914,23.351632127521913,10.203927448372962,0.006581183716083455,-0.026506871346130723,10.204142889529889,0.0034534082109784515,-0.023594536997952886,development
2023-05-26,10.183925259321418,10.20050107328366,10.178993896480701,10.193141093615923,23.265782311830375,10.20221522033878,0.006002689636034252,-0.015076816358892131,10.202564413924456,0.004488115553837454,-0.013911435862370425,development
2023-05-27,10.193174425531668,10.199468201728198,10.189460939641195,10.198704423959864,22.78911734375674,10.200725371663168,0.015353666114239481,-0.017374613817542794,10.201219210720788,0.01513688207915527,-0.017651668840079182,development
2023-05-28,10.198808804513865,10.24684493277792,10.196259845928727,10.24301392339486,23.400528912818512,10.199511130125218,0.0331537852265259,0.010349008043116115,10.20015599658406,0.033307548013104815,0.009550378797696268,development
2023-05-29,10.242655858636484,10.255271924197654,10.224261388310989,10.23084281160098,23.44333083609214,10.198620136453554,0.02240657753679123,0.009816097610633179,10.199419558630165,0.02280027794088191,0.008622975029933144,development
2023-05-30,10.230815357783506,10.24155707602948,10.225154368890522,10.229272512043828,23.307345035253075,10.19809034482013,0.02628929014647303,0.004892877077224966,10.199047989329742,0.026649681472241768,0.003574841241844595,development
2023-05-31,10.229206800296117,10.233930137647176,10.198633691780136,10.211694719183194,23.47414379791599,10.197947187243447,0.009910494865346777,0.003837037074401195,10.199068734976507,0.01031372218614112,0.002312262020547351,development
2023-06-01,10.211648939088745,10.216329401732795,10.191359133280079,10.196902137446633,23.40968172252333,10.198199250582283,0.010497361611767326,-0.011794474747416572,10.199493343465173,0.010802592484638641,-0.0133937985031789,development
2023-06-02,10.197073039496516,10.214783411830604,10.187712827015325,10.212793748234992,23.4204178682053,10.198841669932948,0.017762346771572957,-0.0038102684695289213,10.200319091121363,0.017944593914959367,-0.005469936801331343,development
2023-06-03,10.212894088931257,10.215266428289905,10.202035523338637,10.206370833076694,22.849781484423694,10.19985967767154,0.018053107938800907,-0.011541952533647759,10.201531656316938,0.01794291444950495,-0.013103737689748485,development
2023-06-04,10.206370616641873,10.218554446792096,10.202414585639225,10.207992317051769,22.959808592664654,10.201229982904538,0.021092239425528483,-0.014329905278296806,10.203106918940543,0.020515755671687817,-0.015630357560462826,development
2023-06-05,10.208141388137086,10.208394757661614,10.144281140298059,10.156581971360172,23.79193684368558,10.202925059856272,-0.0026539089945394334,-0.043689179501560815,10.205014425145915,-0.0011589794891083854,-0.04727347429663453,development
2023-06-06,10.155494883260237,10.21514809153913,10.143876235698118,10.212397089662208,23.811106383029994,10.204918072147896,0.0032962637838528513,0.00418275373045951,10.207221795456064,0.003478529051821904,0.001696765154321156,development
2023-06-07,10.212282070200894,10.21582010156862,10.171489291923486,10.179071665774739,23.695219890229673,10.207182513162513,-0.009815395348253174,-0.018295452039520654,10.209696044242786,-0.00933375310709257,-0.021290625360954607,development
2023-06-08,10.17913452913405,10.196064388687757,10.175294176515415,10.185210031837718,23.2002095579355,10.209692179643358,-0.007278515709664381,-0.017203632095975863,10.212403034824822,-0.00682899339111647,-0.02036400959598872,development
2023-06-09,10.18512352774752,10.195047934364208,10.178817948003363,10.18415917158209,23.122573896836407,10.212421172077317,-0.0026951406286483777,-0.02556685986657925,10.215306441351304,-0.0031788882299041287,-0.027968381539309917,development
2023-06-10,10.184211538049388,10.186070832711232,10.14650572620187,10.16011385673538,23.712624501639173,10.215346549348371,-0.01235612762102958,-0.04287656499196224,10.218371264197572,-0.023381961114477313,-0.03487544634771389,development
2023-06-11,10.160221815553614,10.173645957850711,10.15303878457751,10.16354793317715,23.096552570356522,10.21844654846791,-0.012466989598462203,-0.042431625692298525,10.221567367468714,-0.01631152054707234,-0.04170791374449223,development
2023-06-12,10.163321123652604,10.169227647853894,10.153280718116804,10.162094768125908,23.180963147170996,10.221698623080526,-0.014416024050245885,-0.04518783090437317,10.224867555466433,-0.01844077761114713,-0.044332009729378896,development
2023-06-13,10.162111809192945,10.180223113446482,10.155349367695718,10.162721095250678,23.37251918766899,10.225080815663969,-0.0036125575736471,-0.05874716283964432,10.22824951579373,-0.007150659521996896,-0.0583777610210543,development
2023-06-14,10.162780096790202,10.167458248309332,10.122709518074563,10.13160574099951,23.381125136995177,10.228572935411206,-0.020609810069817283,-0.076357384341879,10.231697220032578,-0.007293902182887879,-0.09279757685018097,development
2023-06-15,10.131486251722103,10.155619203077718,10.118484730874291,10.149425116410503,23.48563908406664,10.232159244689518,-0.016901351356666653,-0.06583277692234724,10.235200749708694,-0.007665034238113754,-0.07811059906007678,development
2023-06-16,10.149381664072301,10.183509378699467,10.13639755324389,10.17836788970101,23.515941886515197,10.235829967121427,-0.009291684964558374,-0.048170392455858746,10.238755506811104,-0.005661801741509908,-0.05472581536858456,development
2023-06-17,10.178414106531207,10.195014518776363,10.172540634977478,10.185302790470805,23.129334602018734,10.239578647256149,-0.011924683543808759,-0.04235117324153492,10.242358671302531,-0.009869772650854388,-0.04718610818087221,development
2023-06-18,10.185294539043934,10.191516781472123,10.17830816852865,10.17870018705591,22.981449111531482,10.243397364852894,-0.028355493268025722,-0.03634168452895992,10.246005055018845,-0.02670508501142496,-0.04059978295151012,development
2023-06-19,10.17867089312124,10.20302203176206,10.177812009062462,10.198059434397766,23.274817087201022,10.247277763623881,-0.024290971559000354,-0.024927357667113625,10.24968954279868,-0.023686657355780374,-0.027943451045134182,development
2023-06-20,10.197710588418587,10.253755924397266,10.191249285064961,10.251587929522398,23.823892179048688,10.251214197825993,-0.01674176620285194,0.017115497899256482,10.253411462875551,-0.015661606191469758,0.013838072838316506,development
2023-06-21,10.251016669863855,10.333233158408314,10.250030698313497,10.30986214293986,24.230226482552414,10.255204632740279,0.004377751382069671,0.05027975881751168,10.257175910187954,0.0029823564882367707,0.04970387626366879,development
2023-06-22,10.308817169799156,10.325350742511114,10.298200334345399,10.30602441919365,23.751134195102473,10.259246953755124,0.004726949103421654,0.04205051633510415,10.260989243997102,0.004660686344426516,0.04037448885212136,development
2023-06-23,10.30549277580638,10.354229965433822,10.303779799102557,10.331870324961804,23.90612353049478,10.263336427180787,0.005854652688316167,0.06267924509269918,10.264856092218544,0.0008235819758987367,0.06619065076736064,development
2023-06-24,10.332302527602254,10.335404649502225,10.318577739929035,10.327077256977473,23.22041577231753,10.267460810412627,0.002484015618356063,0.05713243094649023,10.268773426548444,-0.001787557876801927,0.06009138830583183,development
2023-06-25,10.326961208627157,10.343072936087076,10.319824789613314,10.32483459637789,23.26514055817799,10.271599014376692,0.004166815479880469,0.04906876652131764,10.27272835249232,0.0016981213652616511,0.050408122520307685,development
2023-06-26,10.324843182881471,10.3299320234202,10.30747637613903,10.317949760419351,23.52621322337034,10.275722461941138,0.008083982875603649,0.03414331560260919,10.276698744111709,0.007622375729818351,0.03362864057782389,development
2023-06-27,10.318055117632529,10.341961398535888,10.316810056631839,10.331632323732482,23.522303430175928,10.27979380511208,0.021657221405002633,0.03018129721539964,10.280650570585744,0.02131676607930166,0.029664987067436144,development
2023-06-28,10.331905893097034,10.332124745460273,10.306343334979784,10.311823405776268,23.402333456653288,10.28377233975628,0.013944824032603031,0.014106241987384749,10.284542908830845,0.013998488992371834,0.013282007953051789,development
2023-06-29,10.311821458372897,10.335148208302384,10.310857616064034,10.323688603356526,23.302031676634574,10.287617634117478,0.01754938527286708,0.018521583966181865,10.288331452050372,0.017436874073363622,0.01792027723279155,development
2023-06-30,10.323557276164474,10.349994256010516,10.295538943985088,10.32473584661527,23.99614890563154,10.291290351480022,0.014682120277625664,0.018763374857623916,10.291969976187426,0.014656350952251374,0.018109519475594027,development
2023-07-01,10.324558508802284,10.330103694118387,10.31985518587126,10.328430991244336,22.93006737885362,10.294754013800807,0.012193241571092073,0.021483735872436682,10.295412656459241,0.011894496170086291,0.021123838615007884,development
2023-07-02,10.328339172945263,10.3341700340602,10.31771481163383,10.329433800509205,23.077818710895794,10.297973797526788,0.016555057032786282,0.014904945949631099,10.298613940706751,0.01635893555198914,0.014460924250464302,development
2023-07-03,10.329556131558686,10.353786223015957,10.328314461052013,10.346776226767687,23.44927938497057,10.300916268431328,0.014395913380074826,0.03146404495628552,10.301530553303989,0.013605922424983733,0.03163975103871408,development
2023-07-04,10.346789892549086,10.352178077270377,10.330693130352266,10.33454184777693,23.273556621177754,10.303551525389507,0.014284965273311183,0.016705357114110697,10.304124334097555,0.013691477521961894,0.016726036157413304,development
2023-07-05,10.334578970861875,10.337777539260836,10.31644496576515,10.325946314439626,23.24752318190441,10.305854808463732,-0.00390869022962707,0.024000196205522073,10.306364748918112,-0.00321654543623892,0.02279811095775308,development
2023-07-06,10.325716374135364,10.356473852707495,10.305353744306885,10.305926014635409,23.77392273036259,10.3078028714431,0.0023526487034609715,-0.004229505511151643,10.308228347676646,0.0017834109876676758,-0.0040857440289059355,development
2023-07-07,10.305881216919857,10.323336861214672,10.301501138885607,10.32029692480139,23.31738334201186,10.309380012779448,-0.00472848995979975,0.015645401981741358,10.309705427752535,-0.005183210158614998,0.015774707207469874,development
2023-07-08,10.320450370586386,10.321356661952862,10.311621102517686,10.318656790235321,22.73941856960642,10.310580178104352,-0.002436963069853277,0.010513575200821634,10.31080029231813,-0.0028815701487823124,0.010738068065974105,development
2023-07-09,10.318626099370993,10.32310503633658,10.31180165839334,10.314644245469278,22.79054973469024,10.311407594087244,0.0031947749387466976,4.18764432872365e-05,10.311529170777206,0.0022564109547719663,0.0008586637373007022,development
2023-07-10,10.314683668004651,10.342583548382684,10.30846569309484,10.322673784005977,23.419797227611543,10.311877158820216,-0.005735251322919441,0.01653187650867949,10.311917666598418,-0.006231253616696086,0.016987371024253406,development
2023-07-11,10.322777745888613,10.33489049599688,10.320818570126093,10.329439732413075,23.220746365894875,10.312013640187681,-0.004547681293427553,0.02197377351882146,10.311998044558772,-0.004697489629644316,0.02213917748394678,development
2023-07-12,10.329482020211822,10.340450192044104,10.316551580250756,10.321923062791386,23.418275357993497,10.311851921506346,-0.007377193356833951,0.017448334641875007,10.311806259670028,-0.007560689544192379,0.017677492665550076,development
2023-07-13,10.3217862329394,10.367677930971396,10.317857942653792,10.356982180994375,23.88815335172188,10.311435456476676,0.0012520105104605803,0.044294714007238056,10.311377879412628,0.0025938087408376733,0.043010492840910075,development
2023-07-14,10.356939985163883,10.360350656700431,10.307831589812482,10.320026728185647,23.763871215906917,10.310812025631488,-0.014554898944944375,0.023769601499102677,10.310746878773138,-0.003886109536299007,0.01316595894880912,development
2023-07-15,10.319951392228356,10.322453816812638,10.31769641866661,10.318764587200556,22.804164785717415,10.310028106554384,-0.007954305281530755,0.0166907859277039,10.30995092079365,-0.002936230831387468,0.011749897238294338,development
2023-07-16,10.31881957745755,10.32343266914535,10.311937199806529,10.317222795610052,22.865278865364825,10.309126851779505,-0.00018644602741111,0.008282389857958705,10.30903078905471,0.0009310914817357593,0.007260915073606711,development
2023-07-17,10.31723913115154,10.32010360347767,10.298423530052201,10.313803830336388,23.306520175527787,10.308147549162179,-0.005009331889163149,0.010665613063371993,10.308025596665559,-0.004661936773675779,0.010440170444505625,development
2023-07-18,10.313843026953046,10.316711028193955,10.29405651965387,10.304159943903676,23.298842924867866,10.3071227081561,-0.027924052622388965,0.024961288369963697,10.306968686338115,-0.027755456718846896,0.024946714284407534,development
2023-07-19,10.30434361797353,10.315073279383792,10.302071356350925,10.306079330916639,23.218832368849338,10.306073241929868,-0.02728236122117106,0.02728845020794246,10.305882598424839,-0.02756866162373149,0.027765394115531805,development
2023-07-20,10.306123662800745,10.315449220559742,10.296815829707729,10.301995704714143,23.408061544206255,10.305003835031497,-0.014502138934644268,0.011494008617288998,10.30477363986471,-0.014711881014666438,0.011933945864099016,development
2023-07-21,10.302435178926366,10.31048475472188,10.300041458896088,10.305906162778582,23.118684392392694,10.303901657796223,0.004859437562891582,-0.0028549325805329318,10.303629901316148,0.002956410290097765,-0.0006801488276639844,development
2023-07-22,10.305904595677118,10.308673129245697,10.29769355040957,10.301317007433397,22.786743201418215,10.302742034352935,0.0033195820033598902,-0.004744608922898408,10.3024277672979,0.0025054257069406453,-0.0036161855714436086,development
2023-07-23,10.301931782860466,10.319913722450988,10.300299575117776,10.31176666628064,22.944656606603743,10.301493052249551,0.006897828017823432,0.0033757860132652695,10.301136162129673,0.0032492005260807513,0.00738130362488576,development
2023-07-24,10.311671032853692,10.312060975823545,10.272782845990289,10.281133128348827,23.457361711814332,10.300121438358609,0.0016400910202351245,-0.02062840103001662,10.299723035022446,-0.0021677253190774694,-0.016422181354540655,development
2023-07-25,10.281203547294245,10.287155491010333,10.277201677251833,10.282861583850194,23.052178575282326,10.29859673888248,0.00011100633348783443,-0.01584616136577388,10.298159401624313,-0.002103562559638265,-0.013194255214481032,development
2023-07-26,10.282805783264964,10.298078845420664,10.27897141829749,10.287217237140332,23.325774369390988,10.29689481006802,-0.0019480201457386052,-0.0077295527819494225,10.296422355351055,-0.002747102118004839,-0.006458016092718566,development
2023-07-27,10.287177248907897,10.294210080887243,10.278471169749798,10.28228999832131,23.100102676286745,10.2949999377138,0.004585633569058867,-0.017295572961549155,10.294496454759935,0.003972142239397501,-0.016178598678022738,development
2023-07-28,10.28234047890936,10.292874553483847,10.27938122735631,10.285999442504924,23.14082780561019,10.292902924575285,6.790560020667868e-05,-0.006971387670567708,10.292372345444294,-0.0003043603037408084,-0.006068542635629726,development
2023-07-29,10.286006237335956,10.288642592121588,10.284119043796622,10.287283503444478,22.592260377662083,10.29059919447805,0.004213506261803718,-0.0075291972953763775,10.29004512335085,0.003812340455036638,-0.006573960361409448,development
2023-07-30,10.287289491112322,10.290217240959436,10.27710079829881,10.284499729486365,22.884109299996343,10.2880886895688,0.020086397404548515,-0.023675357486984794,10.287514475582347,0.01983909632647002,-0.022853842422451365,development
2023-07-31,10.284602399819867,10.291802196950954,10.279578023906573,10.282954666856163,23.179153992041286,10.285376777025276,0.014896663460205605,-0.01731877362931833,10.284785400790753,0.01456877669191034,-0.016399510626499136,development
2023-08-01,10.28298072594525,10.298084900554922,10.263153838347273,10.298084900554922,23.62865714523321,10.2824756647701,0.0083357369078722,0.0072734988769500575,10.28186983001126,0.00816302308287953,0.00805204746078303,development
2023-08-02,10.299041927167139,10.30855251559694,10.273204915111364,10.28027739295112,23.67883504462023,10.2794066035756,0.009626134927629483,-0.008755345552108551,10.278789186077244,0.009305456897495084,-0.007817250023618882,development
2023-08-03,10.280615341255396,10.287923320263188,10.273653176454035,10.28119357396605,23.271175278227016,10.276197226910567,0.006149549442425095,-0.0011532023869413877,10.275571637776286,0.005959066857689375,-0.00033713066792628865,development
2023-08-04,10.281046302175207,10.2854137184286,10.271089338405654,10.277602740441559,23.211221167198556,10.27287489340226,-0.001412364354884454,0.0061402113941824155,10.272244979546702,-0.001099553345555085,0.006457314240410739,development
2023-08-05,10.277647345139306,10.278578151978037,10.2735947690202,10.276502708336553,22.610087933218924,10.269465323216194,-0.0013138294447968555,0.008351214565156084,10.2688349345932,-0.0016566398226922816,0.00932441356604663,development
2023-08-06,10.27655691157515,10.280581384284693,10.273803226549182,10.276493360492665,22.706995579996377,10.265990989572225,-0.0025059725589437164,0.013008343479382845,10.265363479327425,-0.0029003493106149808,0.014030230475855276,development
2023-08-07,10.276378285466347,10.283439320724368,10.265493185124086,10.281258634423349,23.33467030559743,10.262473188703368,0.0008706843010957066,0.01791476141888637,10.26185104495508,0.0005240066254864388,0.018883582842782687,development
2023-08-08,10.28123949137059,10.314828592825757,10.278968063881793,10.301105021315045,23.58949068843583,10.258930873254151,0.010467919650093341,0.031706228410801174,10.258315631810003,0.00924259685729728,0.03354679264774596,development
2023-08-09,10.301145440458056,10.312062338912446,10.287960552716434,10.294227919792851,23.634502904241955,10.255378211509564,0.004871943975449475,0.03397776430783672,10.254770711345927,0.003945041591094458,0.035512166855829363,development
2023-08-10,10.294311759130977,10.298517215292112,10.287199339160736,10.28975597093085,23.19688778583038,10.251824816345612,0.004421012493836396,0.03351014209140146,10.25122571989328,0.003922234673024896,0.034608016364543914,development
2023-08-11,10.289596613176496,10.29274785039551,10.28375510457475,10.288672223775297,23.045179738924034,10.248277049455988,0.0008091971727783155,0.03958597714653145,10.24768772486294,0.00032628683442448053,0.04065821207793263,development
2023-08-12,10.288742712144094,10.290962241825968,10.287306323018285,10.289292827712512,22.54690471614903,10.244737529137643,0.001478681561285352,0.04307661701358256,10.244160900063763,0.0030699255080279837,0.04206200214072098,development
2023-08-13,10.28931420737082,10.290158266969735,10.284175104646332,10.284759487030176,22.715227325597887,10.2412085994058,-0.006041143655415707,0.049592031279791726,10.240649658703264,0.0010227411101572058,0.04308708721675458,development
2023-08-14,10.284771426002926,10.297563176343075,10.279321476919938,10.28903710121152,23.363300924472004,10.237690776907629,0.0009675197493898041,0.0503788045545015,10.237155742001162,0.006253307264374451,0.045628051945982406,development
2023-08-15,10.28902368558657,10.290079718117273,10.278110339230986,10.280907981200068,23.26014771446922,10.234180244572984,0.00416922907304325,0.042558507554041114,10.233675418173847,0.009442914698546986,0.037789648327674286,development
2023-08-16,10.280864324956685,10.28267632709633,10.264714396341688,10.264714396341688,23.427928433590438,10.23067101333264,0.0010923651012115564,0.03295101790783583,10.230202328688534,0.004127074024967855,0.030384993628185697,development
2023-08-17,10.264645528204927,10.266252071767326,10.14286310246375,10.191090276089868,24.16114388845322,10.227157294143872,-0.01872391600257115,-0.017343102051432524,10.226729708221391,-0.01877396189571268,-0.01686547023581042,development
2023-08-18,10.190021896474446,10.196462914902394,10.153036273762314,10.167756027458942,23.902412258948655,10.223637665682446,-0.023760104945760297,-0.03212153327774381,10.223254410860775,-0.024135611242022112,-0.031362772159811314,development
2023-08-19,10.167689820301746,10.175400285704404,10.158223107638973,10.169545183505575,23.08708184444198,10.220118201502604,-0.01722906237804014,-0.03334395561898873,10.219780737294457,-0.017372652517974273,-0.032862901270908296,development
2023-08-20,10.16957033052395,10.175828104869481,10.166017743621651,10.173117052686782,22.924546667774315,10.216611500356265,-0.003786226247783221,-0.03970822142169972,10.216319492929465,-0.004822208493636054,-0.0383802317490467,development
2023-08-21,10.17308297099954,10.174285429675749,10.15991452960555,10.17061509418062,23.316395742887703,10.21313540079851,-0.0036693913139978678,-0.0388509153038914,10.212885886089703,-0.0038941007744948165,-0.038376691134587304,development
2023-08-22,10.170867986118662,10.171050121224184,10.147246284073212,10.167068624469975,23.397677948698178,10.209712899323836,-0.004206765279496972,-0.03843750957436498,10.209498768212441,-0.005043506169824737,-0.03738663757264149,development
2023-08-23,10.167407322346886,10.195668182786791,10.158323475016074,10.182317080208302,23.55561208671442,10.20637234249949,-0.008007332868296996,-0.016047929422891016,10.206181617682766,-0.009845426657850412,-0.014019110816613889,development
2023-08-24,10.182312498567718,10.186969949683764,10.162574366641316,10.172077514377456,23.27828388985378,10.203142073884345,-0.0011527389372957175,-0.029911820569592962,10.202959464965975,-0.003155784994171638,-0.027726165594346597,development
2023-08-25,10.172127456612035,10.175349018552698,10.15761849682053,10.16768352186906,23.24144970035998,10.200047404065197,-0.002950183441230895,-0.029413698754906292,10.199857063932692,-0.006068118774462148,-0.026105423289170204,development
2023-08-26,10.167666875710589,10.169973494669732,10.165231582775053,10.166177259810594,22.52081142044951,10.197111604829558,-0.0014104745773446136,-0.029523870441620303,10.19689967477113,-0.0059192495261495386,-0.024803165434386543,development
2023-08-27,10.16616877407511,10.172192176300694,10.164508517488368,10.169295624899574,22.656780711296296,10.194352989842418,-0.0036795263187444534,-0.021377838624099255,10.194109841042529,-0.005641161035278425,-0.019173055107676973,development
2023-08-28,10.169292630225934,10.1734604184292,10.161248917202704,10.169926212676799,23.121416092415757,10.191785548515124,-0.0017532463202182044,-0.020106089518106884,10.191507763741988,-0.003146561627587506,-0.018434989437601246,development
2023-08-29,10.169785850459503,10.243145348798773,10.162485731550763,10.230176105339213,24.10318482114107,10.189420168577959,0.02148587518595424,0.01927006157530009,10.189112018818062,0.021218814593274158,0.01984527192787766,development
2023-08-30,10.230128909019651,10.231357184056547,10.206152088865657,10.214541816083436,23.517105600015064,10.187263673821088,0.016785748570422646,0.010492393691926338,10.186936802112164,0.016306253514383504,0.011298760456888601,development
2023-08-31,10.214712663290396,10.22034284792758,10.156303673989001,10.16321267059529,23.728007476606848,10.185319573310608,0.005958804521318828,-0.02806570723663704,10.184991384018542,0.005384081575935064,-0.027162794999187057,development
2023-09-01,10.16331095636483,10.170681257230473,10.141031296791109,10.15815785617423,23.568341615177314,10.18359134739973,0.011081069025508677,-0.03651456025100863,10.183282568303463,0.011279723225041585,-0.03640443535427451,development
2023-09-02,10.158165047806852,10.164708284958467,10.156310044506041,10.160792843100962,23.03583962382013,10.182082165632096,0.008243803558539568,-0.029533126089672734,10.18181382940383,0.007693177018131402,-0.02871416332099841,development
2023-09-03,10.160818890743476,10.169198075108739,10.158789679091393,10.164680608714567,22.916317779158504,10.180796827300625,0.004534532778327246,-0.020650751364385656,10.180587250107715,0.0042028786459314006,-0.020109520039079953,development
2023-09-04,10.164626833171042,10.16898250321055,10.152572707443685,10.158610896235626,23.091698135657936,10.179743162426306,0.00258604892177992,-0.023718315112459365,10.179605201752764,0.002477079010381433,-0.023471384527519845,development
2023-09-05,10.158709332776242,10.160389811991033,10.149956471162326,10.157353594568974,23.129736962772565,10.178927365616449,0.00026521817305660573,-0.021838989220531957,10.178866973616262,1.1757467504900938e-05,-0.02152513651479282,development
2023-09-06,10.157506772235166,10.164043091090818,10.142676067413891,10.156315580912917,23.26900926863154,10.178351929187624,0.004929046546732376,-0.026965394821438338,10.178367922748759,0.00471621832002263,-0.026768560155863597,development
2023-09-07,10.156124369963855,10.181471603200881,10.150667937367047,10.175047686246788,23.129156975709545,10.178015386920208,0.014164245936354937,-0.017131946609774573,10.178100479523536,0.013079796312915077,-0.016132589589663127,development
2023-09-08,10.175238736314252,10.181649673455773,10.153369640451606,10.162216536602182,23.10441775528142,10.17791132705152,0.009281342934492608,-0.024976133383830756,10.178053618427299,0.008323452063945252,-0.02416053388906292,development
2023-09-09,10.162207715323042,10.162846403731697,10.158536437821914,10.161831350749527,22.424610714449614,10.178028807326536,0.004886126039466048,-0.021083582616475027,10.178214009236981,0.004113276800962578,-0.020495935288417755,development
2023-09-10,10.16181332479894,10.16501034229383,10.15191911847081,10.159378082916838,22.79007201861636,10.178352027206945,0.0029789282353530166,-0.021952872525458744,10.178566154348017,0.00279576708790954,-0.02198383851908936,development
2023-09-11,10.159358273355812,10.161378259009265,10.123839084990621,10.133116202070328,23.4042878086743,10.178861151487117,-0.005434120524872077,-0.04031082889191673,10.179092739405682,-0.0027858690422444274,-0.04319066829311069,development
2023-09-12,10.133036871044531,10.183084759740066,10.131940111297606,10.159421329899054,23.649502219216632,10.179533040534377,-0.005731191357512407,-0.014380519277811032,10.179774378915257,-0.002781462810663184,-0.017571586205539447,development
2023-09-13,10.15958432067864,10.18021407955581,10.157397838383757,10.174595182905398,23.29374427093101,10.180343780357282,-0.001096032432643254,-0.0046525650192403845,10.180590453154787,0.004196487548208689,-0.010191757797597845,development
2023-09-14,10.17459339552312,10.195209816785475,10.172424445649014,10.18639601805936,23.34875721552797,10.181271115370247,-0.0030000762036398393,0.00812497889275221,10.181520837058342,0.006054371195792223,-0.0011791901947741934,development
2023-09-15,10.186175362896787,10.197667147172767,10.175066964118697,10.188993259421519,23.163849212677516,10.182297687079076,-0.008210147670243355,0.01490572001268653,10.182549730919861,-0.0041999280600986295,0.010643456561755471,development
2023-09-16,10.188899521000527,10.19446803661748,10.183914267042097,10.18747334904391,22.725020315429873,10.18341286513408,-0.0112457512210782,0.01530623513090923,10.183668467219238,-0.011608069850867701,0.015412951675539688,development
2023-09-17,10.187460042863181,10.189342884387802,10.182825190075835,10.186189274857261,22.63638869079935,10.18460931461769,-0.024735208793042644,0.026315169032613994,10.184872625884895,-0.025047869678709048,0.02636451865107503,development
2023-09-18,10.18614429941431,10.218835898934746,10.181706829756184,10.194449786247013,23.471519579350105,10.18588320308927,-0.023675117192061595,0.03224170034980389,10.186160847748585,-0.023455321299340772,0.03174425979776885,development
2023-09-19,10.194695335858423,10.22153260633928,10.191729673256596,10.21138088900132,23.348491560187572,10.187236286984346,-0.015862168404856124,0.040006770421831206,10.187536401813498,-0.015996357430231253,0.039840844618053595,development
2023-09-20,10.211348230124973,10.21755005119967,10.198545432841547,10.208469409917912,23.309609059161836,10.188674072095393,-0.00907663097194707,0.02887196879446563,10.18900520035907,-0.009094796049808843,0.028559005608650878,development
2023-09-21,10.208389502207613,10.20924058653662,10.180713933504066,10.187448942199255,23.316387203457335,10.19020213722182,-0.014668897478100592,0.011915702455535637,10.190571936781394,-0.014298790438139228,0.011175795856001258,development
2023-09-22,10.187314326867336,10.193395076707233,10.184731439276169,10.187898092857726,23.082112797947715,10.191825327207551,-0.019613317722287395,0.015686083372461468,10.192239970523241,-0.01993919053377803,0.015597312868262492,development
2023-09-23,10.187860028309734,10.18995084069698,10.185674034228578,10.187891406120311,22.72538081146362,10.193551232150714,0.005424503961016819,-0.011084329991419395,10.19401655893481,0.004093623889157367,-0.010218776703657895,development
2023-09-24,10.18789074470538,10.193020108910947,10.174317832029564,10.17568127878547,22.826529818457804,10.195388673436767,0.004928920210894302,-0.024636314862190645,10.195912166156882,-0.0001097288481469276,-0.020121158523265237,development
2023-09-25,10.175565082058988,10.181933647227554,10.166292825514299,10.177266439690628,23.207991908597826,10.197348417455515,0.007929185165820217,-0.02801116293070649,10.197941565046058,0.0001701711503660332,-0.020845296505795474,development
2023-09-26,10.177124875484736,10.18073606306116,10.169334702019643,10.174172870047572,23.024399693606227,10.19944761229214,0.0035190087036261006,-0.028793750948194585,10.200125926104265,0.00010215231108124702,-0.026055208367774085,development
2023-09-27,10.173877145046696,10.196822683799144,10.170129762762146,10.179326653018945,23.184424471450665,10.20170949750413,0.00019362728933820794,-0.02257647177452249,10.20248794518162,-0.002094523772252251,-0.021066768390422652,development
2023-09-28,10.179444117878795,10.213157363189426,10.178362548496043,10.204389859320358,23.367950354769988,10.204160850911682,0.02083657978845988,-0.020607571379784417,10.205048844150348,0.020665189949002665,-0.021324174778992955,development
2023-09-29,10.204511788651237,10.211925382469989,10.19323363108608,10.200317184448902,23.064728832225423,10.206832778841996,0.017834341912923997,-0.024349936306016673,10.20783459876312,0.01688261173120427,-0.024400026045421797,development
2023-09-30,10.200316023244145,10.206986190543851,10.199471397839515,10.202403142847938,22.396837088818064,10.209758733308172,0.003941536278903436,-0.011297126739137298,10.210876776527835,0.002764052634742245,-0.011237686314638395,development
2023-10-01,10.202383877547492,10.24164544906263,10.202298484494376,10.23937926354209,22.974969912134185,10.212968139802628,0.009582544876743648,0.016828578862719823,10.214207347672362,0.010144859563227571,0.015027056306500697,development
2023-10-02,10.239130832453366,10.257464925599997,10.216390894521888,10.223060117889787,23.70859626454113,10.216484031655156,0.011022757734231182,-0.004446671499600541,10.217853748292443,0.009781974784074244,-0.0045756051867300584,development
2023-10-03,10.222241309551483,10.228002564557267,10.21156038628467,10.219391800847127,23.15756441261754,10.22032298336292,0.006074355934788993,-0.007005538450581383,10.221836899607577,0.005854349245540685,-0.008299448005990584,development
2023-10-04,10.219358832724096,10.233749768258487,10.212739273637785,10.23276951994515,23.134109221337738,10.224496572492075,0.0050001493765965774,0.003272798076476846,10.226171726701452,0.004960456416316316,0.0016373368273807642,development
2023-10-05,10.232742610723657,10.243235180985936,10.217407441671881,10.218878857757067,23.197890951681686,10.229012442674719,0.005065886906895753,-0.015199471824548283,10.23086646811101,0.0046677243629376156,-0.016655334716880077,development
2023-10-06,10.218740641605606,10.248938541745522,10.21154388041771,10.238050741656611,23.325391778331785,10.233872150221275,0.012265288299110527,-0.008086696863774279,10.235921350405267,0.010078611471453443,-0.0079492202201088,development
2023-10-07,10.23805731094992,10.240962564781194,10.235321327751823,10.238846306608531,22.60319555983761,10.239070562983738,0.01519490229396208,-0.015419158669168098,10.24132671958484,0.013096450509563186,-0.015576863485872394,development
2023-10-08,10.238947767593368,10.243602073692735,10.230654562005029,10.237638877925306,22.7922624309591,10.244597627177017,0.00947025657582316,-0.016429005827534482,10.247063868948974,0.008047945101293842,-0.017472936124962146,development
2023-10-09,10.23761678432112,10.239583672005582,10.214735841236921,10.224979490173013,23.20881133004723,10.250437116471623,0.005432156300183993,-0.030889782598794824,10.253103947217635,0.003566113981581267,-0.03169057102620343,development
2023-10-10,10.225179713185788,10.22975964626803,10.21470257640672,10.217970484273394,23.02318244058761,10.256568417962196,0.0055824919895475205,-0.04418042567835023,10.259411740928718,0.006393165911772178,-0.04783442256709591,development
2023-10-11,10.218009059676504,10.220999576023548,10.18720300371229,10.198889263383728,23.336865739600334,10.262968703315359,-0.00566211233536398,-0.058417327596266944,10.265950978875452,-0.0012316855852694763,-0.06583002990645426,development
2023-10-12,10.1988882460173,10.200678253725851,10.187098360250191,10.194543881899655,22.963220911359414,10.269611709805645,-0.011383372103642183,-0.06368445580234727,10.272684490398227,-0.006107345723975393,-0.0720332627745961,development
2023-10-13,10.194397369336972,10.20701949712157,10.19190643859908,10.198481887612811,23.442276607745576,10.276471666132341,-0.009654222904941782,-0.06833555561458837,10.279579132012344,-0.0013041531452054264,-0.07979309125432721,development
2023-10-14,10.198624386451964,10.202443337211285,10.196701269940357,10.198457020924547,22.407461769907002,10.283526288045872,-0.011577806155464236,-0.0734914609658599,10.28660921864653,0.0012984483693486049,-0.08945064609133269,development
2023-10-15,10.198319443510078,10.214245196237213,10.19682465002553,10.20948778114888,22.683107346809805,10.290757323316264,-0.019670274065818942,-0.06159926810156513,10.293756330810487,-0.013666152127399654,-0.07060239753420738,development
2023-10-16,10.209597370434693,10.290385984026308,10.208412827543235,10.258342178701293,24.049519696351854,10.298148494541579,-0.003402233772034067,-0.03640408206825185,10.301006389619417,-0.003795391032931611,-0.03886881988519164,development
2023-10-17,10.25843442231441,10.261817444542551,10.24388726473258,10.254698779268917,23.42278155668003,10.305681717110394,-0.02216630345062798,-0.02881663439084825,10.30834548691742,-0.022417351386663523,-0.031229356261839314,development
2023-10-18,10.25462076314665,10.271216516998845,10.24616378842242,10.25161805951957,23.26676591664518,10.31333634725248,-0.023609926862002785,-0.03810836087090763,10.315759521857615,-0.023161392712650556,-0.04098006962539458,development
2023-10-19,10.251761870515532,10.271336446074441,10.246296394685816,10.265342290548967,23.393825861575277,10.321094734532794,-0.01596030560902974,-0.039792138374798114,10.323239719316456,-0.015813184993958312,-0.04208424377353204,development
2023-10-20,10.265795041369273,10.312416187039329,10.261220383914573,10.298328059595393,23.792997605352816,10.32894217403907,-0.00671383308022204,-0.023900281363456344,10.33077933384254,-0.006820395151349572,-0.02563087909579842,development
2023-10-21,10.298342601171381,10.318489784687138,10.291526772963525,10.30622935949025,23.169184486241438,10.336868212730591,-0.010333551566463026,-0.020305301673879228,10.33837514867214,-0.010291762422477693,-0.021854026759413614,development
2023-10-22,10.306237454472658,10.315578447889065,10.29958601358126,10.308749189278732,23.069534749466325,10.344865515010945,-0.02312631048798906,-0.01299001524422394,10.346027513628826,-0.02374431573166262,-0.013534008618432125,development
2023-10-23,10.313631217442714,10.444952098887102,10.312208292984158,10.406872595104876,24.370374208590242,10.352932026135905,0.011599206853723374,0.04234136211524664,10.353743555439126,0.010138811371897115,0.042990228293852795,development
2023-10-24,10.406602667281192,10.46739223258236,10.40064301556844,10.431215346630914,24.528482830178703,10.361066494473611,0.009370553760275839,0.060778298397027086,10.36153274492065,0.003199574250170435,0.06648302746009449,development
2023-10-25,10.431643425376741,10.466917708226863,10.425523387825693,10.448796347794199,23.952262988304618,10.369260954535388,0.011839066621692805,0.06769632663711711,10.36939968013638,0.0021543559482616564,0.07724231170955598,development
2023-10-26,10.448838915871999,10.458317913128353,10.427100791719306,10.438712529505915,23.689939744935035,10.37749987409872,0.0062197268557677,0.054992928551426346,10.377342783018065,0.0021251149227411534,0.059244631565109174,development
2023-10-27,10.438708183636829,10.441097578306456,10.416816641616181,10.43145936013929,23.521646133063197,10.385760671178277,-0.003353844722693267,0.04905253368370488,10.38535275359781,-0.006014679568187649,0.05212128610966715,development
2023-10-28,10.431398074504095,10.445794128960404,10.430426792556524,10.436746875174219,23.041756840180803,10.394015690467713,0.007018601447747932,0.03571258325875881,10.39341186040793,0.007351971454984755,0.03598304331130464,development
2023-10-29,10.436740916443146,10.45574092485235,10.43257244882702,10.44982935739188,23.135630824571372,10.40223270696019,0.005977136315501188,0.04161951411619036,10.401491622957694,0.005062584877172687,0.04327514955701339,development
2023-10-30,10.449634243498748,10.458634329013421,10.437374390397515,10.448783101542938,23.567294618963793,10.41037411229966,-0.004250574743396323,0.0426595639866747,10.409550742463937,-0.005576297680520236,0.04480865675952117,development
2023-10-31,10.448716867654568,10.455049679776119,10.436563059270904,10.453566040380862,23.48063119524224,10.418397236384928,0.0009534679440940806,0.03421533605184024,10.417537463306864,0.0017140387834749232,0.03431453829052167,development
2023-11-01,10.453262894277985,10.478074417967504,10.439123579320778,10.475518916107372,23.83439037970638,10.426260263135351,0.005828667405576416,0.043429985566444174,10.425397587975592,0.004312577345540734,0.04580875078623947,development
2023-11-02,10.475640933355143,10.489045172462355,10.445857604523734,10.461337273034966,23.767700582491653,10.433922457346915,0.00644192779026212,0.02097288789778773,10.433077083564283,0.006655179060484742,0.021605010410198133,development
2023-11-03,10.46145834993048,10.46145834993048,10.438032869223015,10.455426066044256,23.565756991180876,10.441343801129596,0.008233418947266449,0.005848845967392435,10.44052478010553,0.008495924325928566,0.006405361612797478,development
2023-11-04,10.455541225906849,10.47039189289538,10.452091255416827,10.46544902463069,22.98098893821442,10.448489716335946,0.010782600496675013,0.006176707798069003,10.447699124898662,0.010464607635912053,0.007285292096115725,development
2023-11-05,10.465671802575494,10.472780362126263,10.451442536504379,10.46451250342062,23.24198952348603,10.455332513223855,0.02654242422013159,-0.0173624340233669,10.45457048131252,0.022632778471284174,-0.012690756363184619,development
2023-11-06,10.464382209798034,10.47124233849925,10.456376862068627,10.464170516265419,23.2643508795708,10.461854713527543,0.022167699460749837,-0.019851896722874685,10.461124906632424,0.019877275252408927,-0.016831665619413627,development
2023-11-07,10.464467922434517,10.488281353563561,10.45004173387565,10.475696921676048,23.65896875657063,10.468055654729886,0.016453529840378026,-0.00881226289421555,10.467368090311274,0.01545532274705621,-0.007126491382281941,development
2023-11-08,10.475017133136154,10.491119149026874,10.46731732856735,10.48165244686435,23.57370611336221,10.473953687497424,0.015538160998341589,-0.007839401631414944,10.473322343414651,0.01332441947013862,-0.004994316020439982,development
2023-11-09,10.481045212706343,10.543398969388582,10.47987902593202,10.510344686793989,24.354586948574305,10.479581683067902,0.021472027987713388,0.009290975738373675,10.479018155781212,0.022542494634254333,0.008784036378521876,development
2023-11-10,10.510593340065316,10.531930885759547,10.501300285522289,10.527123032844324,23.846126900715173,10.484982025720768,0.012944350267028101,0.02919665685652717,10.484487921659635,0.01575721232703667,0.026877898857652127,development
2023-11-11,10.5270185506948,10.529615637876969,10.51253732373954,10.522397350492257,23.35689935159113,10.49020241682279,-0.005492558167172685,0.037687491836640774,10.489763532894031,-0.0019541398044608006,0.03458795740268705,development
2023-11-12,10.52228806064801,10.524808156080313,10.512685495423266,10.5201456079001,23.169580296019515,10.495288822971547,-0.007240607543697355,0.03209739247224874,10.494873949797705,-0.001091495936275437,0.026363154038669734,development
2023-11-13,10.520571515425809,10.529562797305207,10.50231321482983,10.50513207091305,23.670737727499642,10.500281286204878,-0.013858475184151649,0.01870925989232397,10.499847937352582,-0.003749631713588156,0.009033765274056194,development
2023-11-14,10.504842557003629,10.51198469939418,10.461630828285998,10.478347713179705,23.89536042770324,10.505207930172277,-0.02204405667375385,-0.004816160318819485,10.50471491680336,-0.01791908165492664,-0.008448121968728017,development
2023-11-15,10.478642361530458,10.544417183558396,10.474008837356319,10.54219391228229,24.032560687767912,10.510089009318442,-0.0047717644960464005,0.03687666745989482,10.509505535227763,-0.005103439888457774,0.037791816942984724,development
2023-11-16,10.54217803172438,10.543619562393145,10.47856807578537,10.49556415609005,23.981646387209523,10.514946901711156,-0.01998828562917779,0.0006055400080722251,10.514253977822502,-0.019926896513284362,0.0012370747808319038,development
2023-11-17,10.495842218771084,10.510654216768785,10.48852695772927,10.507712902988834,23.834334975875873,10.519805738083708,-0.0246854232425776,0.012592588147702699,10.518994327295497,-0.02409090132138404,0.012809477014721793,development
2023-11-18,10.508496478418209,10.514319980135488,10.497734209464024,10.507412818212304,23.1986289852133,10.52468531950098,-0.017184697020530403,-8.780426814603004e-05,10.523754309983097,-0.016790788345815877,0.0004492965750220179,development
2023-11-19,10.507414526528429,10.532345660043742,10.502725007847328,10.529066209600881,23.281731648807522,10.529598283922052,-0.01280853199934201,0.012276457678170871,10.52855217469316,-0.012640766863264234,0.013154801770983937,development
2023-11-20,10.52873254035276,10.538921408821805,10.51549331007666,10.531481543888784,23.762450677341405,10.534548137237726,-0.007426983820727179,0.004360390471784825,10.53339383745996,-0.007497477805301098,0.005585184234126572,development
2023-11-21,10.53127347787228,10.535587194847466,10.486088922000189,10.486088922000189,23.949004608111945,10.539529250459243,-0.02271936852603067,-0.030720959933022485,10.538273840030456,-0.023820469954627776,-0.028364448075640425,development
2023-11-22,10.484488879287996,10.541570666432149,10.482092546273847,10.530290311367844,23.91773617030204,10.544526645347942,0.011266698703133113,-0.025503032683230842,10.543176906970928,0.010046894485471414,-0.02293349008855472,development
2023-11-23,10.529972186880139,10.535926678877377,10.516613322362423,10.526470311952027,23.37755993927102,10.549524679057688,0.004331569378866771,-0.027385936484527917,10.548088243978434,0.00023429103829083336,-0.02185222306469825,development
2023-11-24,10.52664984499116,10.556212133806923,10.52571873152575,10.537953192976223,23.855404770379465,10.554511972854867,0.004569681818800741,-0.021128461697443868,10.552998301831494,-0.0022056651890881664,-0.012839443666182504,development
2023-11-25,10.537983224379824,10.542506626791786,10.535222465996641,10.539979535944896,22.931493124743433,10.55948079310619,0.002081858676227044,-0.021583115837520594,10.557901031672756,-0.0012068727957495738,-0.01671462293210979,development
2023-11-26,10.539980466182117,10.54060129511578,10.523062194495296,10.531539285970677,23.343926121712922,10.564426064543186,-0.01282324914063287,-0.020063529431876503,10.562792692669339,-0.014938441679668407,-0.016314965018993988,development
2023-11-27,10.530873902842986,10.533677773164316,10.511897012389932,10.525519109360364,23.66785878957412,10.569343114259118,-0.004833872181532708,-0.03899013271722218,10.567669725453829,-0.005120868759334856,-0.037029747334131,development
2023-11-28,10.5253533214154,10.554991580423978,10.51572533311991,10.540886423004128,23.80040006390385,10.574227286034361,-0.0058487272619714556,-0.02749213576826115,10.572528321032587,-0.007309044588839516,-0.02433285343962055,development
2023-11-29,10.54075476413828,10.554929882306219,10.535095251939046,10.541610598032575,23.754777652832214,10.579074419749631,-0.01332100089256059,-0.024142820824495814,10.577364463587994,-0.015204825499759555,-0.020549040055659162,development
2023-11-30,10.54167993278014,10.54906486420091,10.532926284153236,10.537753408868632,23.62006040370859,10.583882026770484,-0.010413930416507846,-0.03571468748534379,10.582174813062563,-0.010992838201578035,-0.03342856599235411,development
2023-12-01,10.53789292013523,10.570139549713202,10.535539859259737,10.563304139082696,23.880810110309756,10.588647758451875,-0.003377114777061721,-0.02196650459211824,10.586954923062569,-0.00573143385351266,-0.01791935012636081,development
2023-12-02,10.563317769308695,10.588575784326597,10.56236916043141,10.58345658218975,23.466299299525247,10.59337121605608,0.004681932234590443,-0.014596566100918196,10.591700899875846,0.004701040894386265,-0.01294535858048107,development
2023-12-03,10.583352083739168,10.600019136287193,10.57893308073559,10.596094352866974,23.48135598110944,10.598052776981469,0.009722050293616634,-0.011680474408111152,10.596408898192598,0.009255888671825852,-0.009570433997449612,development
2023-12-04,10.596100313069126,10.654237145576259,10.596100313069126,10.644950919717797,24.408542052887668,10.602694242651554,0.00878586877985927,0.03347080828638305,10.601076194609648,0.006940862588265525,0.03693386251988251,development
2023-12-05,10.645097834976943,10.701189865870155,10.631546861267273,10.693776154244913,24.315418357874734,10.607302484875044,0.02784379674679609,0.058629872623074064,10.605705382761002,0.020871241599996506,0.06719952988391498,development
2023-12-06,10.69376197558709,10.697966960509424,10.680012228716665,10.686165638427653,24.12145073854346,10.61188415207743,0.0205990749588688,0.05368241139135499,10.61030027143251,0.02153266099043029,0.054332706004711184,development
2023-12-07,10.686684117560068,10.692912395647088,10.666175917831836,10.675738478390068,24.042376447526777,10.616436755754284,0.01565095487540414,0.04365076776037924,10.61485796389953,0.020250937403316068,0.04062957708722159,development
2023-12-08,10.675749396115508,10.707852165159496,10.671865038483878,10.69572416162601,23.918714033002786,10.620949216392976,0.018456922509221974,0.056318022723813144,10.619370577846876,0.022348846436513622,0.05400473734262157,development
2023-12-09,10.69602791902924,10.700121795661056,10.683445202946881,10.685697812612235,23.577907370554666,10.625403712471762,0.03825464355395914,0.02203945658651385,10.623823343918747,0.05263808432834525,0.009236384365141959,development
2023-12-10,10.685752662474572,10.69273153525008,10.682658407384611,10.68692550079286,23.28825222595304,10.629776934726376,0.03476410966429346,0.022384456402191333,10.628195009208396,0.04371176252296926,0.01501872906149515,development
2023-12-11,10.687206877252228,10.687580288131889,10.602482057375518,10.627256854037164,24.427838309957128,10.634044585756396,0.01884458221945962,-0.02563231393869181,10.632462387263855,0.01846332634370937,-0.023668859570401324,development
2023-12-12,10.627133248523215,10.646574348060419,10.613186063493181,10.632248532322233,23.933283347867086,10.638188080075256,0.016161604395119322,-0.022101152148142234,10.636606434009092,0.017780340873419107,-0.022138242560277632,development
2023-12-13,10.632688533987583,10.67890068867529,10.613414836135044,10.66641128186109,24.011588791310768,10.642194478388014,-0.0008185425444070549,0.02503534601748214,10.640614232994997,0.0025447072259119677,0.02325234164018042,development
2023-12-14,10.666260177932976,10.678004084542332,10.639863984008299,10.669512743049166,23.96501917167297,10.646054700598263,-0.006177285503531803,0.029635327954434132,10.644478463879514,-0.006459034031736068,0.03149331320138771,development
2023-12-15,10.669612155705138,10.670995735484945,10.638087778461854,10.643751064092797,23.700805751638832,10.649756408426853,-0.002904876013345701,-0.0031004683207100925,10.648188433430215,-0.004190297999735991,-0.00024707133768231415,development
2023-12-16,10.643941468719717,10.661132909122916,10.638810529532837,10.651125692760765,23.38957206245385,10.653281267386214,-0.008476700497664847,0.0063211258722155605,10.651726972915489,-0.009329645791635614,0.008728365636912372,development
2023-12-17,10.651030806656928,10.653947903752234,10.628001195922664,10.630182270232668,23.53739846568528,10.656604886012857,-0.011467445120219353,-0.014955170659970207,10.655071006398972,-0.012182317839599194,-0.012706418326704494,development
2023-12-18,10.62978424436858,10.662429423048131,10.609804080569308,10.660161939746242,23.95108721117259,10.65970041255833,-0.007471322022761868,0.00793284921067361,10.658195198012303,-0.007951166768823988,0.009917908502764305,development
2023-12-19,10.660583511306966,10.677161097942466,10.641281466528419,10.651845368997567,23.8661673890448,10.662544014199872,-0.014905539763586564,0.004206894561281871,10.66107612929308,-0.015252330876921353,0.006021570581406621,development
2023-12-20,10.651627071103345,10.69818869666849,10.650739710732516,10.684010106331032,24.050777502036,10.665121063710858,-0.005103456939648709,0.023992499559822633,10.66369837562192,-0.005957302004331943,0.026269032713443607,development
2023-12-21,10.683915605018681,10.697399734861616,10.67660168666957,10.688966671885598,23.834679658243697,10.667424918766358,-0.0194054147518624,0.04094716787110286,10.666053664048615,-0.02166221667586421,0.044575224512847456,development
2023-12-22,10.688962932120912,10.700272799364287,10.679181274713443,10.691897237673043,23.76914465042382,10.66945132970794,-0.0011826561046879595,0.02362856406979219,10.668136137814123,-0.002244881998875195,0.02600598185779468,development
2023-12-23,10.692222129472334,10.692301649716798,10.677093249770602,10.686007845387875,23.32653287857752,10.671199119823902,-0.019209516691585347,0.03401824225555927,10.669942955252152,-0.02019779328838379,0.03626268342410732,development
2023-12-24,10.685752305269439,10.69070604218051,10.663987679941364,10.669330142820934,23.658746604886208,10.672671427272633,-0.022215415805470977,0.018874131353772583,10.671476016015228,-0.024692049385858488,0.022546176191564626,development
2023-12-25,10.6692012765373,10.686591832286945,10.66349328424092,10.683113774524434,23.77328719315236,10.673875748357617,-0.02248500849003595,0.031723034656854665,10.67274257963124,-0.02465875745882997,0.03502995235202455,development
2023-12-26,10.682808935294323,10.68288526567532,10.637692418559036,10.657739294781765,24.125357851072245,10.67482273013785,-0.03606352977869988,0.018980094422614613,10.673754068083529,-0.03784968702604636,0.021834913724282146,development
2023-12-27,10.657693819342697,10.684717955787145,10.649407006467326,10.679201686103072,23.9525252070545,10.675527823480198,-0.022938831195649212,0.026612693818522715,10.674525909233521,-0.023345621522821512,0.028021398392372276,development
2023-12-28,10.67978489731386,10.687498251365819,10.652980821616907,10.66026320284059,23.858416211812475,10.676009519179917,-0.020192826306702896,0.004446509967374723,10.675076420714774,-0.022273426177350047,0.007460208303164961,development
2023-12-29,10.659953241492534,10.671842483950012,10.631617210777357,10.647788823370181,23.98136318481372,10.676289642145267,-0.023801455799252424,-0.004699362975832955,10.675426914222957,-0.026244639917754945,-0.0013934509350210789,development
2023-12-30,10.647607131364472,10.659236810223074,10.634802646095862,10.649153706606986,23.496724552257447,10.67639540277699,-0.01152250233371589,-0.01571919383628817,10.675603263917921,-0.015456820922988668,-0.010992736387946067,development
2023-12-31,10.64903972873973,10.66571614233011,10.645383322829872,10.651719035647995,23.52039464862111,10.676354909401702,-0.010367971808332578,-0.014267901945375527,10.675633022382748,-0.013775972259696394,-0.010138014475057133,development
2024-01-01,10.652074983488204,10.695924200930593,10.650530331850574,10.69574070045702,23.637081647493275,10.676193438929694,0.001577549668630123,0.017969711858695447,10.675541617597467,0.002282266707440774,0.017916816152110826,development
2024-01-02,10.696189089762859,10.734214013239596,10.695958421171975,10.713483304498926,24.39538752416176,10.675930566691603,0.007363388084409136,0.03018934972291376,10.675348583677248,0.00700164592117424,0.031133074900502322,development
2024-01-03,10.71356410581925,10.725538859323464,10.616769049494987,10.665418350890999,24.559321486739822,10.675576428817157,0.005299815510627798,-0.015457893436785497,10.67506269066868,0.0003457705222627683,-0.009990110299943566,development
2024-01-04,10.665596653670717,10.709294074799761,10.661372666693408,10.69602570875163,24.139289143127616,10.675133682868873,0.02893913510395364,-0.008047109221196891,10.674683927781194,0.0052753478989848775,0.01606643307145106,development
2024-01-05,10.696321242557758,10.69994205850062,10.663936279265048,10.695635625878218,24.199447905202515,10.674605436875794,0.013229640205759691,0.007800548796664586,10.674212452793439,0.020057254229908984,0.0013659188548693635,development
2024-01-06,10.696003781129761,10.697105049421083,10.679944933235577,10.691699321608962,23.501619377457278,10.673997909394604,0.010260804021297525,0.0074406081930593615,10.673653191884538,0.023057132203540515,-0.0050110024791170105,development
2024-01-07,10.691910022291728,10.703144919604034,10.684238716064256,10.690650840950356,23.684953817465242,10.673317790299036,0.01511524297497077,0.0022178076763488264,10.673016141856715,0.028613517614428718,-0.010978818520788636,development
2024-01-08,10.690778483567945,10.762530454808159,10.674615671321417,10.757275107300728,24.478545952712587,10.672576392598728,0.0394519536128992,0.04524676108910164,10.672315360923347,0.06706382426211946,0.017895922115261698,development
2024-01-09,10.757639880791604,10.776739234454547,10.719841143190502,10.739429690141545,24.407667555775152,10.671788734426155,0.037855134680938825,0.029785821034451487,10.67156526018977,0.05084698239466118,0.017017447557114096,development
2024-01-10,10.739035344598102,10.771579621129703,10.702865797366474,10.749951722785978,24.637578485120898,10.670972071674312,0.03169872385139853,0.04728092726026745,10.67078013422584,0.028462068524783116,0.05070952003535467,development
2024-01-11,10.750558406159247,10.79895030185302,10.729386170728514,10.744377481772796,24.548286219164794,10.670140352403234,0.03450381838212249,0.03973331098744026,10.669970392034905,0.03193630005541037,0.04247078968248097,development
2024-01-12,10.744079973846231,10.747167520234967,10.643131066780096,10.665534852915055,24.492173357880553,10.669305057055436,0.01657505057746885,-0.020345254717849315,10.66914447320372,0.01188316596422863,-0.015492786252893964,development
2024-01-13,10.664280421439177,10.67439777106527,10.656415340715064,10.665283144163347,23.748647222741546,10.668484225469296,0.02105829532121977,-0.02425937662716926,10.668321342486468,0.013381384835948596,-0.016419583159070328,development
2024-01-14,10.6652803177526,10.670479759218232,10.63884648018271,10.640562368836434,23.586690512904603,10.667705252348563,0.005809192569245887,-0.03295207608137396,10.66753411527165,-0.0010284671352438408,-0.025943279299971422,development
2024-01-15,10.638617647328195,10.676363298970703,10.638386326685197,10.657540932912761,23.828758856086324,10.667003024894381,0.011087942877580288,-0.02055003485920004,10.666831094282799,0.009893124073176393,-0.019183285443213904,development
2024-01-16,10.657243729849261,10.68203858504272,10.64747032989356,10.672552297360637,23.903935939409504,10.6664190419863,0.0011838720973928669,0.004949383276944275,10.66627771624141,-0.00013052603976385546,0.00640510715899012,development
2024-01-17,10.672022814631482,10.673361733652397,10.649922116977462,10.662952584504971,23.76067890075801,10.665996899067105,0.007217514028710755,-0.010261828590843791,10.665950383316106,0.006351282396032646,-0.009349081207167487,development
2024-01-18,10.662944633633128,10.666075616277464,10.612290831292878,10.627698678497444,23.950838028287922,10.665781669116253,-0.011149346404916228,-0.02693364421389255,10.665930560679104,-0.011574050074398278,-0.026657832107263246,development
2024-01-19,10.628096116030168,10.648614095884868,10.604043644951267,10.6362978063264,23.971793941434584,10.665817415947593,-0.011240134234562306,-0.018279475386631105,10.666297247592272,-0.011768792481972035,-0.01823064878390035,development
2024-01-20,10.636446373540503,10.642513389842954,10.632166540499128,10.637430789839946,23.173122940589302,10.66614512736635,-0.011239661311306028,-0.01747467621509813,10.667120450829097,-0.013213297937355246,-0.016476363051795673,development
2024-01-21,10.637572439641433,10.641975315962139,10.633376602655535,10.634551354945652,22.95800493371915,10.666803757007505,-0.01265733770409293,-0.019595064357760705,10.668455153627583,-0.0133914363598534,-0.020512362322078204,development
2024-01-22,10.634740698706816,10.637085627487192,10.582792296865298,10.584242444637413,24.168119852348237,10.667828454148257,-0.038464317226810894,-0.04512169228403273,10.67033495708965,-0.03753057905399141,-0.04856193339824699,development
2024-01-23,10.584529632102273,10.599813464571758,10.558982047724424,10.592766028800686,24.098959172633485,10.669247408665932,-0.045974593858736985,-0.03050678600650869,10.67276829784958,-0.0463404648811721,-0.03366180416772124,development
2024-01-24,10.593569884993624,10.608656806506843,10.584278631916737,10.598559734591232,23.83051829444528,10.671083033659436,-0.04322551549268347,-0.029297783575520597,10.675742674368223,-0.04348159728124746,-0.03370134249574264,development
2024-01-25,10.598521721113816,10.602976592676384,10.585211335327381,10.594978577176644,23.640592254878314,10.673354594441244,-0.04801217115497251,-0.030363846109628057,10.679230948059683,-0.05018893913986815,-0.034063431743170725,development
2024-01-26,10.595053894478879,10.650397909412524,10.592267495832818,10.641055151675689,23.965784744094332,10.676076171886093,-0.03360231347949957,-0.0014187067309041623,10.68319278634801,-0.032608761002825525,-0.009528873669497173,development
2024-01-27,10.641025352493354,10.650072006754167,10.631791460250994,10.648279264680117,23.15888962051976,10.679255784256421,-0.026687160721259325,-0.004289358855045222,10.687576822202569,-0.028607242579320864,-0.01069031494313144,development
2024-01-28,10.648423373529512,10.664227392944088,10.63818230815909,10.646272008603455,23.548148796438255,10.68289435440462,-0.021283723450451472,-0.015338622350713038,10.692329599226868,-0.02335479574628753,-0.022702794877124788,development
2024-01-29,10.646160675561873,10.676043405734948,10.641090087682194,10.675636424253742,23.75187550589203,10.686985035398324,0.004666071733297351,-0.016014682877878883,10.697401370990855,0.00028303989458434097,-0.022047986631697825,development
2024-01-30,10.675913146309457,10.688277863622652,10.662220465638201,10.667852679466842,23.89474873085807,10.691517194088046,-0.00458628087999782,-0.01907823374120632,10.702758975558995,-0.006573612504432996,-0.028332683587720453,development
2024-01-31,10.667704612774047,10.685501614135353,10.652517431153782,10.659201126570743,23.92900085006329,10.69648104837805,0.00934177151295773,-0.04662169332026522,10.708387020463716,0.011921515862362732,-0.06110740975533702,development
2024-02-01,10.658899461437494,10.67459453387052,10.642544357491495,10.670716016893664,23.787775468499323,10.701875896836185,0.01003224736979797,-0.04119212731231947,10.714286730284565,0.011158690740897781,-0.054729404131798276,development
2024-02-02,10.670759362593204,10.678732749021977,10.659241763699928,10.67326839148165,23.64663401137738,10.707708418803017,-0.0027216559372645367,-0.03171837138410183,10.720472206978226,-0.008635885008884705,-0.038567930487690916,development
2024-02-03,10.673247677542467,10.677291284867227,10.666412829979521,10.66877514587372,23.136429877198424,10.713984305490449,0.025277548576737884,-0.07048670819346725,10.726960582868236,-0.015673935103663744,-0.04251150189085173,development
2024-02-04,10.668837746127473,10.671223623322302,10.65430988078109,10.659224059615621,23.418043377425406,10.7207047815146,0.0034576675647950516,-0.06493838946377473,10.733768113391925,0.015468457063067476,-0.09001251083937056,development
2024-02-05,10.659084067699318,10.680384024431667,10.651710255570322,10.660985767205926,23.652617216863074,10.727870866593513,0.005635596280778249,-0.07252069566836461,10.740904340386487,0.0224016817820578,-0.10232025496261876,development
2024-02-06,10.660955823487917,10.676926989014472,10.657941934372724,10.670922572001373,23.544554048232854,10.73548334377821,0.010533518817361724,-0.07509429059419759,10.748366363540978,0.029608385018902762,-0.10705217655850774,development
2024-02-07,10.671046683847191,10.699686442961838,10.66373147209281,10.699151218180218,23.773798168359285,10.743534385048738,0.03621557164694028,-0.08059873851546051,10.756150358535928,0.06632015440155009,-0.12331929475726078,development
2024-02-08,10.699464862525241,10.727133027023813,10.699464862525241,10.721096889460496,23.987288017503264,10.7520137469515,0.037643425542638304,-0.06856028303364248,10.76425410715157,0.05493131265553819,-0.09808853034661347,development
2024-02-09,10.721004535188422,10.782128255758021,10.720197129803863,10.761029884812642,24.394917003852935,10.760910756218857,0.03985425041472091,-0.03973512182093586,10.77267625864468,0.037889375963026814,-0.0495357497950657,development
2024-02-10,10.76116409629203,10.781996910015813,10.755886387446232,10.774179845402694,23.520466776532757,10.770217137235395,0.051679554386999796,-0.047716846219701736,10.781415407822522,0.048506971090242115,-0.0557425335100703,development
2024-02-11,10.774131518334366,10.790059781917332,10.77095365089679,10.78506090976566,23.684192726543078,10.779926447131961,0.03059706288582536,-0.02546260025212632,10.790471249038871,0.02496650192201637,-0.030376841195227655,development
2024-02-12,10.785112027732593,10.82537214078178,10.773645582178917,10.81894238834649,24.26457251531589,10.79002889100799,0.03772194947132702,-0.008808452132827327,10.799842576681247,0.021447660744919533,-0.002347849079676223,development
2024-02-13,10.818604783727617,10.826920530340251,10.787389300434,10.814613799586699,24.29541627229857,10.800511077663588,0.012078712452634408,0.002024009470476429,10.809526660306556,-0.001128341645491925,0.006215480925634509,development
2024-02-14,10.814432929622708,10.859409895633389,10.805615098939713,10.855660648973483,24.389531722067183,10.8113542630212,0.02033065631365025,0.023975729638634036,10.819516080427293,0.019275628707352246,0.016868939838838415,development
2024-02-15,10.855855314442675,10.87464644313924,10.846841332322024,10.857816658298962,24.375594384683165,10.822536225458544,-0.0007578210588772883,0.036038253899295825,10.829800096348928,-0.0013272922901869085,0.02934385424022068,development
2024-02-16,10.857800713754354,10.869291401472,10.852078320016773,10.862075090956449,24.061898474477623,10.83403233000891,0.009116261711057111,0.01892649923648193,10.840370475337126,0.008994626519767686,0.01270998909955523,development
2024-02-17,10.862103323768501,10.862682858806878,10.833082745655906,10.852497061290215,23.719452557573685,10.845809064730094,-0.015004139306264165,0.021692135866384632,10.851214602919264,-0.013393007933474924,0.014675466304426621,development
2024-02-18,10.852477175679772,10.865840251193179,10.84415293484629,10.861352895739444,23.590902051763976,10.857820019535538,-0.03002990482235344,0.03356278102625865,10.862304829458937,-0.028947182695880307,0.027995248976386833,development
2024-02-19,10.861588190784888,10.86825076421862,10.853441667052639,10.854742731925327,23.784888109246186,10.870012905220895,-0.011115162714232029,-0.004155010581335716,10.873602773455264,-0.01191585156006414,-0.006944189969873449,development
2024-02-20,10.854715346586525,10.877009876972604,10.835500293375066,10.86446241128679,24.230436294323166,10.882331337126077,-0.020475038372190234,0.002606112532902216,10.885060070652754,-0.02067062372893506,7.296436296932995e-05,development
2024-02-21,10.864245502096468,10.86606658648348,10.83312398920432,10.855901507019784,24.077543050640866,10.894711336190383,-0.047469222490932335,0.008659393320332498,10.896613677151993,-0.04649687393094552,0.00578470379873508,development
2024-02-22,10.856199785923682,10.8591838512463,10.838134630463415,10.845542959404636,23.958562129463257,10.907086099167703,-0.05000657184151355,-0.011536567921552887,10.90818420636373,-0.05093575743945246,-0.011705489519641787,development
2024-02-23,10.845132263615387,10.8492969613808,10.830951181288327,10.834311153240671,23.787921298872874,10.91938439546179,-0.042712160207492356,-0.04236108201362754,10.919676357664716,-0.04228336725851051,-0.043081837165534154,development
2024-02-24,10.8343983108873,10.85290731376075,10.831419171803773,10.850716747297772,23.44285440631255,10.93153146357094,-0.03859687075644047,-0.042217845516725916,10.930986321259812,-0.04102856435172473,-0.03924100961031485,development
2024-02-25,10.850602593133422,10.8580375228025,10.845566333473904,10.853855760690324,23.458492668341787,10.943453672899512,-0.02734407472103269,-0.062253837488155384,10.94201498260665,-0.02497409380681345,-0.06318512810951304,development
2024-02-26,10.853803583588926,10.91396375523925,10.838227668053785,10.906366948302653,24.2518125553045,10.955089848737,-0.019410567510798057,-0.029312332923549178,10.952689799822878,-0.02131881846691456,-0.025004033053310337,development
2024-02-27,10.906311207092235,10.960198094516917,10.905666016046855,10.952303164746214,24.63041361839887,10.966396857381016,-0.007783192802497532,-0.0063104998323044725,10.962978068735325,-0.010243856429328072,-0.0004310475597826269,development
2024-02-28,10.952053096918597,11.065280140532275,10.946206963529598,11.04299845774895,25.144983708206695,10.97734601227803,0.01836471156114481,0.047287733909776364,10.972878757256106,0.013041549082520823,0.05707815141032313,development
2024-02-29,11.042908773079176,11.060143008913656,11.010377659831825,11.021876043478077,24.90526425069245,10.987919585994185,0.006848828817580735,0.027107628666311,10.982411698128608,0.004697108477573965,0.03476723687189498,development
2024-03-01,11.021380477711764,11.05334890931382,11.015386635182434,11.041971509267315,24.41679368113569,10.998108302416732,0.01185839607606195,0.03200481077452011,10.991607668746076,0.014990679017349382,0.03537316150388925,development
2024-03-02,11.041827674788676,11.042260804811692,11.029346734531346,11.035370962055715,23.896661907000762,11.007906169271473,0.000823109110560932,0.026641683673680916,11.000495114776646,0.00789260082084598,0.02698324645822403,development
2024-03-03,11.035398859042859,11.054537487121742,11.025735365843065,11.053543166594908,23.991077013577147,11.017313188143229,-0.016698807053783887,0.05292878550546298,11.00910058669712,-0.02275094735692981,0.06719352725471772,development
2024-03-04,11.053062309449855,11.135129480367377,11.041104497845915,11.132110247466693,24.981293657906846,11.02634063032827,0.012118445656279895,0.09365117148214352,11.017452820654695,-0.02817682273368601,0.14283424954568424,development
2024-03-05,11.132265958532344,11.14433155726293,10.990767710465184,11.063527265707952,25.356080372430768,11.035004424153952,-0.0027519384868919827,0.031274780040892125,11.025573949973392,0.007139257901413445,0.0308140578331475,development
2024-03-06,11.063133019236489,11.121924194767626,11.048485082211984,11.099026965927044,24.953745905472996,11.043316415929912,0.0012815920256589596,0.054428957971472514,11.033472343387828,0.014408081316136486,0.051146541223078046,development
2024-03-07,11.098920125529599,11.127702915021528,11.092177129799476,11.111335106016451,24.57319092794535,11.051283330945084,0.005949675891800944,0.05410209917956621,11.041146056939237,0.02213268947761024,0.04805635959960419,development
2024-03-08,11.111523497365518,11.157436313273331,11.10089565321917,11.13166641817873,24.804236046114937,11.058910273266887,0.022192626849788056,0.05056351806205406,11.048586261180967,0.0514282478405152,0.03165190915724736,development
2024-03-09,11.131654178881977,11.137112184242655,11.128043929141315,11.134572714774253,23.796405828713322,11.066197733038313,0.029355896530421387,0.039019085205517,11.05578305649767,0.04572711267717519,0.03306254559940669,development
2024-03-10,11.134592787892869,11.156324848697698,11.13078583867195,11.142148540431734,24.29796761638784,11.073142358352653,0.03284074167712679,0.036165440401953575,11.06272926937733,0.03215281621451112,0.04726645483989245,development
2024-03-11,11.142159520121039,11.196167570532493,11.11535237495107,11.186140839050703,24.908618257945065,11.079739902309072,0.046062640037299624,0.060338296704331995,11.069417700811943,0.04640069150845445,0.07032244673030519,development
2024-03-12,11.186157736911152,11.195823593115561,11.1379243545333,11.17719100296638,24.85930296696586,11.085984518155625,0.03259335747670897,0.058613127334046666,11.075841050640706,0.02962388648205906,0.07172606584361496,development
2024-03-13,11.1772025881688,11.206909367513816,11.17512966532579,11.19935790206543,24.59888492646439,11.091864185938832,0.034124887134274674,0.073368828992324,11.081984129883319,0.013759041051601039,0.10361473113050934,development
2024-03-14,11.19930145818389,11.208437227557544,11.135508651482517,11.176005440607048,24.81083089851554,11.09736221028983,0.0091262162786486,0.0695170140385688,11.087824398782598,-0.00793172696974962,0.09611276879419961,development
2024-03-15,11.175883315979808,11.189369314760665,11.091798781804457,11.147696517351068,25.08407463158956,11.102457132682895,0.014830253363696111,0.0304091313044772,11.093332581504743,0.014095478691918165,0.040268457154407855,development
2024-03-16,11.14753384639434,11.15691135177761,11.079082402633494,11.086978792147026,24.570050308221035,11.107121858190995,-0.0061217131154877,-0.0140213529284825,11.098472163593629,-0.006292553252976106,-0.005200818193626944,development
2024-03-17,11.086997571084217,11.139623319943084,11.075122836090078,11.13299103281336,24.523616545244526,11.111326837182853,0.003461367697341933,0.0182028279331643,11.103203420116376,0.0035930279751934147,0.026194584721789482,development
2024-03-18,11.132708493510613,11.140369842347773,11.106373164482545,11.120602525258992,24.620410293538068,11.115046582680426,-0.017411798093567434,0.02296774067213292,11.107487657049372,-0.01380213861623807,0.02691700682585818,development
2024-03-19,11.120714128460445,11.128834244523063,11.027380568463546,11.033481793442363,25.03024350603455,11.118260463659123,-0.03391679735641297,-0.050861872860346935,11.111290150501636,-0.03186583610501878,-0.04594252095425588,development
2024-03-20,11.033762516938774,11.128956517115556,11.015473105151884,11.12599264644438,24.924858647681976,11.120955991035315,-0.012192217162357934,0.017228872571424247,11.114588460562414,-0.012157289169259303,0.023561475051225855,development
2024-03-21,11.125961931391325,11.130199729315418,11.075674258673924,11.08967397222089,24.518313368287536,11.123128444651908,-0.011858739600003335,-0.021595732831015013,11.11737229681347,-0.012651685533929456,-0.015046639058649447,development
2024-03-22,11.0896516646125,11.106816399566064,11.040605091584032,11.063175525511983,24.44657369724465,11.124787228464722,-0.032298730450179274,-0.029312972502559376,11.119644235386252,-0.03207617910216087,-0.02439253077210779,development
2024-03-23,11.063551143343963,11.097052357660713,11.051500805939876,11.067609814235835,23.931645360391833,11.12595845447415,-0.030272783585801696,-0.028075856652511888,11.12142192554557,-0.030927049878290282,-0.022885061431445308,development
2024-03-24,11.06774328153746,11.121699859369897,11.063913584128004,11.115936907382832,24.02672655531953,11.126683519166386,-0.025460942681931917,0.014714330898376815,11.122735639027669,-0.0249803796467869,0.018181648001949213,development
2024-03-25,11.115935745324265,11.172722590665812,11.103675743338453,11.155661955003344,24.477468024716636,11.127015120563279,-0.02099839943952686,0.049645233879592965,11.1236260661294,-0.02406019516153536,0.056096084035479166,development
2024-03-26,11.155269012795554,11.177952494547563,11.146713897072685,11.156076733645628,24.3070746602985,11.12701277187561,-0.016819260743460927,0.04588322251347954,11.124141451866242,-0.015190467332535028,0.04712574911192213,development
2024-03-27,11.156134777762073,11.180632109649169,11.132863882888708,11.148439289066957,24.43261223955809,11.126731516906107,-0.01199894186326761,0.03370671402411851,11.12433316660737,-0.013067605176533374,0.037173727636121257,development
2024-03-28,11.148402281726389,11.178096206081628,11.140346256182463,11.166836479109513,24.26059250181624,11.12621588033479,0.0016586904669838027,0.038961908307738824,11.124243795982638,4.362681387476723e-05,0.04254905631299977,development
2024-03-29,11.166834270468959,11.169210374594657,11.142972127064782,11.154718321098171,23.951333358997815,11.125501677062744,0.018483145364380865,0.010733498671045894,11.123905252530214,0.016032687208974137,0.014780381358983519,development
2024-03-30,11.15472715143587,11.161316129004865,11.150535112010587,11.151170564013848,23.564111269673113,11.124620405075042,0.010168818257163733,0.016381340681641987,11.123349764801894,0.0097759396966031,0.018044859515351064,development
2024-03-31,11.151206122993441,11.175741912924172,11.150877069723277,11.1751234227093,23.721541940918506,11.123597302051177,0.006373286736278352,0.04515283392184344,11.122605621163812,0.010776286918247115,0.041741514627240406,development
2024-04-01,11.175121122810273,11.175241807374839,11.12888953281635,11.151986420376863,24.274993849759102,11.122450292599881,-0.015221029702025594,0.044757157479008214,11.121692225844956,-0.001048860943679507,0.03134305547558647,development
2024-04-02,11.15202766646143,11.152075859387649,11.075762141144184,11.088995516028408,24.649295109262685,11.121188870889675,-0.027051322442512456,-0.005142032418754994,11.120616875686554,-0.029064737645709247,-0.002556622012436449,development
2024-04-03,11.088990920236137,11.111168278665623,11.075348729832308,11.09711925904443,24.263877806982148,11.119812910832433,0.008168419602445917,-0.03086207139044994,11.119382358682673,-0.030351384847124532,0.008088285208881274,development
2024-04-04,11.097041700308033,11.146074027292574,11.083891739382452,11.134718121756292,24.262470795244557,11.118319450753052,0.0033824273627124646,0.013016243640526781,11.117998696508469,0.008689849885409271,0.00802957536241422,development
2024-04-05,11.134819038816836,11.13787933967327,11.09758389316465,11.124872491411708,24.242193810134225,11.116704306691894,0.010358285999409876,-0.002190101279595069,11.116473976066041,0.0157848553214325,-0.007386339975766987,development
2024-04-06,11.124915677122665,11.150945065674062,11.119760184148992,11.14035498777314,23.717386102413236,11.1149671465108,0.013682196096373604,0.011705645165966061,11.114819281175766,0.020214635697854044,0.005321070899519498,development
2024-04-07,11.140369502275508,11.160305569483818,11.139709219344002,11.147102443100236,23.77749955620806,11.113112722445532,0.0173951715504371,0.016594549104267386,11.113048974354506,0.028813782152404686,0.005239686593325743,development
2024-04-08,11.147102443100236,11.194307911908611,11.142792396656574,11.179288237231017,24.34122465199793,11.111147822167998,0.020446575933965455,0.04769383912905312,11.111174987545995,0.03012992297064299,0.03798332671437876,development
2024-04-09,11.179304160577002,11.180838707403089,11.13038929626554,11.143874476029746,24.318573360899375,11.109075373959126,0.021573580503993064,0.013225521566626597,11.10920221407593,0.02085362686673845,0.013818635087076814,development
2024-04-10,11.143892216362161,11.171750202097972,11.119935653245701,11.164613777164545,24.369201301257057,11.106890667242602,0.02906766009302186,0.02865544982892132,11.107126857013693,0.035449307502057076,0.02203761264879489,development
2024-04-11,11.164441658735281,11.174037594373164,11.15011477147468,11.157115994686816,24.12956295754,11.104585297720039,0.023391151473683654,0.029139545493093166,11.104940283733107,0.026442314663405762,0.02573339629030258,development
2024-04-12,11.1571270340674,11.173567459179564,11.08605543646162,11.11536702447122,24.510389784439035,11.102152127193039,0.01798399570073063,-0.004769098422547913,11.102634207851414,0.003366990750112966,0.009365825869693367,development
2024-04-13,11.11525552047513,11.126254088482348,11.017302123217773,11.063844974777538,24.69109695514822,11.099586683393708,0.0021305709614319046,-0.037872279577602086,11.100203149040109,-0.012482696812239001,-0.023875477450332028,development
2024-04-14,11.06407618385782,11.094746320293556,11.038204350829684,11.09344347617571,24.61680547345344,11.096892781552743,-0.0021746704150388775,-0.0012746349619945363,11.097650441226842,-0.0017179838997087768,-0.00248898115142282,development
2024-04-15,11.093457499470416,11.110635038822327,11.040231344556911,11.057632476756647,24.49822935115162,11.094084670582843,-0.011821511698626452,-0.02463068212757058,11.094990634823965,-0.010963672804907535,-0.026394485262411393,development
2024-04-16,11.057523461307449,11.072180289487308,11.030305014758726,11.06369439687487,24.4809137925549,11.091183479857245,-0.003352879694834461,-0.02413620328754007,11.09224619179333,-0.0023328919988840928,-0.026218902919575626,development
2024-04-17,11.064007524408003,11.074209058415574,10.998235483181402,11.023154811605712,24.458915489090195,11.088219932457237,-0.013036728673367293,-0.052028392178158356,11.08944857788232,-0.007792896432452283,-0.058500869844156256,development
2024-04-18,11.02313237215287,11.068600303663162,11.01589558201858,11.058996013689706,24.306959963833908,11.08523981355333,-0.026398178081005114,0.00015437821738117918,11.086644222268928,-0.02463274077226702,-0.0030154678069553853,development
2024-04-19,11.058964461891204,11.08952443039328,10.996272740414415,11.064191156468416,24.633696082645955,11.082292408763864,-0.007915369225795638,-0.010185883069652846,11.083884836315997,-0.007474441069004904,-0.012219238778575559,development
2024-04-20,11.064309113621968,11.08892651687374,11.053622812930595,11.082057028451777,23.86298959556223,11.079432756883296,0.006478364718608382,-0.0038540931501280795,11.081227765669121,0.004789270309860578,-0.003960007527204823,development
2024-04-21,11.082032026001116,11.093207904318406,11.070968390785763,11.08101336589826,23.744014809788517,11.07671477688242,-0.007714727448154372,0.012013316463994173,11.078728344814717,-0.00762135921319277,0.009906380296735406,development
2024-04-22,11.081151793780451,11.115933769985212,11.07516719587716,11.110022267714193,24.06551567607901,11.074183657655619,-0.0053615861301004345,0.0412001961886741,11.076431485334648,-0.005798884776811089,0.039389667156354946,development
2024-04-23,11.11005534641236,11.115417249513133,11.095360455264718,11.10356186922452,23.914193755444124,11.071875458556665,-0.0012921984246093482,0.032978609092465305,11.074369539002761,-0.0007444362729553625,0.029936766494714107,development
2024-04-24,11.103583633320488,11.113572149598632,11.060209477053863,11.070955567909495,24.133642794453586,11.069816644781632,0.0006861926023593321,0.000452730525504208,11.072564726734067,-0.0008245553510881354,-0.0007846034734839691,development
2024-04-25,11.070926335984685,11.086367565220668,11.047449694443356,11.074136850620407,24.19385826574094,11.068025500499854,-0.0009027674951400458,0.0070141176156930385,11.07103141715263,0.0024130544305390866,0.0006923790372379557,development
2024-04-26,11.074193672253562,11.078901243827211,11.055994391357189,11.062807915381565,23.907110076760613,11.066512817763519,-0.002035553316074779,-0.001669349065878123,11.06977578118902,-0.002126610859610089,-0.004841254947843154,development
2024-04-27,11.062739965331884,11.06504902626607,11.041716609731337,11.05752099754326,23.695257675245276,11.065284394433352,0.006572877577918611,-0.014336274468009336,11.068798521258346,0.006782635281803111,-0.01806015899688873,development
2024-04-28,11.057589980646119,11.071648981633817,11.047608399170059,11.052685701194072,23.575983493565175,11.064343966662257,0.007606766009862475,-0.01926503147804759,11.068097327630507,0.007415917568777196,-0.02282754400521192,development
2024-04-29,11.052576887818862,11.069367118865726,11.031585129902304,11.064152792903084,24.005526220168164,11.063689679272457,0.002377767615482829,-0.0019146539848566846,11.06766521955915,0.0028162669768324565,-0.006328693632898563,development
2024-04-30,11.064126115070852,11.077567978853809,10.987325678929977,11.012658163265895,24.356654781147938,11.06331500751137,-0.000958328241452415,-0.049698516004022864,11.067491766557369,0.003081339138586334,-0.05791494243005957,development
2024-05-01,11.012206860936178,11.015024292827208,10.94297407521906,10.972568239786082,24.603587219535136,11.063212434306278,-0.019992814275731803,-0.07065138024446505,11.067564930888842,-0.003562865394979512,-0.09143382570778158,development
2024-05-02,10.972562942454477,10.995449390565895,10.949704240026042,10.987382632250894,24.211002120554994,11.063376980129151,-0.029437902217879057,-0.04655644566037864,11.067872606716698,-0.028208501433798355,-0.052281473032005366,development
2024-05-03,10.987363471982558,11.055964472112366,10.982718437680868,11.049139838852321,24.22497267836812,11.06380326179314,-0.0032980921068756523,-0.011365330833942977,11.068401541352726,-0.01730806912835688,-0.0019536333720484578,development
2024-05-04,11.049158845081594,11.074342314145817,11.044510198568087,11.06494118326031,23.749550496304376,11.064479797460601,0.004623926137018031,-0.004162540337310006,11.06913705745481,0.005191305993785663,-0.009387180188285882,development
2024-05-05,11.064956529008908,11.076138261165452,11.0501803042303,11.067124694219538,23.62995730138758,11.065390800955539,0.007072241745592541,-0.005338348481593869,11.070063384790934,0.0066313952333189145,-0.009570085804714523,development
2024-05-06,11.067236816045163,11.089727591724447,11.04685390746801,11.053457329514648,24.080090786306155,11.06651407128879,0.009503938759711835,-0.022560680533853628,11.071160986291611,0.0026967589204906287,-0.020400415697453766,development
2024-05-07,11.053470193189442,11.07272071834832,11.039491646867644,11.04027539955937,23.978694626728252,11.067824787918013,0.01108512881293538,-0.03863451717157851,11.072409632739667,0.006132121725066704,-0.0382663549053639,development
2024-05-08,11.040240494219164,11.05066912288569,11.016612831600906,11.021705413302003,23.98474787702924,11.069302079937726,0.004813159143450759,-0.05240982577917386,11.073792013211266,0.003132633664670148,-0.05521923357393277,development
2024-05-09,11.021758654564918,11.057296646254471,11.012843161518534,11.051682721884546,23.960112736842483,11.070934379564424,0.006556840719002418,-0.02580849839887911,11.075296912398587,0.002309061973158924,-0.025923252487199733,development
2024-05-10,11.051765675989206,11.057956127301113,11.005573488599419,11.015226267147723,24.048480068201407,11.072716327647038,0.00949208574369165,-0.06698214624300647,11.076918969158198,0.0181623714143743,-0.07985507342485043,development
2024-05-11,11.01523577694932,11.025997867300047,11.010276735761977,11.015241624117287,23.35099300551552,11.074648477188855,0.00593630133868291,-0.06534315441025029,11.07865907909168,0.012077853491487817,-0.07549530846588048,development
2024-05-12,11.01523821866055,11.031952390750892,11.012588006936248,11.025952988208616,23.347967718845315,11.076738468926898,-0.008045534452955288,-0.04273994626532662,11.080525734890786,-0.012712866821137937,-0.04185987986103257,development
2024-05-13,11.025998947995227,11.057576492340386,11.014848889614985,11.049324482486707,24.051504679244825,11.078996557018682,-0.012119774539152351,-0.01755229999282193,11.08253290563035,-0.020954487936522964,-0.012253935207120037,development
2024-05-14,11.049313738956334,11.052351238839156,11.020656032381039,11.02765044431464,24.062100871104366,11.081429989226203,-0.0165240016731759,-0.037255543238387645,11.084694996311855,-0.015720785633677816,-0.041323766363538184,development
2024-05-15,11.027669926913825,11.104272076643934,11.024031086352435,11.101454742054479,24.407513758929824,11.084043516688983,-0.010385146076264527,0.02779637144176128,11.087026901019764,-0.009439060450528265,0.02386690148524373,development
2024-05-16,11.10128295665334,11.108146566716218,11.076171754338793,11.08569901760044,24.17557063222969,11.086838497945,-0.00100266315375535,-0.0001368171908033844,11.089541654592448,-0.00040654908749293735,-0.003436087904514551,development
2024-05-17,11.085694646242052,11.119282117774347,11.08397650323189,11.11322185252465,24.05658684185934,11.089806658872313,-0.002054236091519675,0.025469429743855798,11.092241013180319,0.0017084898319956058,0.019272349512334586,development
2024-05-18,11.1134356333873,11.118212269283662,11.107412855733903,11.111563995756704,23.539409460332894,11.092923518155185,-0.0034992395104371564,0.022139717111956614,11.09510327934643,-0.0025969078286643176,0.019057624238937976,development
2024-05-19,11.11152104644121,11.122757214288374,11.096457744858734,11.10161883620386,23.68072985963887,11.096152812712125,-0.0005636775575299903,0.006029701049264702,11.098088002077434,-0.0002614363034669561,0.003792270429892497,development
2024-05-20,11.101624494142566,11.177222807147274,11.098714803954405,11.176727924956447,24.504055509313005,11.099449073858544,0.026146525813838684,0.05113232528406364,11.101139589853034,0.02349390929112166,0.0520944258122924,development
2024-05-21,11.176656082772666,11.183677523336472,11.144627881935754,11.158199067809143,24.571965710160555,11.102759222048252,0.018809779651259236,0.03663006610963038,11.104191903936414,0.018235021095956785,0.03577214277677143,development
2024-05-22,11.158181802192605,11.16512099479138,11.14153847494398,11.143633198335126,24.21377245044531,11.106023804873109,0.021823983324778782,0.01578541013723722,11.107172273677904,0.020760706838571497,0.01570021781865094,development
2024-05-23,11.143618279023173,11.156839967845013,11.102803828994713,11.126226601711199,24.458448579325196,11.109181416235922,0.020566648701865572,-0.0035214632265887502,11.110007522643153,0.019867997447451578,-0.003648918379406396,development
2024-05-24,11.12620555483569,11.145049406113971,11.106800217217828,11.134969996342765,24.09734235546436,11.112173325028985,0.012678085932398116,0.010118585381380996,11.112630788895139,0.011864161497887757,0.010475045949737805,development
2024-05-25,11.134981967184114,11.15022268019027,11.134819951015336,11.145708654728583,23.46236704303597,11.114943701766512,0.004496578035132748,0.02626837492693923,11.114984553574667,0.008209432365642637,0.022514668788273795,development
2024-05-26,11.145684742980977,11.149171618331236,11.129963608158842,11.134853131706638,23.472357767657353,11.117442870805435,0.005527932223170588,0.011882328678032295,11.117023493672678,0.0058060390382502925,0.012023598995710927,development
2024-05-27,11.134766814138189,11.164755434504757,11.130676269912065,11.147563680736424,23.97638812842963,11.119627349182748,0.009482078492888372,0.01845425306078674,11.118715767762676,0.011893254200218568,0.01695465877352831,development
2024-05-28,11.147529680660764,11.149292665914672,11.115832555743532,11.13160968165444,24.21132159952267,11.121457083158887,0.0063966020145895305,0.003755996480963475,11.120041689338862,0.006347924824243207,0.005220067491334746,development
2024-05-29,11.131611626269725,11.13972124701838,11.113961561013548,11.121039152560593,24.008194270155936,11.122899034488022,0.0019518166932149194,-0.0038116986206429004,11.120988283307083,-0.0003452730038308631,0.00039614225734041497,development
2024-05-30,11.12100944115981,11.149089787781797,11.11420870738788,11.132616162503433,24.10798528457967,11.123929865222534,-0.004514633881494021,0.013200931162392848,11.121548476030952,-0.003191625469447519,0.014259311941929198,development
2024-05-31,11.13257993628912,11.141855442979585,11.106961560683931,11.119755669659018,24.03334464662916,11.1245329196828,-0.013573311161268716,0.008796061137486433,11.121713866826699,-0.002858774601249815,0.000900577433569083,development
2024-06-01,11.119728929900285,11.124903815713354,11.118195458563408,11.122943927800915,23.177841759397836,11.124692803325654,-0.01616566504842066,0.014416789523680862,11.121476336552472,-0.014184254916642719,0.01565184616508475,development
2024-06-02,11.122993196870592,11.13326207212184,11.11714614936171,11.123603377724537,23.562963314440363,11.124399244900198,-0.0008851772004207105,8.931002475875971e-05,11.120832793702812,-0.0012494177292907505,0.004020001751015911,development
2024-06-03,11.123637278636311,11.15954252942089,11.121212894809311,11.139028516419566,24.201463929482532,11.123655143155375,-0.001983419753308957,0.01735679301750004,11.11979367956864,-0.002304128480871625,0.02153896533179811,development
2024-06-04,11.13902545063955,11.171102626877184,11.135532238116346,11.164328741739345,24.224299399569567,11.12247873832077,-0.009688371605509866,0.05153837502408365,11.118384645843806,-0.008521821136984442,0.05446591703252324,development
2024-06-05,11.16433704478766,11.180739824593617,11.16181658656538,11.171600959449924,24.214022695072476,11.120900158121637,-0.01465506088100816,0.06535586220929446,11.116641477001385,-0.023265070482330414,0.07822455293086783,development
2024-06-06,11.171601289206059,11.179209707088386,11.157950860349212,11.167009069177745,23.951028140165448,11.118955368783853,-0.018093173414767415,0.06614687380865902,11.114603505948319,-0.02218436210526049,0.07458992533468667,development
2024-06-07,11.167037665731822,11.183140738859787,11.134694972068305,11.146814512169238,24.312003940086843,11.11667846591802,-0.03211844217079685,0.062254488422015086,11.112306413218304,-0.03630166681804311,0.07080976576897591,development
2024-06-08,11.146549037597525,11.149561345584422,11.144911363517755,11.146283492530351,23.38087752644068,11.114102800342668,-0.025422128830088177,0.05760282101777214,11.109779962550972,-0.0319594210300001,0.06846295100937994,development
2024-06-09,11.146163996788715,11.153640309391143,11.144190139693888,11.151209151656763,23.328472980635713,11.11126712598289,-0.013363423666860939,0.05330544934073522,11.107049185869727,-0.0064082613341859395,0.05056822712122333,development
2024-06-10,11.151156317582275,11.158335065572352,11.145224556159988,11.149258724574846,23.74844523378764,11.108207435766332,-0.01658691080691161,0.05763819961542538,11.104137186988721,-0.011890477467758849,0.05701201505388376,development
2024-06-11,11.14919825688479,11.149792772585691,11.099281020505968,11.117391349656966,24.337317653940673,11.104954013051417,-0.028209959902222265,0.0406472965077711,11.101068111504382,-0.026686861265809454,0.0430100994183924,development
2024-06-12,11.117233072932759,11.155934622998108,11.110990914053907,11.130803583831266,24.264165469202208,11.101530621832625,-0.02415454729865598,0.05342750929729689,11.097862062038597,-0.02815328339382888,0.06109480518649768,test
2024-06-13,11.130831631894722,11.132627704308986,11.102013989794177,11.108805428447555,24.08901578809145,11.097955276339304,-0.025532034346833186,0.036382186455083954,11.094532807238966,-0.025635828978029424,0.03990845018661737,test
2024-06-14,11.108673175749818,11.116835994491899,11.083017466487254,11.097578094004717,24.03395062058253,11.09423787833801,-0.004051350348290528,0.007391566014998574,11.091086713142584,-0.003981615379100291,0.010472996241233545,test
2024-06-15,11.097512170185098,11.103485279198983,11.09546530460615,11.100299781021203,23.37094769509412,11.090387799577819,0.007444055349622938,0.002467926093761008,11.087529956887192,0.007517093192659685,0.005252730941352368,test
2024-06-16,11.100274994564847,11.110877169154936,11.09768649793681,11.107045974217433,23.30961086149361,11.086415842953345,0.011870430451421492,0.008759700812666082,11.083868999812585,0.01483030938604211,0.008346665018805766,test
2024-06-17,11.107007989009153,11.115254706494703,11.083602480197701,11.104811304418869,24.124675012078747,11.08233758046112,0.013416445386662175,0.009057278571086513,11.080113412173112,0.013379182398595521,0.01131870984715988,test
2024-06-18,11.104821526610044,11.105809541966643,11.067684019045984,11.084305532402949,24.39909262319501,11.078176623788359,0.006523958198701867,-0.0003950495841120727,11.076277965426844,0.00627054763774743,0.0017570193383580346,test
2024-06-19,11.084396317386307,11.09278344945821,11.077412932315081,11.08153154502216,23.772701115688896,11.073960669887375,0.03643892174567698,-0.02886804661089215,11.072378276278098,0.03354850386355331,-0.024395235119490266,test
2024-06-20,11.08153154502216,11.104038924532093,11.075162051954349,11.079503010667478,23.9674627256686,11.06972266418114,0.03507401437390515,-0.02529366788756704,11.068438339169587,0.03344701716308626,-0.022382345665194592,test
2024-06-21,11.079646949458366,11.082258647984165,11.05688619115528,11.068140346610988,23.988573685469234,11.065501318467865,0.03455581230346961,-0.03191678416034627,11.064492399943212,0.03179497242970329,-0.028147025761926514,test
2024-06-22,11.06841589534355,11.074040100982907,11.065540225391326,11.070577128489383,23.011569310779972,11.061339550694736,0.03224372591302788,-0.023006148118382086,11.06058099472393,0.030800877222039776,-0.020804743456587005,test
2024-06-23,11.070520891187988,11.074291860866436,11.053755687128703,11.053755687128703,23.13653968754195,11.05728045968599,0.019386040625467248,-0.022910813182752676,11.056746481362646,0.01895833531697619,-0.021949129550918656,test
2024-06-24,11.053637838682878,11.05552254966285,10.97851897207303,11.006712753014678,24.48799770057666,11.053367420566104,0.013436608513745903,-0.060091276065172394,11.053033533615153,0.018983720613242137,-0.065304501213717,test
2024-06-25,11.006528043063602,11.039046523914221,11.006087712398763,11.031733731726911,24.097476169737938,11.049643400585659,0.01912755483797274,-0.03703722369671958,11.049492264366359,0.019893175487948656,-0.03765170812739704,test
2024-06-26,11.031491570913891,11.04186746759372,11.013619690543708,11.015530533320284,23.837047913460115,11.04614881184862,0.026364564352486342,-0.05698284288082256,11.04617543172636,0.030766370913700193,-0.06141126931977503,test
2024-06-27,11.015529698277453,11.0396181971951,11.011808097050045,11.028495081225117,23.778763306457385,11.042920451915615,0.02360561043335239,-0.03803098112384973,11.043133406664188,0.023637625331456004,-0.0382759507705277,test
2024-06-28,11.028624996264137,11.036921431814271,11.001856517270037,11.007421269257518,23.940254557472734,11.039991065983502,0.012908808157347731,-0.045478604883332,11.040408460042872,0.008695933436882018,-0.041683124222236856,test
2024-06-29,11.007416930398524,11.020228209704493,11.007103383250618,11.016781189363076,23.261152543334223,11.037390281303441,0.007945725139773681,-0.028554817080138406,11.038031368762947,0.007584590474325164,-0.028834769874196198,test
2024-06-30,11.016798703512652,11.049187415996958,11.012593740798795,11.045770462053156,23.575891098186858,11.035146373557291,0.007989394875237196,0.0026346936206280702,11.036021066591257,0.011717278685714856,-0.001967883223816358,test
2024-07-01,11.045695672599457,11.063151455140678,11.042850020665853,11.048537724580004,23.96070349697985,11.033285386683625,0.005248848369036917,0.010003489527342424,11.03438335792712,0.0066195821621171476,0.007534784490767166,test
2024-07-02,11.048417270683577,11.05411273346912,11.03089372459453,11.035357548584434,23.726550369910985,11.031825081077455,0.011303989581776572,-0.007771522074797588,11.033113854696815,0.010926393003154658,-0.008682699115535542,test
2024-07-03,11.035443253187825,11.037912560307674,10.99237582785933,11.004994346080302,24.116320210325608,11.030767939719478,-0.009815022101933336,-0.015958571537241895,11.032197676009817,-0.009833136530510513,-0.01737019339900492,test
2024-07-04,11.004549117942284,11.008739016027704,10.946900765841683,10.950415297130615,24.44048026781541,11.030100534758366,-0.017940819484887124,-0.06174441814286524,11.031613103002126,-0.014304832428562696,-0.06689297344294864,test
2024-07-05,10.951206617479501,10.959490701037323,10.891491784960765,10.944865689202109,24.738162059881418,11.029799749481377,-0.032124306174667154,-0.05280975410460087,11.03133741444828,-0.038268414001714476,-0.04820331124445687,test
2024-07-06,10.944807434034642,10.976312638969137,10.933802458880049,10.973418074784318,23.74905778621592,11.029835258745544,-0.04348903216966372,-0.012928151791562925,11.031344680632454,-0.03799402339584273,-0.019932582452293346,test
2024-07-07,10.972317890411908,10.974576544626379,10.92940950357784,10.930408857727404,23.746290244138024,11.030170476359396,-0.05564470114720355,-0.0441169174847893,11.03160422964697,-0.06002323699885913,-0.04117213492070704,test
2024-07-08,10.930417180833551,10.970460142368353,10.902666531018152,10.945619391494663,24.406282133797202,11.030759628965518,-0.05619333427043439,-0.028946903200420593,11.032080014205143,-0.061065612143427976,-0.025395010567050846,test
2024-07-09,10.945610573906386,10.972313865982532,10.93874950278681,10.968357355497584,24.050081302556155,11.031545972741744,-0.021415332505416013,-0.041773284738743754,11.032733677406936,-0.017415947543780414,-0.046960374365571766,test
2024-07-10,10.968782305337431,10.991366335848298,10.953931729570003,10.96374868210589,23.988080546929506,11.032470707548347,-0.024522665156899937,-0.04419936028555682,11.033526560381965,-0.022425565080229366,-0.04735231319584443,test
2024-07-11,10.963530353544265,10.990355033338176,10.952916230569896,10.95683943614897,24.080434833656838,11.033479856647922,-0.028533836632170136,-0.04810658386678135,11.034421731147516,-0.0269892077496465,-0.05059308724889888,test
2024-07-12,10.956774585226364,10.977338368863922,10.943590676334255,10.966463420685901,23.966045874802113,11.0345329153868,-0.027539611042686818,-0.040529883658210863,11.035391281142262,-0.02997043150278094,-0.03895742895358012,test
2024-07-13,10.966623572381032,10.998544831806434,10.964682485464087,10.989216424077664,23.561177643977103,11.035603679184671,-0.02569482577199683,-0.020692429335010587,11.03641278400116,-0.025936688936842936,-0.021259670986651713,test
2024-07-14,10.989103250208453,11.024016691758439,10.989103250208453,11.015144274276821,23.824412347505213,11.03667603061726,-0.006130367909306454,-0.01540138843113148,11.03746661189398,-0.005941312218026017,-0.016381025399132554,test
2024-07-15,11.015599263111037,11.080142894593429,11.013780187753206,11.080142894593429,24.36333643684126,11.037735607188585,0.008616866373542335,0.03379042103130203,11.03853099044044,0.008686530269238275,0.03292537388374939,test
2024-07-16,11.078820389998475,11.087579126028707,11.04272931719399,11.083636024472314,24.451782906937034,11.038768477668023,0.008856246291225257,0.036011300513065336,11.039582956456577,0.01055078823175197,0.03350227978398479,test
2024-07-17,11.083554352275732,11.098420637133708,11.065013385594442,11.068492781998582,24.205277053871402,11.039761025500773,0.009143052014975861,0.019588704482833563,11.040599961757469,0.009284060336177706,0.018608759904935823,test
2024-07-18,11.06827356030161,11.083751410273619,11.05478975747792,11.066233067877352,24.027926816360704,11.040696450484049,0.003964171308719016,0.021572446084585195,11.04155910192307,0.004127465943277045,0.020546500011004554,test
2024-07-19,11.066205834752736,11.1190327471583,11.056104067069292,11.10811248792837,24.334287944459458,11.041555454161658,0.022916097675868156,0.04364093609084385,11.042439114534458,0.02156965078263864,0.04410372261127371,test
2024-07-20,11.10810897466405,11.121522042028396,11.1019394022508,11.114887434313925,23.669260513335537,11.042318894553498,0.029949680266299735,0.04261885949412658,11.043219505158936,0.02862408479704139,0.04304384435794795,test
2024-07-21,11.114906277960822,11.13273191768322,11.095017720526174,11.129532809683527,24.0061371607298,11.042969323847682,0.030649748289094735,0.05591373754674933,11.043881879412162,0.027805465380147623,0.057845464891217446,test
2024-07-22,11.129510112766628,11.134297923490442,11.106629464966979,11.121145042956734,24.476272230337848,11.043488336883277,0.0376208034472601,0.040035902626197384,11.04440905140381,0.036042868783356705,0.040693122769567935,test
2024-07-23,11.121138454071332,11.124007922039944,11.08956815592081,11.096313539486289,24.295770694347393,11.043858622909328,0.024888552146643983,0.027566364430317236,11.044786544261356,0.024499739070093045,0.027027256154839918,test
2024-07-24,11.096316383508048,11.114147712273528,11.084401473892152,11.087851342814629,24.03639463970515,11.044065287923448,0.02802197577241995,0.01576407911876032,11.045002534391658,0.03201696977597947,0.010831838646991443,test
2024-07-25,11.087908585598878,11.099111933751303,11.058377344211701,11.09402895649481,24.369127180356887,11.04409574456151,0.035797581443360746,0.014135630489938933,11.04504537313076,0.03596258714877975,0.013020996215271197,test
2024-07-26,11.093946644072892,11.130311297444416,11.093520126228785,11.125968948726015,24.14061967919422,11.043942274290512,0.04504432354796557,0.03698235088753776,11.044906137019536,0.048219935352780116,0.032842876353699424,test
2024-07-27,11.125965267488088,11.14762064496691,11.108038470971895,11.124514149866743,24.26977222559219,11.0436036724568,0.03947208825358221,0.04143838915635989,11.044582106762283,0.03875266140516311,0.04117938169929758,test
2024-07-28,11.124445139082779,11.131692154415445,11.113728095436715,11.131018675506175,23.616032887503934,11.043082412880961,0.02467237977790235,0.06326388284731088,11.044074709894973,0.018849813111863935,0.06809415249933792,test
2024-07-29,11.131065373697943,11.156072491756653,11.105447238147644,11.109756429768046,24.431474341261104,11.042378757031411,0.02172974500354068,0.04564792773309456,11.043384957521818,0.019920896948047374,0.04645057529818075,test
2024-07-30,11.109743568699033,11.112263879651652,11.087102403974166,11.100451083650315,24.16945226641004,11.041487807459552,0.027611273228879143,0.03135200296188323,11.042511120524953,0.02713022802574547,0.030809735099616375,test
2024-07-31,11.100454977993861,11.109611206226319,11.074917230247062,11.0762676329973,24.166653428535092,11.040400039014978,0.020810160237410728,0.01505743374491253,11.04144811644043,0.020929490254418284,0.01389002630245173,test
2024-08-01,11.07636960731623,11.091227954229389,11.038896808720512,11.087627479108344,24.43624149400457,11.039106505123474,0.017149770891821306,0.031371203093048194,11.040190939050378,0.01634329084478648,0.031093249213178353,test
2024-08-02,11.087566275384079,11.0901599032148,11.021655616629772,11.025410465304532,24.485880666065515,11.037602172873024,-0.01765015983259609,0.005458452264104352,11.0387354597682,-0.017865596283542333,0.004540601819874368,test
2024-08-03,11.025406267303028,11.037279887263127,10.999371578544627,11.013370978451388,24.181254009383437,11.035886940374006,-0.024509803885572647,0.0019938419629550452,11.037078478848318,-0.02169486847275074,-0.002012631924179331,test
2024-08-04,11.013305056802333,11.019661205150301,10.954498052711637,10.97021309568416,24.18143938017491,11.03396310863338,-0.04431255817438189,-0.01943745477483816,11.035220954651816,-0.04817198966807219,-0.016835869299583806,test
2024-08-05,10.970098153987438,10.972822548900053,10.802046771786664,10.896581109882826,25.4145311469684,11.03183864329392,-0.0536394444903521,-0.08161808892074163,11.033171749344755,-0.041486502634075786,-0.09510413682785313,test
2024-08-06,10.896579084189932,10.951857187156923,10.896244266728718,10.933719575072017,24.621199737561447,11.02953575380508,-0.06375856730797323,-0.032057611425090116,11.03095165588242,-0.06725659113323233,-0.029975489677172007,test
2024-08-07,10.933832292499964,10.963478250581206,10.90816469212838,10.915587629429103,24.45226853397455,11.027088957895657,-0.07393859839763291,-0.0375627300689203,11.0285912938937,-0.07844172735298152,-0.03456193711161504,test
2024-08-08,10.915634266873598,11.045698228057919,10.910838108965903,11.030203486836884,24.536539150721236,11.02454348792673,-0.03447182335866519,0.04013182226881895,11.026128907108426,-0.031465372708977375,0.035539952437435574,test
2024-08-09,11.030496269607296,11.030879428609879,10.995207130625584,11.016661853243429,24.232586507770577,11.02194741012289,-0.03638959776672454,0.03110404088726426,11.02360529013253,-0.03541100166952438,0.028467564780424226,test
2024-08-10,11.016680203730795,11.026215242036697,11.00688116593167,11.01774042869358,23.479840914905502,11.019341717909327,-0.03341519088214698,0.03181390166639986,11.02105621338203,-0.032324762746945124,0.02900897805849567,test
2024-08-11,11.017725302519453,11.031313278959963,10.974194487040384,10.980526882255294,23.848259673431226,11.016754650458438,-0.03786309595919031,0.0016353277560465784,11.018507876263392,-0.03889177028101818,0.0009107762729207991,test
2024-08-12,10.980525352097635,11.013374905266879,10.962820032598188,10.99128348189499,24.33630684075029,11.014204620582133,-0.028883871166522315,0.005962732479380506,11.015979403235738,-0.02954725964660507,0.004851338305858377,test
2024-08-13,10.991311978057126,11.027968971832266,10.97688893195052,11.012208021149737,24.13532726285558,11.01170677065143,-0.012640285699151443,0.013141536197457171,11.013487754876422,-0.012993951375495931,0.011714217648810532,test
2024-08-14,11.012232511538162,11.029840775457885,10.97631825047568,10.98082971967492,24.123185608846008,11.009274143478978,0.005303333910209862,-0.03374775771426641,11.01104768873139,0.005398515847343856,-0.03561648490381231,test
2024-08-15,10.980761484519109,10.99940702616334,10.93598841703634,10.960584857664214,24.29791534809064,11.006918952477609,0.0035685838022780944,-0.049902678615673324,11.008673312283234,0.005670143228020782,-0.053758597847039624,test
2024-08-16,10.960587911511215,10.999552589377855,10.952734853630483,10.983496287721634,24.102590364787467,11.004654219777102,0.003908286339908855,-0.02506621839537715,11.006379474443834,0.0037276973935710294,-0.026610884115772393,test
2024-08-17,10.983486537632134,10.99699798165664,10.982149347486358,10.99337812840072,23.332576814066535,11.002494553292408,0.0004984415555960246,-0.009614866447284598,11.004181987256096,0.0010467088159795447,-0.01185056767135606,test
2024-08-18,10.99319586503269,11.006468928659581,10.975848304097225,10.97650789034708,23.59912309155958,11.000451888237915,0.014765961725297498,-0.038709959616133105,11.002093658457156,0.013771866789685424,-0.03935763489976196,test
2024-08-19,10.976452251326508,10.99562324928771,10.965862994849326,10.993621554051249,23.977941442282837,10.99853438684771,0.0281092655597302,-0.03302209835619152,11.000123550256106,0.026724824082042107,-0.03322682028689883,test
2024-08-20,10.993621554051249,11.025105309904,10.97867567180372,10.985509529383629,24.176846918572817,10.996747285401998,0.033326123608652954,-0.04456387962702202,10.998277880628502,0.031007547185191733,-0.043775898430064686,test
2024-08-21,10.985546729269572,11.032214339503561,10.982295784177037,11.021497017198499,24.211593185241167,10.995098913163705,0.04334650567411471,-0.016948401639321986,10.99656585896168,0.041646431354693036,-0.016715273117874574,test
2024-08-22,11.021384628725588,11.025297180006987,10.999015989517837,11.008444902990252,24.04201358024999,10.993601501235307,0.029543660773143028,-0.01470025901819838,10.99500059908147,0.02877961332310722,-0.015335309414325593,test
2024-08-23,11.008428988661247,11.081327793978202,11.008281541397364,11.068111580841084,24.473487519664843,10.992268612396124,0.04032319335907739,0.035519775085882443,10.993596849444824,0.04231172581210525,0.032203005584154454,test
2024-08-24,11.068260032504929,11.074634263811317,11.060681875927893,11.06943121167362,23.788084951892042,10.991110012429539,0.0415545081893154,0.03676669105476549,10.992365867009491,0.041856562077054564,0.03520878258707505,test
2024-08-25,11.06939030960279,11.082087499362578,11.064033715849535,11.07183643781464,23.658594153248252,10.99012858422612,0.054663948171392744,0.02704390541712698,10.991313359430174,0.05680862433819162,0.02371445404627437,test
2024-08-26,11.071971406349041,11.07426090911924,11.048499190763819,11.048993925775711,24.044049687232864,10.989319950659146,0.04141762098983232,0.018256354126732433,10.990439418982296,0.042201744721805615,0.01635276207160885,test
2024-08-27,11.048978767900122,11.05423040225288,10.970209197331993,10.993801048113154,24.38948758798589,10.988674762692115,0.033065094274050445,-0.02793880885301192,10.989740136997401,0.02876320214706466,-0.024702291031312384,test
2024-08-28,10.993864789049093,11.006032916845413,10.966311610523658,10.9857608336459,24.419358331896714,10.988184020944924,0.029147309351395895,-0.031570496650420665,10.989209338502647,0.026424188003740277,-0.029872692860488215,test
2024-08-29,10.985758186576723,11.021642337120165,10.981662864270865,10.991850490430735,24.19600809354509,10.987842464984578,0.03375192765637533,-0.0297439022102175,10.988841632482668,0.032439833302944074,-0.0294309753548756,test
2024-08-30,10.991857594007639,11.00037980812844,10.964199464356563,10.987315701726326,24.198108782148854,10.987652577837112,0.028510611534780107,-0.028847487645567327,10.98863693007602,0.027710106639204278,-0.02903133498889865,test
2024-08-31,10.987281937494728,10.992598071190946,10.981366128302353,10.984782396761423,23.241242170473328,10.987623817648707,0.018634284755143327,-0.021475705642426846,10.988600314801271,0.017260635593133695,-0.021078553632982278,test
2024-09-01,10.984780740660879,10.986344209035032,10.954620741064643,10.956500625439503,23.92570532212761,10.987772061234336,-0.022869979654045997,-0.008401456140786578,10.988742723289292,-0.02386727638116673,-0.008374821468622784,test
2024-09-02,10.956526450790976,10.99210119273546,10.953190148341536,10.987197356565103,24.02045195988667,10.988115520783456,-0.025703146542556163,0.024784982324202787,10.989078063422765,-0.024752338863824677,0.022871632006163267,test
2024-09-03,10.987090959497602,10.999012724124713,10.958237952585673,10.958339914350784,24.006691222416247,10.988670513471972,-0.04661121458507055,0.016280615463882597,10.989619576399123,-0.04689828116207163,0.015618619113732635,test
2024-09-04,10.958328147470526,10.976979796740377,10.927253515560293,10.967707463230965,24.296388709561217,10.989446041188407,-0.05660673667272315,0.03486815871528215,10.990375526350885,-0.04325547251978112,0.020587409399862366,test
2024-09-05,10.967710293408851,10.973367355650671,10.927958975971084,10.93596873310634,24.158229360064475,10.990435195376524,-0.06317347193121536,0.008707009661032217,10.991340647911167,-0.05859702636329201,0.003225111558466054,test
2024-09-06,10.935963446991606,10.950387325271404,10.870446668762224,10.895789873292568,24.62244052646954,10.991618977963848,-0.07406232099851012,-0.021766783672768852,10.99249854188984,-0.07501278219804614,-0.02169588639922715,test
2024-09-07,10.895796027818006,10.912141298858783,10.89191419050506,10.899322791079229,23.67093572410397,10.99297092057887,-0.03665464642694007,-0.05699348307270036,10.993824462081367,-0.03345374975829029,-0.061047921243847725,test
2024-09-08,10.899475090851501,10.920543727715174,10.890306788662794,10.91220369654331,23.628432471799336,10.994468377123612,-0.03859631474129908,-0.04366836583900202,10.995294897332833,-0.03771715390161974,-0.04537404688790403,test
2024-09-09,10.912391862924,10.968907089994284,10.907760472493626,10.951149210206145,24.267642393096853,10.996096705341301,-0.03516577958444187,-0.009781715550714054,10.996892331877401,-0.03540108526664153,-0.010342036404614063,test
2024-09-10,10.951159075197571,10.96871499325557,10.940568599177706,10.962123165343138,24.0856402839416,10.99784478530943,-0.043369349244513335,0.007647729278220439,10.99860290926908,-0.043662171591344716,0.007182427665403779,test
2024-09-11,10.962150539734939,10.968048628502318,10.925350894694454,10.956809054963585,24.335508889394124,10.999700772904275,-0.027938141031782396,-0.01495357690890664,11.000413353785055,-0.028801345056447176,-0.014802953765022053,test
2024-09-12,10.956809054963585,10.977369200632479,10.956581097399201,10.970385752527296,24.244782530011527,11.0016514124358,-0.0052171720046440655,-0.026048487903860718,11.00231061023032,-0.008779822254743823,-0.023145035448280282,test
2024-09-13,10.970442738178551,11.012842324228613,10.962147490656246,11.011576475392404,24.20421444863739,11.003687103970586,0.0008261736955908205,0.0070631977262269885,11.004286748067988,9.285836643940174e-05,0.007196868957976221,test
2024-09-14,11.01154042483163,11.012985751757949,10.994032097805759,11.002185189062006,23.52227771602073,11.005799981654318,0.006855915640918683,-0.010470708233231818,11.006336192790503,0.006170501113866161,-0.010321504842362828,test
2024-09-15,11.002111950464254,11.00844496774474,10.980132117808115,10.988386845387323,23.620335164190628,11.007977898830914,0.005155595012524726,-0.02474664845611585,11.00844938966536,0.004685972802571107,-0.024748517080608323,test
2024-09-16,10.988427238377627,10.988769919916624,10.959563528079181,10.97151189364594,24.190026905146972,11.010208336679499,0.006802869987086085,-0.045499313020643584,11.010616653208283,0.007706297999295314,-0.04681105756163717,test
2024-09-17,10.97151189364594,11.02379756448161,10.961765059747254,11.007228982308154,24.362838709193998,11.01248639461432,0.013180228219469951,-0.018437640525636567,11.012835763430266,0.012153423198371864,-0.017760204320483197,test
2024-09-18,11.00723662530939,11.029456648179004,10.988985116418466,11.029223312958555,24.436611119205363,11.014814155240284,0.025137062670481776,-0.01072790495221021,11.015110439182312,0.024118362966793736,-0.010005489190550776,test
2024-09-19,11.029247263485553,11.064643270500213,11.028577318349743,11.04994443195206,24.477704835479326,11.017195700268914,0.028445895672218162,0.00430283601092718,11.017445364712104,0.027466649331885286,0.005032417908070741,test
2024-09-20,11.049959823364683,11.068504296185226,11.040753173395327,11.053948443579763,24.283662965360463,11.019631224205988,0.039639776487667366,-0.005322557113892401,11.019840707963926,0.03844973583827495,-0.004342000222438358,test
2024-09-21,11.053811762088822,11.059477776743831,11.047441295085259,11.05713774657665,23.391092213269726,11.022116902757254,0.027910588626618143,0.00711025519277797,11.022292730905042,0.027030675482721794,0.007814340188886604,test
2024-09-22,11.057168739943878,11.066535573934262,11.041973010692354,11.06113435146311,23.72812378473458,11.02464524126322,0.0448896323084357,-0.008400522108546582,11.02479432645781,0.04221901146351771,-0.005878986458217383,test
2024-09-23,11.061046217279246,11.078035025928328,11.044968988955704,11.056111283761016,24.170082819819307,11.027210316070896,0.03831977187319746,-0.009418804183077611,11.027339455454742,0.03595477348168024,-0.00718294517540663,test
2024-09-24,11.056064528375968,11.077442518557586,11.046713326450877,11.07134552795294,24.122405611319174,11.029808844045702,0.0487305399815162,-0.007193856074279026,11.02992403542897,0.047674742970788477,-0.006253250446818015,test
2024-09-25,11.071355186864052,11.079130384708971,11.05002256576463,11.053159563374255,23.945271865650867,11.03243995693562,0.028756866811193032,-0.008037260372558919,11.03254662568529,0.030450818051854785,-0.00983788036288935,test
2024-09-26,11.053086747593111,11.094235242485787,11.045626487334612,11.084923594030498,24.330748934333855,11.035105891286985,0.017360647806321627,0.032457054937189866,11.035209381335001,0.01681968906535574,0.03289452363014078,test
2024-09-27,11.084918140434162,11.104666888409653,11.079878328849787,11.094233223660353,24.19083797314972,11.03780915329557,0.014733157959554464,0.041690912405229597,11.03791465206946,0.012901119476455447,0.04341745211443815,test
2024-09-28,11.094256260554175,11.101274230929363,11.08916453171712,11.095706274092057,23.447428071644023,11.040548405803824,0.023931764019144708,0.03122610426908956,11.040660769318224,0.023054106745932886,0.031991398027900075,test
2024-09-29,11.095725245601475,11.09846013232741,11.089042010146269,11.09186901141459,23.417096388058884,11.043318908186409,0.025523472354740395,0.023026630873440368,11.043441842671394,0.024716797524732638,0.023710371218463422,test
2024-09-30,11.09185913192662,11.09186520248162,11.048881914158203,11.056106534326933,24.33723200369659,11.046113483395676,0.01269919992873576,-0.0027061489974791186,11.046248852403572,0.011572842206925553,-0.0017151602835649982,test
2024-10-01,11.056202937673095,11.068370930422304,11.005249498156399,11.015953563868589,24.639697579614698,11.048923827964265,-0.024616216393778576,-0.008354047701896405,11.049071839572619,-0.025727257367170644,-0.00739101833685929,test
2024-10-02,11.015942327388276,11.040642239418052,11.002048993578185,11.012591035005592,24.431033834017526,11.051744744089266,-0.02442078501503054,-0.014732924068644238,11.051905497027159,-0.025523654316315435,-0.013790807705252206,test
2024-10-03,11.012586074310727,11.026288897112522,11.000077876577478,11.0146771202558,24.309737281352906,11.054577450983857,-0.041438544530162,0.0015382138021067249,11.054752936058525,-0.04164065670010238,0.0015648408973767403,test
2024-10-04,11.014598489992167,11.042377562674785,11.009736299262519,11.035977403836629,24.110549284351954,11.057428730512175,-0.045947918998953605,0.024496592323407285,11.057624349405039,-0.037016253383779306,0.015369307815369382,test
2024-10-05,11.035979543763451,11.040856078556615,11.029870346852478,11.036339406513541,23.311436612752225,11.060311451859006,-0.05472331460671393,0.030751269261248382,11.060534566440468,-0.043139252404498535,0.018944092477571672,test
2024-10-06,11.036259504077469,11.050248058258592,11.032194882168367,11.04801210835652,23.416285893741048,11.063242012231038,-0.06377870340151418,0.04854879952699598,11.06349973967538,-0.06255938070117936,0.04707174938231873,test
2024-10-07,11.048014595660078,11.073547362482984,11.037347138413619,11.038699496744108,24.25705641408458,11.066233140804279,-0.03236057324551386,0.004826929185343332,11.066529805212644,-0.030382616351178383,0.0025523078826417134,test
2024-10-08,11.038458200992727,11.053652926101645,11.03236328994612,11.037015930146234,24.06026153524145,11.069286894494798,-0.033924121748597325,0.001653157400033578,11.069623143721078,-0.03358760272392037,0.0009803891490776095,test
2024-10-09,11.037012032145304,11.043063200771984,11.007329696306874,11.011754774636504,24.04365013297011,11.072400189966194,-0.031592022225963315,-0.029053393103726677,11.07277444907557,-0.03328210743834292,-0.02773756700072383,test
2024-10-10,11.011751937655953,11.022502332010374,10.983514991625691,11.006664407701818,24.13944422653816,11.075575835841823,-0.04102170661805063,-0.027889721521955124,11.07598816139794,-0.04129411690124175,-0.02802963679488002,test
2024-10-11,11.006680350303416,11.057232879920836,11.002868295867307,11.042042887002212,24.13530891071741,11.078825514265967,-0.023926243587833608,-0.012856383675920569,11.079280610201304,-0.024418783455870417,-0.012818939743221236,test
2024-10-12,11.042035317923682,11.05798832654474,11.042013736006727,11.053949185434083,23.54131244455982,11.0821667994481,0.01048446832296715,-0.038702082336984134,11.08267641874563,0.005288804156301053,-0.03401603746784687,test
2024-10-13,11.05394794906266,11.055208482235876,11.03546428470759,11.048528091265164,23.62345203588008,11.085621712618707,0.008929564592932787,-0.04602318594647592,11.086206094116028,0.00824915242754576,-0.045927155278409515,test
2024-10-14,11.048480731434367,11.104693916642564,11.041995844566983,11.098108640553454,24.500773149645585,11.089223444082325,0.0235116959357416,-0.014626499464613474,11.089908289146281,0.021220953314418277,-0.013020601907246743,test
2024-10-15,11.098172869208296,11.125521464033172,11.079202775205196,11.113061283050074,24.61230412354299,11.093017835254319,0.012638241720297467,0.007405206075457471,11.093824459697363,0.012503753078336148,0.006733070274375308,test
2024-10-16,11.113081443014442,11.132766767283902,11.108840302698697,11.121551391522942,24.365975416226153,11.097054575798053,0.02128713046425005,0.003209685260639361,11.097996323005516,0.022123600673539773,0.0014314678438864803,test
2024-10-17,11.121615865183363,11.125971134491435,11.107171174502875,11.118397862772808,24.213416829440348,11.101377816511453,0.023741982562657422,-0.006721936301303799,11.102461114770035,0.023336284662698832,-0.007399536659926653,test
2024-10-18,11.1186837786741,11.141423281654378,11.115098417120416,11.13340275974884,24.330315873994707,11.106022252738645,0.029104513938899082,-0.0017240069287041138,11.107251619627618,0.02844951036562278,-0.002298370244400161,test
2024-10-19,11.133405500220364,11.137038690126468,11.127625280726798,11.132583136136992,23.393510178541707,11.111014959645962,0.025000470201520363,-0.003432293710490697,11.112395575223905,0.025175636198182076,-0.004988075285094595,test
2024-10-20,11.13260427769511,11.14705130642131,11.128816464382762,11.141886466318253,23.66643282426359,11.116374714377304,0.030283452016946127,-0.004771700075997032,11.117913642241588,0.030064108678720666,-0.006091284602055325,test
2024-10-21,11.14189076866657,11.148545691777194,11.109905139344486,11.11792320328738,24.347569750064217,11.122110689797502,0.024136378097314726,-0.028323864607436633,11.123815892947102,0.023444116423132186,-0.029336806082854494,test
2024-10-22,11.117817087252465,11.124340749911287,11.106180045463093,11.117827525331311,24.182998524170124,11.128226148011219,0.03705690259222589,-0.04745552527213448,11.130103747341927,0.03232266399593716,-0.04459888600655404,test
2024-10-23,11.117841906608188,11.118440981384346,11.085031221258808,11.103937087079979,24.197217285603333,11.13472051871844,0.026367368674421673,-0.057150800312882666,11.13677155652286,0.022398596201678153,-0.055233065644557655,test
2024-10-24,11.107265884903619,11.13894392119111,11.104266786239553,11.129628635121744,24.170533135400536,11.141591587996123,0.02961393755102486,-0.04157689042540369,11.143807818935334,0.028500586249301862,-0.04267977006289314,test
2024-10-25,11.129690870925057,11.137826933494168,11.09013808338452,11.107096501574757,24.448235732786497,11.148836690269903,0.01626213178159272,-0.05800232047673859,11.15119586352901,0.019785879786318447,-0.06388524174057153,test
2024-10-26,11.106891210629069,11.11718177854723,11.10285869167243,11.112667207308215,23.698187981852136,11.156450299305098,0.0032282452994469024,-0.047011337296329,11.158917107407662,0.0051170263391550315,-0.05136692643860208,test
2024-10-27,11.112798233416525,11.130512295013599,11.11016509416011,11.126222691476693,23.53994966397198,11.16442545455251,-0.0027020433545758317,-0.03550071972124158,11.166957554868723,-0.0035267412929186268,-0.03720812209911095,test
2024-10-28,11.126125158845172,11.159278298825503,11.1204032275288,11.154931906469884,24.38168238918737,11.172753998907577,0.010942852206744793,-0.028764944644438017,11.175306519435003,0.010629715789701046,-0.031004328754820065,test
2024-10-29,11.154964650082261,11.206090622803082,11.152384687746206,11.194378497117786,24.793008136881014,11.181421812498893,0.016341784266924245,-0.0033850996480317974,11.183950081976102,0.015936984531133326,-0.005508569389450102,test
2024-10-30,11.1943080193137,11.19691657489078,11.176217481883,11.18912613363066,24.428181959359655,11.190409226938055,0.0037773570933934144,-0.005060450400787175,11.192869639954564,0.0031981925245848863,-0.006941698848487832,test
2024-10-31,11.189064033159147,11.193578131583088,11.150383342753448,11.159319912768295,24.427721156922672,11.199691636226651,-0.026225243720871975,-0.014146479737485507,11.2020422041975,-0.027086085227297267,-0.015636206201907754,test
2024-11-01,11.159344279564367,11.178277781658842,11.138663967751295,11.148829751531515,24.63508472886481,11.209237512255331,-0.028654870187736315,-0.03175289053607955,11.211438277882294,-0.02949835768195131,-0.0331101686688271,test
2024-11-02,11.148880909746515,11.154353745575461,11.142350341751646,11.146045388782067,23.62384158395081,11.21900990178113,-0.03915854823081743,-0.033805964768244934,11.221024277045938,-0.03883492849936356,-0.036143959764507017,test
2024-11-03,11.146147987711835,11.147089490206232,11.119623931337124,11.138102802672105,24.27484416350525,11.228969342255999,-0.03672705943827361,-0.05413948014562031,11.230766830602771,-0.03231572391644801,-0.06034830401421942,test
2024-11-04,11.138117577126447,11.148120125760455,11.109512975398532,11.124487191236604,24.441335563000028,11.239077874703977,-0.039798524161277986,-0.07479215930609584,11.240636165945089,-0.025596611543397076,-0.09055236316508797,test
2024-11-05,11.1244822373454,11.163691185644646,11.119273316153272,11.147059303764403,24.552926044814377,11.249301912357398,-0.04452166925266306,-0.05772093934033151,11.250606417553735,-0.04138290661332243,-0.06216420717601068,test
2024-11-06,11.147043984922995,11.2445250508005,11.14651804591033,11.23372833509897,25.49896329985418,11.25961714198261,-0.01749267348765093,-0.00839613339598877,11.260656484624167,-0.01715939818384459,-0.00976875134135291,test
2024-11-07,11.233701996646877,11.250821690042391,11.218291576274327,11.237235984786217,24.87379624283575,11.270007185902994,-0.01643337018913681,-0.01633783092763963,11.270772122328145,-0.016441510725523495,-0.017094626816405167,test
2024-11-08,11.23720932684907,11.254837792831875,11.23385609237636,11.245640308027001,24.733809463266226,11.280458240307945,-0.02299550938844948,-0.0118224228924948,11.280943426879972,-0.024897383564204525,-0.010405735288767204,test
2024-11-09,11.245780227342488,11.250687145761301,11.23550772106588,11.248684714473558,24.09088852254425,11.290955587026913,-0.03864787386981677,-0.0036229986835376593,11.291161443703906,-0.038744863924263614,-0.003731865306084714,test
2024-11-10,11.248641468435721,11.308044408007069,11.24590094432786,11.295691759812842,25.13691945525294,11.301482947005246,-0.0258740450532245,0.02008285786082098,11.301416674896371,-0.02588981001601084,0.020164894932481303,test
2024-11-11,11.295657295497278,11.403160820916165,11.293316285399268,11.393031902994172,25.49367076129117,11.312025053785451,0.01599737328191121,0.06500947592681072,11.311702681625984,0.008940090494574835,0.07238913087361354,test
2024-11-12,11.39307787771809,11.407085754628078,11.35222968875335,11.384589836668697,25.618662356016017,11.322560206560029,0.00877789072522704,0.05325173938344108,11.322004364207677,0.007484334994035396,0.055101137466984085,test
2024-11-13,11.384295966976646,11.4450143463205,11.365085675898065,11.41403468712886,25.539984611738078,11.333054691077693,0.02803364321597169,0.05294635283519433,11.332289667997392,0.02465996519342368,0.057085053938044084,test
2024-11-14,11.41393222191756,11.426988624096193,11.370010902055146,11.3765377648663,25.196237515897476,11.343466745508936,0.015052699588559879,0.018018319768804858,11.342515918680522,0.016014748431847785,0.018007097753930168,test
2024-11-15,11.376924507650903,11.428116121977709,11.375097982380654,11.419339883101621,25.083086605224228,11.353751688129632,0.03277152281413282,0.03281667215785511,11.352636034445116,0.03362475926071131,0.033079089395794625,test
2024-11-16,11.419321867216022,11.426974746846694,11.408611363407934,11.413751070857348,24.514999506908566,11.363865272411648,0.03773103751621293,0.012154760929487196,11.36260303657763,0.037146516233266744,0.014001518046450556,test
2024-11-17,11.4137508983721,11.42336216980545,11.393484776841824,11.405850720416812,24.559490565975022,11.37376536927755,0.036591665574611916,-0.0045063144353498785,11.37237286921791,0.03533958742144009,-0.0018617362225388234,test
2024-11-18,11.405826981587714,11.436009744655097,11.400804300316624,11.413576185905935,25.047872223159064,11.383415493551485,0.02568833339795481,0.00447235895649456,11.381909311937061,0.025824859663947295,0.0058420143049264794,test
2024-11-19,11.413511814936161,11.45108056280824,11.412298001616833,11.433273729007292,25.034347449891644,11.392787832290043,0.023052699995317123,0.017433196721931665,11.391187076777936,0.02335711339174847,0.018729538837607862,test
2024-11-20,11.433253170510246,11.460600306183148,11.425399410102113,11.454655174059297,24.996188240705607,11.401863037328638,0.016449633309893432,0.03634250342076584,11.400189358429135,0.015961565973807733,0.03850424965635568,test
2024-11-21,11.454603746129791,11.5030187425412,11.452459722106864,11.49785981138963,25.386940752316498,11.41062167920506,0.024390453260008077,0.06284767892456244,11.408894693959,0.01899699964435349,0.0699681177862761,test
2024-11-22,11.49777557970122,11.50947451729397,11.484759132610348,11.502851533484817,25.086027851610236,11.419039543463693,0.015751416414023865,0.0680605736071005,11.417273855721739,0.012734099601444388,0.07284357816163478,test
2024-11-23,11.502943229727121,11.50302339782135,11.484864314177681,11.490447530980276,24.516835087091046,11.427087971362456,0.012496782960054749,0.05086277665776606,11.425292210248577,0.01256488082103665,0.05259043991066292,test
2024-11-24,11.490455840647039,11.499304921989882,11.469893510807882,11.492863771281248,24.66895609866922,11.434734337106047,0.012211054415517213,0.0459183797596836,11.432912508344995,0.014460312930276928,0.04549095000597703,test
2024-11-25,11.493063978103859,11.502218663690442,11.43650774805476,11.441454134067168,25.116596619449073,11.441940172492211,0.00026890305212422293,-0.0007549414771670371,11.440097969783265,0.0018851904368515355,-0.0005290261529484752,test
2024-11-26,11.441292840076567,11.461545324706421,11.41609306467594,11.429384281452005,25.241313947338007,11.448666001508927,-0.01228647854030283,-0.006995241516619899,11.446814258211932,-0.013270243070050095,-0.0041597336898764325,test
2024-11-27,11.42930622595156,11.486182844371074,11.427135131948356,11.47171309478414,24.98782356154474,11.454879894529302,-0.00313310514493064,0.019966305399769624,11.453033883569763,-0.0029784473098020863,0.021657658524180334,test
2024-11-28,11.471634040597518,11.47885358634146,11.458230090697603,11.468476784781007,24.67949725513301,11.460561251309434,0.0036908259151519018,0.004224707556421237,11.458740930539378,0.0032784090610261845,0.006457445180602761,test
2024-11-29,11.468492303130946,11.499771042481376,11.465916483058427,11.487212947713866,24.73002945049463,11.46570132867652,-0.0050907640728681865,0.026602383110214234,11.463932195762744,-0.0054143870021526805,0.02869513895327458,test
2024-11-30,11.487287734021171,11.487600926194055,11.473604621804105,11.476770217249038,24.177505531692468,11.470303403601642,-0.023881529274791317,0.03034834292218669,11.468615957766005,-0.02545861675587086,0.03361287623890519,test
2024-12-01,11.47689754320568,11.491580523919412,11.469706720329349,11.48534652881771,24.323059818174684,11.47438307581433,-0.025239910724060843,0.03620336372743971,11.472808552740293,-0.026820442331718937,0.0393584184091349,test
2024-12-02,11.48530765822057,11.494278705313596,11.45617379746836,11.470699409071125,25.00934287163795,11.47796487335164,-0.03339572527843185,0.02613026099791682,11.47652882245124,-0.03277988858656131,0.026950475206446,test
2024-12-03,11.470587673772929,11.475194554062272,11.447101451274362,11.472126012487566,24.928970048415984,11.481080225527995,-0.031844967554154106,0.022890754513724687,11.479793602246033,-0.028331545228217816,0.020663955469750306,test
2024-12-04,11.471983997167492,11.504967162822767,11.458052333130139,11.500534323385613,25.069662924971745,11.483763978919031,-0.030715358386732717,0.047485702853315104,11.482619146632082,-0.018758139435811078,0.036673316189341776,test
2024-12-05,11.50026099868753,11.551188689107939,11.429530608660823,11.47826745804751,25.728680862459484,11.486050358869816,-0.029816110848249075,0.02203321002594194,11.485031515780632,-0.026500074608937822,0.019736016875816276,test
2024-12-06,11.483231187120278,11.5331190236859,11.477452420525665,11.51213225986622,25.272233568409224,11.487974399608857,-0.0058290044117729955,0.02998686466913547,11.487068010224373,-0.006177997738115185,0.031242247379962507,test
2024-12-07,11.512092227324139,11.518543482316469,11.503187028046955,11.512158530351043,24.511481693333117,11.489575325030925,-0.00038308314811565667,0.022966288468232676,11.48877253241512,-0.0010119441664649294,0.024397942102385883,test
2024-12-08,11.512144300540726,11.52682829321614,11.500564538828481,11.525209857898817,24.510309392870543,11.490891622422314,-0.013897474608307222,0.048215710084809515,11.490188334170684,-0.016373439926223202,0.051394963654356474,test
2024-12-09,11.525220199026732,11.525570259523226,11.454829230973218,11.486917354679552,25.42987285099703,11.491957231228824,-0.033234489936804154,0.02819461338753193,11.4913524680835,-0.03322643220876958,0.028791318804820776,test
2024-12-10,11.487004750966932,11.495475661362331,11.454461870682131,11.479114561151423,25.375548590258234,11.4928009884618,-0.03040455581816289,0.01671812850778487,11.492291943970969,-0.030178329921142905,0.01700094710159661,test
2024-12-11,11.478914209001388,11.531878313659762,11.469466941192577,11.52458751119053,25.170511346464004,11.493444502749558,0.011474824023160777,0.01966818441781193,11.493021032189333,0.007497680211010544,0.02406879879018753,test
2024-12-12,11.524535849844215,11.53786111241548,11.506303116847258,11.513355372546723,25.00095897747861,11.493907837189507,0.0027879958612960186,0.016659539495920583,11.493554024303187,0.002477465208359496,0.017323883035176735,test
2024-12-13,11.513391840200391,11.53163734762069,11.505228733478381,11.527412595895818,24.76446893452738,11.494209603081552,0.01408163001298186,0.019121362801284292,11.493907532746297,0.012657949061431986,0.020847114088089924,test
2024-12-14,11.52733551469522,11.538777237669983,11.519245995268767,11.52656175471883,24.422663994863953,11.49436728908671,0.004790999922439218,0.02740346570968022,11.494102272259585,0.006254576955489516,0.026204905503755427,test
2024-12-15,11.526567303519917,11.562168280011129,11.5251211078761,11.555014131802283,24.65794844615347,11.494395546540508,0.025768669632020205,0.03484991562975459,11.494157870795087,0.026083977594985357,0.034772283412209504,test
2024-12-16,11.554965067664694,11.587852755176945,11.545615131810035,11.571474699836727,25.2343496899111,11.494307737837142,0.036952832472758,0.040214129526827236,11.494093990086728,0.036110583083563685,0.04127012666643459,test
2024-12-17,11.571483835912781,11.592369026730154,11.564490199314621,11.572519924351502,24.951403328595553,11.494113667298867,0.03194717253406623,0.046459084518568616,11.493926438846955,0.03034602328891365,0.04824746221563281,test
2024-12-18,11.572583001899018,11.575624257970302,11.513340769719271,11.513340769719271,25.265130406950263,11.493817496371307,0.02438426342380095,-0.004860990075837179,11.493663383721046,0.02463770218632206,-0.0049603161880966695,test
2024-12-19,11.513632090251768,11.540036111758155,11.46779921719902,11.48751486427057,25.3002593877078,11.493419407074372,0.019674366524767603,-0.02557890932856921,11.49330612307348,0.020252226727014218,-0.026043485529925192,test
2024-12-20,11.487450673485187,11.493731575767415,11.431446172544437,11.49022913779804,25.383246126103888,11.492918269893325,0.012400840092798696,-0.015089972188082612,11.49285121286487,0.012301030223511646,-0.014923105290341354,test
2024-12-21,11.490231854969675,11.507984293062103,11.476536582173816,11.484780346574635,24.669986540078533,11.492319402264297,0.022888849698594477,-0.03042790538825635,11.492299055827761,0.018459999980284796,-0.025978709233411834,test
2024-12-22,11.484714453243857,11.486173455985542,11.453198682163196,11.462736166218333,24.487901470415096,11.49163690605811,0.025984746952879875,-0.05488548679265648,11.491659494491548,0.02335960006153339,-0.05228292833474946,test
2024-12-23,11.462677840836822,11.476429629738787,11.433916161925149,11.458323990795614,24.901323331320633,11.490892428278439,0.013475230380436933,-0.04604366786326075,11.490952493189106,0.01419026761152423,-0.04681877000501622,test
2024-12-24,11.458303940796924,11.506948262030829,11.445160578094315,11.499597984837491,24.575856275372132,11.49011553237911,0.022767719970477756,-0.013285267512097576,11.490208104792673,0.02352854817061143,-0.014138668125793785,test
2024-12-25,11.499596163827388,11.50769933249863,11.488565851616956,11.505892746375052,24.240775384325186,11.489344659801764,0.011710465633307143,0.004837620939980525,11.489465881399381,0.012663831283318237,0.0037630336923530905,test
2024-12-26,11.505877640398364,11.511770501356455,11.463082516322643,11.469971153155619,24.574582560796554,11.488617313972075,-0.007698052164955035,-0.010948108651501087,11.488764032842141,-0.008091354791383922,-0.010701524895138093,test
2024-12-27,11.469025577760897,11.485501273450271,11.443690516220656,11.452802348291566,24.68255278657687,11.48796419995268,-0.008713255941336753,-0.026448595719777757,11.488133555672936,-0.008046505246392908,-0.02728470213497758,test
2024-12-28,11.452752733223594,11.467152677557445,11.451202060976193,11.463356259171652,23.905786185285265,11.487412486015687,-0.010823620545561387,-0.013232606298473115,11.487601206107621,-0.009727287113654599,-0.014517659822313789,test
2024-12-29,11.4634626488662,11.463471267879727,11.439082878244832,11.446039941750051,24.112251804120675,11.486986612318413,-0.014577757756233645,-0.02636891281212783,11.487189631079026,-0.014424218643357009,-0.02672547068561748,test
2024-12-30,11.446007531916,11.460613971446456,11.42209370297606,11.436510952612036,24.75196911362305,11.486708298259797,-0.01890407025303137,-0.03129327539473081,11.486918692201403,-0.022083924551447122,-0.02832381503792014,test
2024-12-31,11.43651137422946,11.47304679163261,11.428608976232425,11.44495924269144,24.498898666612135,11.486597757083358,-0.012199848543003523,-0.029438665848914525,11.48680718630299,-0.0157597051582459,-0.02608823845330477,test
2025-01-01,11.444915341428288,11.460893657844,11.438073947224213,11.455505629068393,23.922750417824716,11.486674213515581,-0.01109727511581306,-0.02007130933137624,11.486873559346959,-0.010673369171979634,-0.020694561106587628,test
2025-01-02,11.455468890849627,11.49006433237351,11.45319213038305,11.481299339788416,24.552115133822724,11.48695578478597,-0.01876640850340718,0.013109963505852917,11.48713501488873,-0.01667999401589239,0.010844318915577134,test
2025-01-03,11.481246199703182,11.502439822869558,11.472464001180125,11.49381837856739,24.295931400139683,11.487456107001927,-0.016622897176437758,0.022985168741900708,11.48760556415429,-0.010257693464065652,0.016470507877166085,test
2025-01-04,11.49381391916022,11.500188996306196,11.488253361909535,11.495130332219818,23.82976136858084,11.488180550609389,-0.00723111463553458,0.014180896245962415,11.488292598922508,-0.00519197821209723,0.012029711509407903,test
2025-01-05,11.495106712242908,11.500987537523981,11.485469635918685,11.495931491299167,23.74492190760369,11.489124039985754,-0.0003098354833546129,0.007117286796768596,11.489194208000505,-0.00037042329032107614,0.00710770658898241,test
2025-01-06,11.495931411860594,11.53745099043159,11.491968886216092,11.53349334742319,24.67110825276561,11.490270108522859,0.0031341117073818425,0.04008912719294955,11.490297221248964,0.00221214757850733,0.040983978595718895,test
2025-01-07,11.535164842546132,11.539688950359183,11.473486628029683,11.48166906486345,24.795462579372874,11.491593807485122,-0.008946872323013855,-0.0009778702986587007,11.491579151557238,-0.010552794740747416,0.0006427080469588731,test
2025-01-08,11.481684137895282,11.485125813707885,11.435243276369762,11.4620902071416,24.880207336213477,11.493063476486958,-0.03147990758546263,0.0005066382401039959,11.493007630030132,-0.031520263336311,0.0006028404477795846,test
2025-01-09,11.462089796171902,11.465306661365064,11.421038699839226,11.434791357909228,24.862858769919303,11.494642417093315,-0.039817665468525,-0.020033393715561232,11.494542450099305,-0.039012394007356545,-0.020738698182720228,test
2025-01-10,11.434904377835817,11.46971112544833,11.43225857816242,11.458484623618217,24.85134644651855,11.49629164586577,-0.00659327748342719,-0.031213744764125195,11.496139924118891,-0.007110612565556349,-0.030544687935117665,test
2025-01-11,11.458478106379138,11.461397274575718,11.449346982900975,11.457059561067556,23.660356520292083,11.49797470088723,-0.007525203495267208,-0.03338993632440612,11.497759864418466,-0.0072463129067953155,-0.03345399044411401,test
2025-01-12,11.45705039087392,11.465493538108747,11.447986947151316,11.456232751498558,23.762303305692264,11.499657623001768,-0.009149030664341362,-0.0342758408388697,11.49936668318535,-0.008714414561495677,-0.034419517125297006,test
2025-01-13,11.456237547100278,11.470404110689069,11.3993098759823,11.456529949414072,25.013437541538227,11.50130649787817,-0.003987970999736358,-0.04078857746436171,11.500927443856696,-0.0023404792252691873,-0.04205701521735428,test
2025-01-14,11.456556234102287,11.486095376219438,11.454471395955032,11.477651042510978,24.707975498718763,11.502888930005966,0.010726302613833855,-0.03596419010882279,11.502412951936675,0.011674445547492359,-0.036436354973188756,test
2025-01-15,11.477651042510978,11.519873614575793,11.477315288529706,11.517957703989781,24.78035709228702,11.504376946761045,0.026234842321471625,-0.012654085092735912,11.503799557253226,0.025797109857206832,-0.011638963120651269,test
2025-01-16,11.51796571056502,11.52071093836797,11.486216385103068,11.51049156794441,24.714169924348283,11.505751243496372,0.025701652732403973,-0.020961328284366587,11.505072219449426,0.02451078058821424,-0.019091432093230054,test
2025-01-17,11.513183087782622,11.570101574320278,11.512414396897185,11.55657902219035,24.99838871945199,11.507002193589408,0.019435382792455377,0.030141445808487433,11.506223878705628,0.01929403132971578,0.0310611121550064,test
2025-01-18,11.553346929048875,11.560888650143916,11.534947365112599,11.55606225316719,24.644162469572503,11.508125967131086,0.018792041686396584,0.029144244349707193,11.507252793710318,0.018915970440702895,0.029893489016167507,test
2025-01-19,11.556093081726472,11.574018653697923,11.508621528810298,11.523762624256971,25.064339329516194,11.509120265933031,0.009026452918935031,0.005615905405004895,11.508158252125707,0.00903323737208649,0.006571134759177255,test
2025-01-20,11.523704660141233,11.600156576816387,11.507625036284102,11.532891452451818,25.56176750064412,11.509983958994868,0.01788806373664867,0.005019429720301005,11.508939694141006,0.016089974059214363,0.007861784251597115,test
2025-01-21,11.533243431025204,11.582273544430024,11.513964456032035,11.57257328610747,25.208907595200923,11.510715745310067,0.028970391833467706,0.032887148963935076,11.509595757124192,0.02934252165648607,0.03363500732679192,test
2025-01-22,11.572480176283548,11.573967353130717,11.54597588867257,11.548804739229357,24.70999142869452,11.511312254188741,0.017274679424030808,0.020217805616585593,11.510123626111664,0.018330943379101097,0.020350169738591717,test
2025-01-23,11.548849132490911,11.578903525411231,11.5254250654548,11.551763142274645,25.368665842163175,11.511768069229925,0.0325987207942834,0.007396352250436777,11.510519232949443,0.032414043014739574,0.008829866310462009,test
2025-01-24,11.551816045751199,11.581504688650053,11.540269437645787,11.559994953435455,24.681947770711542,11.512079535319433,0.031442140652161006,0.01647327746386118,11.510780126121572,0.031659921691809374,0.017554905622073846,test
2025-01-25,11.560038330880118,11.564034738877048,11.55330296071554,11.55899429538183,23.89668379250445,11.512245977632537,0.007721199191144825,0.03902711855814722,11.51090593139067,0.006722117989775649,0.041366246001382834,test
2025-01-26,11.558980567504317,11.56588453098953,11.537693303023778,11.53939698217602,23.838707994369656,11.512267752718504,-0.004430476172862992,0.03155970563037869,11.510896648100834,-0.003806715488698494,0.03230704956388486,test
2025-01-27,11.53937560245243,11.544560841676658,11.490638316305342,11.533587404324573,25.211976455933243,11.512142780855775,-0.019015483610726067,0.04046010707952341,11.510749553609328,-0.01586073818429517,0.03869858889954081,test
2025-01-28,11.53366308737516,11.549554556425068,11.515304507802325,11.526162237079246,24.577250440176048,11.511864297160315,-0.023695814105614665,0.03799375402454608,11.510457477509119,-0.02309730923722177,0.0388020688073496,test
2025-01-29,11.526014660469059,11.559339519855115,11.52568195684829,11.549288357094099,24.582563993675603,11.511417976493878,-0.02080051165828137,0.05867089225850286,11.510007523178528,-0.02454476077058418,0.0638255946861559,test
2025-01-30,11.54934741813063,11.575137208759653,11.545602201399195,11.559191538682782,24.458927357541008,11.510779509140846,-0.00858957910500704,0.05700160864694226,11.509380470071633,-0.013269382066288504,0.06308045067743784,test
2025-01-31,11.559213095651284,11.571442942198345,11.528246326887878,11.536691047024933,24.54608082240669,11.509916058303652,0.013812267781537976,0.012962720939743377,11.508548945782936,0.013605712680831779,0.014536388561165126,test
2025-02-01,11.5366693046911,11.54010986413877,11.515898151157186,11.519463110916037,24.04678793702745,11.508788989325694,-0.009740086127611439,0.02041420771795366,11.507478392136022,-0.009631196965790165,0.021615915745805125,test
2025-02-02,11.519519070298895,11.52713073172118,11.474351755017228,11.489544002187156,24.867856912727127,11.507363647670724,-0.006971026515076376,-0.010848618968491763,11.506135026392469,-0.0069730553605499455,-0.00961796884476307,test
2025-02-03,11.489463385952776,11.537756330442255,11.421280357505417,11.526881839123929,25.471678856502795,11.50561762387231,0.013701489197350956,0.00756272605426922,11.504493624800862,0.013711680180127393,0.008676534142939119,test
2025-02-04,11.526815734950915,11.530231028175647,11.474268930190394,11.491413945511232,25.013754458655345,11.50353549999324,0.005978893580777215,-0.018100448062787322,11.502533559647821,0.005665441693216894,-0.01678505582980705,test
2025-02-05,11.491477163957567,11.504018020615844,11.473922940564051,11.478493896757145,24.61765245641927,11.501110320971266,-0.0028337990604315215,-0.019782625153689892,11.500241680562244,-0.003032749502822749,-0.018715034302275058,test
2025-02-06,11.478444165583658,11.504576805494377,11.46905039329941,11.478264627316788,24.53662743633512,11.498351072809115,-0.014172097471747245,-0.005914348020580107,11.497622537337525,-0.014518197314858056,-0.004839712705878796,test
2025-02-07,11.478140629969833,11.51446568422335,11.468491567980713,11.477599650617263,24.743987010095697,11.495280275243532,-0.04295749585291193,0.025276871226642683,11.494695849543765,-0.04262580382565794,0.025529604899155345,test
2025-02-08,11.47764286847031,11.481205717875268,11.468999618794756,11.477116437943739,23.834446262257867,11.4919305460784,-0.04844982111416874,0.03363571297950685,11.491491818882125,-0.04619870114285185,0.031823320204466654,test
2025-02-09,11.477104615724203,11.48581406227669,11.458947072193475,11.477299258829197,24.04588533592431,11.488339067934639,-0.026503210836317573,0.015463401730874793,11.488045008635602,-0.02603584328768202,0.015290093481276301,test
2025-02-10,11.477292701197486,11.496117181398931,11.465003782935986,11.486966987082848,24.414117404964756,11.484539555398664,-0.016788835644667186,0.019216267328850734,11.484387029142942,-0.01653292483585036,0.01911288277575629,test
2025-02-11,11.486972920301172,11.497739727505225,11.46031592639745,11.469469062713918,24.347307612459645,11.480560021990021,-0.025513540338286976,0.014422581062182971,11.480544669795956,-0.0246730989286332,0.013597491846594423,test
2025-02-12,11.469450948434359,11.494262626955388,11.452126111145295,11.491557378658236,24.62200997782039,11.476427915228397,-0.010927355214727262,0.026056818644565993,11.47654336014482,-0.010197150900092142,0.02521116941350776,test
2025-02-13,11.491586908738865,11.493855645692653,11.46446721058265,11.478581062043508,24.338156411918618,11.472167926032292,-0.0031039667537977413,0.00951710276501494,11.472406650541416,-0.0028974980189885096,0.009071909521081167,test
2025-02-14,11.47857588732521,11.501049916449245,11.47566799217482,11.487699639934865,24.210579361823772,11.467798921373468,0.006163450876648171,0.013737267684748034,11.468153514750531,0.005722901430205577,0.013823223754128477,test
2025-02-15,11.487693630828543,11.492468021740883,11.484939436963625,11.488431436150794,23.5592556928649,11.463337685232204,0.010723424188210033,0.01437032673037919,11.463800625931656,0.010117175023329116,0.014513635195809726,test
2025-02-16,11.488432877321035,11.48991876636539,11.472738441313298,11.473925052548958,23.52885134024911,11.45879800540395,0.010418503769644904,0.0047085433753633055,11.459361584185679,0.009957885974855344,0.004605582388423457,test
2025-02-17,11.473966398808388,11.482798515477596,11.464192541402522,11.469740084122193,24.031490496822805,11.454194007110534,0.019594270712081176,-0.004048193700421976,11.454850918384016,0.020247897282457804,-0.0053587315442804595,test
2025-02-18,11.469744570640508,11.479320851962518,11.444527087522387,11.467295544207147,24.342948483145847,11.449542910582423,0.004653194312899648,0.013099439311824668,11.450286822584841,0.004801876861559089,0.012206844760745739,test
2025-02-19,11.467222109824982,11.480976424007755,11.461758149489107,11.478702579396478,24.090246888533294,11.444861711702313,0.010572322397532516,0.02326854529663258,11.445686989609444,0.010972581401890906,0.02204300838514328,test
2025-02-20,11.478672262058705,11.500520797326066,11.476704037012945,11.496124490702769,24.17857326334085,11.440168358683822,0.026701590431719435,0.02925454158722829,11.441069892131557,0.02805387347573112,0.02700072509548157,test
2025-02-21,11.496192973157356,11.50789250836544,11.460083191955517,11.47341039605054,24.627432188962572,11.435481187486738,0.027975288709612942,0.009953919854188698,11.436454650864892,0.02858037993390713,0.008375365251740874,test
2025-02-22,11.473500443499423,11.481952272324992,11.469656142246322,11.478103743274835,23.63310380815051,11.430815180839689,0.03980918744446198,0.007479374990683851,11.43185673647335,0.039669841263858516,0.006577165537626328,test
2025-02-23,11.47810422868669,11.479077791153454,11.464475000961164,11.474952760282314,23.55644853212119,11.426177747384864,0.042860228678065854,0.005914784219383407,11.427283353578918,0.04264423907591686,0.0050251676274779555,test
2025-02-24,11.474994713234853,11.477334070417426,11.422691543229075,11.423199554748582,24.508511288974336,11.421570958631476,0.024303063237114158,-0.022674467120008757,11.42273627873214,0.02324210804634963,-0.022778832029908713,test
2025-02-25,11.423406771178186,11.435083679897,11.362198319256692,11.393422885395237,25.24656527347442,11.416996419522313,0.010721400905742591,-0.03429493503281833,11.41821754429643,0.010944111440881837,-0.035738770342074844,test
2025-02-26,11.392325986447016,11.399602779645225,11.316081751528577,11.342694799147559,24.891441425541768,11.412455902859131,-0.012733588335177012,-0.0570275153763955,11.413729778900825,-0.00855225840482525,-0.06248272134844157,test
2025-02-27,11.339486652093925,11.373672377481459,11.328340880740198,11.346920779749356,24.687114242313836,11.407953162418275,-0.018363072270672645,-0.04266931039824762,11.409277315123234,-0.017679103357824907,-0.04467743201605323,test
2025-02-28,11.346937289296907,11.350833741971467,11.267650230478626,11.343002816755343,25.149435791352523,11.40349619302011,-0.01522488020709668,-0.04526849605767147,11.404867896147767,-0.018308872770754606,-0.0435562066216697,test
2025-03-01,11.343013002188407,11.368157517368253,11.336119481955226,11.36247360011833,24.09711354939846,11.399099017149313,-0.004876149390558143,-0.03174926764042496,11.400514076380455,-0.008945599584916636,-0.029094876677207893,test
2025-03-02,11.362524088828168,11.462089302923872,11.350879493492528,11.453688615077729,24.790553320435354,11.394781512928667,0.027751118235636963,0.031155983913425445,11.396233215361631,0.026907834680854677,0.03054756503524203,test
2025-03-03,11.453689361191294,11.455611450789881,11.351362604057902,11.362865910332893,24.97279238326152,11.390565559363557,-0.007241804478411955,-0.020457844552252524,11.392044659577925,-0.007559664377501065,-0.021619084867531058,test
2025-03-04,11.362847301462867,11.39539422381095,11.308717034752972,11.376214110880507,24.944173172109807,11.386473754707673,-0.00831942992103625,-0.0019402139061295287,11.387968945598129,-0.008680390910959717,-0.003074443806660554,test
2025-03-05,11.37622279922761,11.418595468719012,11.366508823681894,11.414469529962206,24.645219133977434,11.382527791379276,0.013600510493545041,0.018341228089385098,11.384026028945026,0.013139837588748248,0.01730366342843226,test
2025-03-06,11.414456253856597,11.438255123177878,11.383410460193732,11.407139598419091,24.589240935006636,11.37874822032409,0.00247653577904202,0.02591484231595942,11.380235278878697,0.0017381393753647372,0.025166180165030028,test
2025-03-07,11.407156879952314,11.420712001067978,11.347079591916284,11.370701220235212,24.91209717428034,11.375151121110841,-0.021635987383378356,0.01718608650774911,11.376612403688398,-0.02133955793373313,0.015428374480546125,test
2025-03-08,11.370701040047065,11.371906287350942,11.35331388597137,11.36389856322745,23.62502353289225,11.371745172124363,-0.02477099759363945,0.016924388696725856,11.373166531330458,-0.02451751973655112,0.015249551633543135,test
2025-03-09,11.36389520809022,11.367565912481593,11.290437753296178,11.2972668199749,24.154000854865597,11.368531329288126,-0.049138113731511994,-0.02212639558171503,11.369899932050654,-0.049614527465452814,-0.02301858461030193,test
2025-03-10,11.297218548712536,11.338047293602676,11.257008093309155,11.27126146401864,24.713380714676337,11.365503139609073,-0.038950828078660425,-0.05529084751177393,11.366808054625874,-0.03673144295725567,-0.05881514764997853,test
2025-03-11,11.271157997656655,11.333532708769601,11.24666888526239,11.324934398113935,24.725181413347332,11.362651017336319,-0.0284081758322271,-0.009308443390155574,11.363883820162075,-0.02723559463418816,-0.011713827413950995,test
2025-03-12,11.324876035187502,11.342831779661667,11.29769117780046,11.3352613579593,24.42094358369601,11.359962396417426,-0.011461492914559527,-0.013239545543566322,11.361118700451348,-0.01210018730485735,-0.01375715518718934,test
2025-03-13,11.335291964607327,11.342157254226644,11.288929695120938,11.303027590200346,24.170485751783215,11.357427349584123,-0.020541177205809273,-0.033858582177968444,11.35850777031127,-0.020312713356861807,-0.03516746675406246,test
2025-03-14,11.303031155899623,11.353499266398968,11.299702076974944,11.33820417158482,24.110638510009142,11.355035029518008,-0.0058780408750571615,-0.010952817058131004,11.356044971242511,-0.005763166350401261,-0.012077633307288949,test
2025-03-15,11.338195891004633,11.346548182533848,11.334272296404997,11.342648393825145,23.33704134899199,11.352779195521018,-0.002634212305041023,-0.007496589390830977,11.353727891868921,-0.0028503616603083822,-0.008229136383468116,test
2025-03-16,11.342532324614659,11.351013428452118,11.314692871309811,11.32151901522367,23.783393035781707,11.350658550266777,-0.002006035617672352,-0.027133499425435303,11.351557776192474,-0.0024307645888683675,-0.02760799637993472,test
2025-03-17,11.32147842863251,11.347169869350608,11.32045849204521,11.339472713797754,23.94584621384054,11.348672477776816,0.001501470500176253,-0.010701234479238764,11.34953513554669,0.0011039596332408726,-0.011166381382176738,test
2025-03-18,11.339473085486588,11.339473085486588,11.304424094186922,11.32319855611556,23.90530233406297,11.346821161168428,0.0003336044916933448,-0.023956209544561347,11.347660184616357,-0.0001319268218132096,-0.024329701678983184,test
2025-03-19,11.323202239565319,11.373906902469772,11.321398385791603,11.371986435539837,24.276668013801157,11.34510302630396,0.013242941699477383,0.01364046753639947,11.34593059781015,0.015079172275381818,0.010976665454304424,test
2025-03-20,11.372202021496001,11.378745469248186,11.334363176982572,11.340560519920608,24.091560787025447,11.343513283070823,0.0012155618599224388,-0.004168325010137863,11.344340379777304,0.0016524161258726381,-0.005432275982569124,test
2025-03-21,11.340528960214886,11.347841760305526,11.328654853723057,11.339086733343768,23.669306285707176,11.342045407186916,0.005855804492912865,-0.008814478336061526,11.342881962502744,0.006844536779267121,-0.010639765938243784,test
2025-03-22,11.339122614466625,11.344671001049159,11.334692911794663,11.336575853122625,23.01207792526283,11.340692189417604,0.02351453092740011,-0.027630867222379507,11.341546525716591,0.024152226331180214,-0.029122898925146856,test
2025-03-23,11.336568863683484,11.363204075919104,11.336127593220262,11.362734642880659,23.256535221314863,11.339450232783651,0.039064864000624075,-0.015780453903616376,11.340328444217258,0.03906534908466183,-0.01665915042126187,test
2025-03-24,11.362926999142056,11.393677029940456,11.356753355379785,11.379381661525835,24.2666166450179,11.338320573790496,0.038681377458290915,0.0023797102770490852,11.33922621117797,0.03844063019859695,0.0017148201492691584,test
2025-03-25,11.379540579441588,11.391236794692674,11.366118664245757,11.379070627242978,24.12465786799648,11.337311153953179,0.039920267323063655,0.0018392059667355909,11.338245787267413,0.03965600321878544,0.0011688367567792568,test
2025-03-26,11.378939504816968,11.388406551955546,11.360490266047169,11.372523470120179,24.008080927913237,11.336441037759176,0.029590762001172544,0.006491670359830337,11.337406051625907,0.02895247230935416,0.006164946184917142,test
2025-03-27,11.372470247150174,11.382665590062524,11.360216349755902,11.375696978623505,23.91840094564905,11.33573775055778,0.02066252493653256,0.01929670312919285,11.336736011335876,0.020741261380933202,0.018219705906695083,test
2025-03-28,11.375790265054455,11.379278172829617,11.333291979632808,11.342767413181491,24.255451114995594,11.335231810566126,-0.001291041338077468,0.00882664395344257,11.336268601162898,0.0016079723593037053,0.00489083965928927,test
2025-03-29,11.342754631952696,11.345303371038518,11.310002843525007,11.321735733173995,23.55467733135199,11.334950483898949,-0.006667352831615915,-0.006547397893337248,11.336033737661982,-0.006225724364106832,-0.008072280123879949,test
2025-03-30,11.321728450125903,11.332661789285718,11.309256668580476,11.318545781574379,23.41544143016514,11.334915119004902,-0.011630539482137027,-0.004738797948386164,11.336055040184732,-0.0132422207146056,-0.00426703789574745,test
2025-03-31,11.318564474165909,11.33702475037916,11.30582614670984,11.321146294325345,24.09070745796003,11.335139194417112,-0.009409325144683293,-0.004583574947083946,11.336347901344775,-0.01160741234041016,-0.0035941946790192247,test
2025-04-01,11.321182730482475,11.356123891844682,11.319696955592008,11.352394814945905,24.06172397806107,11.335629979113172,0.01906205717247433,-0.0022972213397416397,11.336921220199251,0.018385702726071842,-0.002912107979417655,test
2025-04-02,11.352529097478381,11.390384350300335,11.318655275454402,11.320380356594521,24.585770781243397,11.336394127846306,-0.0064440351052129086,-0.009569736146572083,11.337781825982384,-0.00684818653978079,-0.010553282848082546,test
2025-04-03,11.32040176152737,11.33749169537483,11.30568111828514,11.327834013116421,24.330178769570214,11.33743254546534,-0.008765383159338917,-0.0008331491895798848,11.33892964962429,-0.00915504861275659,-0.0019405878951133104,test
2025-04-04,11.3278029892626,11.34682540664282,11.310451199608796,11.336710878892578,24.533425320832468,11.338740368842585,0.0002970902494453607,-0.0023265801994512003,11.340358056487943,-0.0001518975998172794,-0.003495279995547662,test
2025-04-05,11.33672159447484,11.341033517780792,11.319070465548275,11.332659356853563,23.389160073074166,11.34031117973518,-0.008038979492158907,0.0003871566105431157,11.342057682296861,-0.00870776778070221,-0.0006905576625957366,test
2025-04-06,11.332655895130271,11.335050631829905,11.252829274946237,11.267210131632519,24.314941797836273,11.342138062541379,-0.032157171142943884,-0.04277075976591682,11.344017272432106,-0.031763310029122444,-0.045043830770465476,test
2025-04-07,11.267297727427271,11.303673261805566,11.217704105919386,11.280177639160941,25.237004984391557,11.344213731709242,-0.028407132538820833,-0.03562896000948079,11.346223957471844,-0.028076344217877646,-0.03796997409302527,test
2025-04-08,11.27996484049365,11.300027876919481,11.241090802230701,11.242060562933196,24.600999437907497,11.346535442492534,-0.03624766458565435,-0.06822721497368534,11.34866909708795,-0.03736749172957034,-0.06924104242518325,test
2025-04-09,11.242081663127369,11.333092808293145,11.219757329958437,11.321449572370573,25.156622586418088,11.349105392513493,-0.026051922771518583,-0.0016038973714014304,11.351349329922462,-0.025753549023179993,-0.004146208528707618,test
2025-04-10,11.3213529685992,11.322986122665645,11.270294929866685,11.28509771779541,24.52364195625176,11.351925817366038,-0.01281015045234848,-0.05401794911827906,11.354260020321725,-0.011564925992761675,-0.05759737653355401,test
2025-04-11,11.285083981634102,11.341513895955954,11.2763967343731,11.331461571557865,24.4527299481383,11.355004686345772,-0.0015599480929941012,-0.021983166694912626,11.357398551655804,-0.002355644675630601,-0.02358133542230867,test
2025-04-12,11.331457731125695,11.36042893711227,11.323813404805868,11.353778601075085,23.91201473334592,11.358353434021817,-0.01026170088266487,0.005686867935933648,11.36076798587751,-0.010307928565057824,0.003318543762633297,test
2025-04-13,11.353689009900906,11.362279158481115,11.32692122915037,11.334814748849713,24.083536524788087,11.361980554134622,-0.000583625737782384,-0.026582179547126827,11.364372319838548,-0.0006740903047942339,-0.028883480684040563,test
2025-04-14,11.334928823512504,11.359599445017526,11.334882429795089,11.345008351814174,24.252292503598103,11.365889836609808,-0.0017471976427456105,-0.01913428715288923,11.368215534077432,-0.0019373981801652878,-0.02126978408309199,test
2025-04-15,11.34497647002155,11.367082614230977,11.333784687848828,11.334623724159137,24.056909414239083,11.37008087481131,-0.008984908354584546,-0.026472242297588267,11.372301329168275,-0.00923681575112123,-0.028440789258016963,test
2025-04-16,11.334689643899097,11.355432487132557,11.327807407891772,11.338975177403231,24.111641507757692,11.374547821536126,-0.0066283267526943464,-0.028944317380199536,11.376629829839814,-0.006549983862522546,-0.031104668574061023,test
2025-04-17,11.338937152606114,11.355675808554766,11.33558846460823,11.349179312153636,23.780886217547803,11.379280664791123,-0.01017831727388541,-0.019923035363602182,11.381197959900064,-0.010486367972381878,-0.02153227977404626,test
2025-04-18,11.349231580777566,11.35152410934231,11.342123891351715,11.343924450787352,23.267099383132212,11.38426631637075,0.008362347682399383,-0.04870421326579866,11.385999359058312,0.011171759999959967,-0.05324666827092095,test
2025-04-19,11.343925190862915,11.357413729176375,11.342771117837772,11.351152305081861,23.448455018239425,11.389492278273682,-0.0015485654030454308,-0.0367914077887761,11.391028141527789,-0.0008661702306916878,-0.03900966621523594,test
2025-04-20,11.351183531297707,11.354004558464602,11.338296370178734,11.352455079185017,23.408664812630565,11.394947062832134,0.002083147000128101,-0.04457513064724594,11.396279451717158,0.003506958844363299,-0.04733133137650469,test
2025-04-21,11.352422608419198,11.390306811222796,11.352097292865693,11.379610120434208,24.446454689171198,11.400619048103245,0.02043041465909514,-0.04143934232813251,11.401747844514029,0.020770055344530955,-0.0429077794243522,test
2025-04-22,11.379644041100914,11.449105435628931,11.374634549479296,11.445095031483213,24.74681301583251,11.406493295717135,0.04834894145484573,-0.00974720568876819,11.407423150207777,0.04806967009501416,-0.010397788819577869,test
2025-04-23,11.444941933285579,11.456733183591624,11.429141176488391,11.447843963165331,24.45423613198243,11.412551973229741,0.034770173108476056,0.0005218168271134971,11.41329099566847,0.03451678956440059,3.617793245958012e-05,test
2025-04-24,11.447772338361402,11.451222336943747,11.42624178998952,11.450451976903432,24.172719123134346,11.418774926413167,0.034720961942969,-0.003043911452705217,11.419334251891804,0.03447678973016107,-0.0033590647185341993,test
2025-04-25,11.450563240646558,11.469687957842776,11.439263787443013,11.458685728820116,24.43476826012263,11.425136526498214,0.03336349662986943,0.00018570569203291143,11.425529732522245,0.03316439539478231,-8.399096911304582e-06,test
2025-04-26,11.458623949788612,11.464274564593143,11.450275825438718,11.4579087175482,23.59189317384469,11.43160584129752,0.029892423398131873,-0.0035895471474507445,11.431847949401616,0.0298435336461724,-0.0037827654995883364,test
2025-04-27,11.458056377151998,11.464797714221575,11.447484119769632,11.448438609164647,23.618645465887155,11.438150755781919,0.011132010971132028,-0.0008441575884035046,11.438256640397956,0.012573037803184771,-0.0023910690364932208,test
2025-04-28,11.448443525591879,11.467912326843983,11.438856927162039,11.461408461351107,24.200295523269933,11.444739312556038,0.0043797270753851356,0.012289421719684057,11.444721927305704,0.00468162673410261,0.012004907311300883,test
2025-04-29,11.461441198453924,11.466728782448026,11.448884236802009,11.454075151899147,23.973877894528997,11.451339031491916,-0.009109705899442856,0.011845826306673857,11.451208089706212,-0.009037613659993053,0.011904675852928648,test
2025-04-30,11.454092966809219,11.464253157110468,11.44013583021237,11.45325308494014,24.06770518926287,11.45791774783876,-0.015726412703040937,0.011061749804420984,11.457679298056913,-0.016072750645109303,0.01164653752833722,test
2025-05-01,11.453311962712581,11.486971156411137,11.452683118683442,11.477218863862237,24.216005387884287,11.464443936783942,0.00612713973258695,0.006647787345707812,11.464100679355159,0.005632115208344724,0.007486069298733966,test
2025-05-02,11.47724614866218,11.491762076346157,11.476011919481598,11.481538717246854,23.997459982668058,11.470887596815107,-0.0070872608564668035,0.01773838128821481,11.470439562573889,-0.007524948649121083,0.018624103322085972,test
2025-05-03,11.481482606952703,11.481887562341822,11.470240163279206,11.470975718943892,23.48170206402596,11.47722029858677,-0.009785821659661034,0.0035412420167819647,11.476665964892078,-0.010163081933899653,0.004472835985714241,test
2025-05-04,11.470823354576156,11.475420067373692,11.452893358038425,11.454405876964676,23.624615363432355,11.48341651162359,-0.013416131862564016,-0.015594502796348664,11.48275450948484,-0.01381014309879103,-0.014538489421372702,test
2025-05-05,11.454443896735695,11.463663658344977,11.446425187566515,11.458976591757656,23.974270375624158,11.489456961554401,-0.01924897678838189,-0.011231393008364066,11.488687520886401,-0.019800909895694427,-0.009910019233050349,test
2025-05-06,11.458980054830675,11.481323126938008,11.44464511864835,11.480427857234917,24.002343637265124,11.495331352000798,-0.04479220223618818,0.02988870747030603,11.494456895926179,-0.04451455085308088,0.030485512161819273,test
2025-05-07,11.480404290927922,11.488897129771269,11.470324137751032,11.482799401059202,25.066861138843326,11.501034610305615,-0.03362880926909759,0.015393600022685305,11.500058956411182,-0.033381165696581484,0.016121610344601578,test
2025-05-08,11.482819287946437,11.551853241952667,11.481577976482802,11.544825804255485,24.97026573864574,11.50656255256045,-0.026831038576339533,0.06509429027137514,11.505489635886931,-0.03046262908991805,0.06979879745847128,test
2025-05-09,11.544803178399501,11.555002596596252,11.536086112506016,11.542201232986608,24.787127032611906,11.511907063756299,-0.015599834324788115,0.045894003555098095,11.510741853139207,-0.01729415464069864,0.048753534488099604,test
2025-05-10,11.542229000653455,11.561351425682775,11.540837128899684,11.55881932556551,24.46750227484767,11.517060305769972,0.00047836513456251707,0.041280654660976523,11.515809721054037,0.0009877944630017382,0.04202181004847105,test
2025-05-11,11.55886461934697,11.561124904219856,11.546019198381911,11.553168342074358,24.558094950121912,11.522009272126729,0.0065290850222624545,0.024629984925367054,11.520684626866993,0.005601638725367627,0.026882076481996364,test
2025-05-12,11.55317411980269,11.56880901245774,11.521036544050224,11.54066662698379,24.870368480810377,11.526738542487566,-0.00036563593726184323,0.014293720433485646,11.525356961897753,-0.0007717641813619822,0.016081429267398306,test
2025-05-13,11.540662144075563,11.56169107550489,11.527962773797293,11.553777659034473,24.686150695513717,11.531238345929658,0.004846254463847239,0.017693058640967152,11.529822217861238,0.004815385939081656,0.019140055234153408,test
2025-05-14,11.553753809230324,11.555060796685513,11.538771528178156,11.547707631757246,24.550951802286928,11.534315014925772,-0.00010907022641023947,0.013501687057884126,11.532948149326456,-0.00011315519117766743,0.01487263762196811,test
2025-05-15,11.547701972060759,11.55362217676293,11.52723077929986,11.549687779891213,24.643420527245663,11.53727553107133,-0.014395112599696733,0.02680736141958029,11.535977226560883,-0.014502806864496861,0.028213360194827786,test
2025-05-16,11.549601176005062,11.557262723942298,11.543818101530983,11.547223399375895,24.51620119179058,11.54018183759168,-0.014148497734662521,0.021190059518877646,11.538962576707052,-0.013553300767382745,0.021814123436225685,test
2025-05-17,11.547223399375895,11.549420787811263,11.539169845628445,11.544337751360912,24.35817876210515,11.543067000526682,-0.0196632906075781,0.02093404144180866,11.541931622269347,-0.019722407040125785,0.022128536131690524,test
2025-05-18,11.544297700587869,11.576812260343193,11.543867791254254,11.575393166565291,24.633027929616414,11.545941018337155,0.0028212202110808804,0.02663092801705602,11.544891503892975,0.006736866087450231,0.023764796584865522,test
2025-05-19,11.57524776303616,11.581226139077174,11.533832261858501,11.56747216842844,24.846539984854054,11.548803321186362,-0.004671915186544483,0.023340762428622597,11.547840383555554,-0.003655176655315128,0.023286961528199868,test
2025-05-20,11.567464844966553,11.583450256335182,11.554129936096981,11.578629736668999,24.321008857429423,11.551649824831983,-0.0023654670808394345,0.029345378917854603,11.550773716366743,-0.00040916326057090897,0.02826518356282648,test
2025-05-21,11.5786318585667,11.6148000599604,11.572393977808968,11.605304791289088,25.081081282543273,11.554475948538807,0.016983963778905396,0.03384487897137589,11.55368680605699,0.01732307934474595,0.034294905887351845,test
2025-05-22,11.605262978048414,11.625987792485716,11.60171507105626,11.623332755907128,24.97400962972403,11.557277557459384,0.05743214196202091,0.008623056485722813,11.556575556775007,0.05712833469514155,0.009628864436979967,test
2025-05-23,11.62338718194823,11.624457057007701,11.579099878867792,11.583270193353416,24.93610626810628,11.560051204156963,0.029720919145492554,-0.00650192994904053,11.559436617335972,0.02959107037086581,-0.005757494353423098,test
2025-05-24,11.58318360846285,11.603264430557497,11.579605027753981,11.587950896058334,24.54980997407157,11.562794350106863,0.028470186740413028,-0.0033136407889422514,11.56226753504808,0.02837065055566886,-0.0026872895454150836,test
2025-05-25,11.588054026288466,11.601973393197555,11.577620614465937,11.599427792916376,24.58437530412315,11.565505344063682,0.037040815507092185,-0.0031183666543981303,11.565066726520003,0.03733341934808271,-0.0029723529517085012,test
2025-05-26,11.599321314478347,11.611655995971416,11.59667489977305,11.603135088113905,24.55082973079015,11.568183190647032,0.03891119221488104,-0.00395929474800738,11.567833249880287,0.03877859181108624,-0.003476753577468017,test
2025-05-27,11.603135445386036,11.61497841475787,11.58626472109462,11.599053991195117,24.774183909521934,11.570827366763563,0.025245838582996987,0.0029807858485568772,11.570566626645894,0.02509449114390932,0.003392873405314134,test
2025-05-28,11.599031341201092,11.601836020794176,11.578834262787245,11.588054533698786,24.618252087402173,11.573437686979965,0.017022002133895413,-0.002405155415074134,11.5732667066003,0.0172399958638429,-0.0024521687653571433,test
2025-05-29,11.587991844776006,11.598277562700435,11.565274986153815,11.567809005803115,24.7490237316517,11.576014170849565,-0.005318689755176352,-0.0028864752912731717,11.575933536994,-0.0036383037922569023,-0.004486227398627918,test
2025-05-30,11.56785115775363,11.57410471224764,11.549120346254169,11.552132430913632,24.77774779123418,11.578557019736008,-0.021619170494066274,-0.0048054183283099405,11.578567348679162,-0.020194633811074694,-0.00624028395445464,test
2025-05-31,11.552095396064892,11.561021117546115,11.543804920978156,11.55826294978198,24.386772195881083,11.581066591773638,-0.009658654947456932,-0.013144987044201528,11.581168544664827,-0.00983308497616209,-0.01307250990668507,test
2025-06-01,11.558255333979687,11.570104599317728,11.550480879783615,11.567906914942903,24.344857845061867,11.583543402784539,-0.007182754271255341,-0.008453733570380706,11.583737697449534,-0.007534777165131039,-0.0082960053415011,test
2025-06-02,11.567885248314752,11.570801017438125,11.549522999250062,11.570076118835624,24.547980103890108,11.585988161712294,-0.011368536440176947,-0.004543506436492706,11.586275569306512,-0.011604658648180449,-0.004594791822707833,test
2025-06-03,11.57014171169338,11.578840333194956,11.560961476266428,11.565825920781705,24.556170055727844,11.588401710998916,-0.02888887935327512,0.00631308913606432,11.588783050153824,-0.029083542326873938,0.006126412954754912,test
2025-06-04,11.565843926458045,11.571172630405004,11.55438120838922,11.559159836358143,24.51976254325665,11.590784937833378,-0.03260529156357556,0.0009801900883399384,11.591261071309548,-0.03289036202888476,0.000789127077480245,test
2025-06-05,11.559339296467785,11.570596906910975,11.517284777345866,11.528562104026278,24.77469069211545,11.593138667931544,-0.056619717981015755,-0.007956845924249834,11.593710500724734,-0.056589529525589,-0.00855886717286758,test
2025-06-06,11.528546490957122,11.565297524581286,11.524553301884403,11.555892457815832,24.61215641287434,11.595463706005987,-0.038698206511524356,-0.0008730416786306705,11.596132185553708,-0.03853018689003583,-0.00170954084784114,test
2025-06-07,11.555895375705978,11.570937338176767,11.552024175489183,11.567561603323854,24.370412302987486,11.597760907132745,-0.013832062784295584,-0.016367241024594748,11.598527029052885,-0.020793278984809833,-0.010172146744221067,test
2025-06-08,11.567579430072671,11.575872681591598,11.562432782399968,11.569245762577756,24.32403055092578,11.600031156722297,-0.003916645548088894,-0.02686874859645272,11.600895956018928,-0.007822406485045747,-0.023827786956125863,test
2025-06-09,11.56923985483324,11.61332649980881,11.565520138995845,11.610905727837089,24.74688734844503,11.602275528500712,0.01594365476183009,-0.0073134554254536965,11.60324000650632,0.015370676179400857,-0.007704954848632539,test
2025-06-10,11.610920106562473,11.611685369444382,11.593285453689425,11.610571409296906,24.725131402131307,11.604495368429316,0.015052487831073045,-0.008976446963481877,11.605560439473862,0.014103575492814376,-0.009092605669771103,test
2025-06-11,11.610512737502669,11.610512737502669,11.600012151624014,11.60620076307913,24.68737301550605,11.606692103143406,0.009561093766658714,-0.010052433830933794,11.607858595232726,0.008841316061342232,-0.010499148214938359,test
